-- MySQL dump 10.13  Distrib 5.5.9, for Win32 (x86)
--
-- Host: localhost    Database: sparepart
-- ------------------------------------------------------
-- Server version	5.5.9

/*!40101 SET @OLD_CHARACTER_SET_CLIENT=@@CHARACTER_SET_CLIENT */;
/*!40101 SET @OLD_CHARACTER_SET_RESULTS=@@CHARACTER_SET_RESULTS */;
/*!40101 SET @OLD_COLLATION_CONNECTION=@@COLLATION_CONNECTION */;
/*!40101 SET NAMES utf8 */;
/*!40103 SET @OLD_TIME_ZONE=@@TIME_ZONE */;
/*!40103 SET TIME_ZONE='+00:00' */;
/*!40014 SET @OLD_UNIQUE_CHECKS=@@UNIQUE_CHECKS, UNIQUE_CHECKS=0 */;
/*!40014 SET @OLD_FOREIGN_KEY_CHECKS=@@FOREIGN_KEY_CHECKS, FOREIGN_KEY_CHECKS=0 */;
/*!40101 SET @OLD_SQL_MODE=@@SQL_MODE, SQL_MODE='NO_AUTO_VALUE_ON_ZERO' */;
/*!40111 SET @OLD_SQL_NOTES=@@SQL_NOTES, SQL_NOTES=0 */;

--
-- Table structure for table `adjustdetail`
--

DROP TABLE IF EXISTS `adjustdetail`;
/*!40101 SET @saved_cs_client     = @@character_set_client */;
/*!40101 SET character_set_client = utf8 */;
CREATE TABLE `adjustdetail` (
  `idAdjust` int(11) NOT NULL DEFAULT '0',
  `faktur` varchar(50) DEFAULT NULL,
  `kode` varchar(20) DEFAULT NULL,
  `nama` varchar(100) DEFAULT NULL,
  `kategori` varchar(50) DEFAULT NULL,
  `merk` varchar(50) DEFAULT NULL,
  `seri` varchar(50) DEFAULT NULL,
  `keterangan` varchar(255) DEFAULT NULL,
  `qtybefore` double(15,3) DEFAULT '0.000',
  `qtyafter` double(15,3) DEFAULT '0.000',
  `hargabeli` double(15,3) DEFAULT '0.000',
  `hargajual` double(15,3) DEFAULT '0.000',
  `diskon` float(9,3) DEFAULT '0.000',
  `diskonrp` double(15,3) DEFAULT '0.000',
  `satuan` varchar(20) DEFAULT NULL,
  `subtotal` double(15,3) DEFAULT '0.000'
) ENGINE=InnoDB DEFAULT CHARSET=latin1 COMMENT='InnoDB free: 731136 kB';
/*!40101 SET character_set_client = @saved_cs_client */;

--
-- Dumping data for table `adjustdetail`
--

LOCK TABLES `adjustdetail` WRITE;
/*!40000 ALTER TABLE `adjustdetail` DISABLE KEYS */;
/*!40000 ALTER TABLE `adjustdetail` ENABLE KEYS */;
UNLOCK TABLES;

--
-- Table structure for table `adjustmaster`
--

DROP TABLE IF EXISTS `adjustmaster`;
/*!40101 SET @saved_cs_client     = @@character_set_client */;
/*!40101 SET character_set_client = utf8 */;
CREATE TABLE `adjustmaster` (
  `idAdjust` int(11) NOT NULL AUTO_INCREMENT,
  `faktur` varchar(50) NOT NULL,
  `tanggal` date DEFAULT NULL,
  `waktu` time DEFAULT NULL,
  `operator` varchar(50) DEFAULT NULL,
  `totaladjust` double(15,3) DEFAULT '0.000',
  `isposted` int(11) DEFAULT '0' COMMENT '-1 = batal posting\r\n0 = belum posting\r\n1 = sudah posting',
  `kodegudang` varchar(10) NOT NULL DEFAULT 'TK',
  PRIMARY KEY (`idAdjust`),
  UNIQUE KEY `faktur` (`faktur`)
) ENGINE=InnoDB DEFAULT CHARSET=latin1 COMMENT='InnoDB free: 731136 kB';
/*!40101 SET character_set_client = @saved_cs_client */;

--
-- Dumping data for table `adjustmaster`
--

LOCK TABLES `adjustmaster` WRITE;
/*!40000 ALTER TABLE `adjustmaster` DISABLE KEYS */;
/*!40000 ALTER TABLE `adjustmaster` ENABLE KEYS */;
UNLOCK TABLES;

--
-- Table structure for table `buydetail`
--

DROP TABLE IF EXISTS `buydetail`;
/*!40101 SET @saved_cs_client     = @@character_set_client */;
/*!40101 SET character_set_client = utf8 */;
CREATE TABLE `buydetail` (
  `idBeli` int(11) NOT NULL,
  `faktur` varchar(50) NOT NULL DEFAULT '',
  `kode` varchar(20) DEFAULT NULL,
  `nama` varchar(100) DEFAULT NULL,
  `kategori` varchar(50) DEFAULT NULL,
  `merk` varchar(50) DEFAULT NULL,
  `seri` varchar(50) DEFAULT NULL,
  `satuan` varchar(20) DEFAULT NULL,
  `hargabeli` double(15,3) DEFAULT '0.000',
  `diskon` float(9,3) DEFAULT '0.000',
  `quantity` double(15,3) DEFAULT '0.000',
  `harganondiskon` double(15,3) DEFAULT '0.000',
  `isposted` tinyint(1) NOT NULL DEFAULT '1',
  `subtotal` double(15,3) NOT NULL DEFAULT '0.000',
  `barcode` varchar(80) DEFAULT NULL,
  KEY `faktur` (`faktur`)
) ENGINE=InnoDB DEFAULT CHARSET=latin1 COMMENT='InnoDB free: 731136 kB';
/*!40101 SET character_set_client = @saved_cs_client */;

--
-- Dumping data for table `buydetail`
--

LOCK TABLES `buydetail` WRITE;
/*!40000 ALTER TABLE `buydetail` DISABLE KEYS */;
INSERT INTO `buydetail` VALUES (1,'B01-18080001','020001','test','tes','-','','pcs',1000.000,0.000,200.000,1050.000,1,200000.000,'020001000001'),(2,'B01-18080002','020001','test','tes','-','','pcs',1000.000,0.000,2.000,1050.000,1,2000.000,'020001000001'),(2,'B01-18080002','00119090','kjljlk','opopoppo','poio','','pcs',9000.000,0.000,5.000,9450.000,1,45000.000,'010011000001'),(3,'B01-18090001','020001','test','tes','-','','pcs',1000.000,0.000,3.000,1050.000,1,3000.000,'020001000001'),(4,'B01-18090002','020001','test','tes','-','','pcs',1000.000,0.000,3.000,1050.000,1,3000.000,'020001000001');
/*!40000 ALTER TABLE `buydetail` ENABLE KEYS */;
UNLOCK TABLES;

--
-- Table structure for table `buymaster`
--

DROP TABLE IF EXISTS `buymaster`;
/*!40101 SET @saved_cs_client     = @@character_set_client */;
/*!40101 SET character_set_client = utf8 */;
CREATE TABLE `buymaster` (
  `idBeli` int(11) NOT NULL AUTO_INCREMENT,
  `faktur` varchar(50) NOT NULL DEFAULT '',
  `noinvoice` varchar(50) NOT NULL DEFAULT '',
  `tanggal` date DEFAULT NULL,
  `waktu` time DEFAULT NULL,
  `kasir` varchar(50) DEFAULT NULL,
  `kodesupplier` varchar(20) DEFAULT NULL,
  `supplier` varchar(100) DEFAULT NULL,
  `alamat` varchar(250) DEFAULT NULL,
  `kota` varchar(100) DEFAULT NULL,
  `pembayaran` varchar(20) DEFAULT NULL,
  `nogiro` varchar(20) DEFAULT NULL,
  `tgljatuhtempo` date DEFAULT NULL,
  `tempohari` tinyint(4) DEFAULT '0',
  `subtotal` double(15,3) DEFAULT '0.000',
  `ppn` double(15,3) DEFAULT '0.000',
  `total` double(15,3) DEFAULT '0.000',
  `diskon` double(15,3) DEFAULT '0.000',
  `diskonrp` double(15,3) DEFAULT '0.000',
  `grandtotal` double(15,3) DEFAULT '0.000',
  `DP` double(15,3) DEFAULT '0.000',
  `kurang` double(15,3) DEFAULT '0.000',
  `isposted` tinyint(1) DEFAULT '0',
  `lunas` tinyint(1) DEFAULT '0',
  `totalpayment` double(15,3) DEFAULT '0.000',
  `bayarskrg` double(15,3) DEFAULT '0.000',
  `checked` tinyint(1) DEFAULT '0',
  `kodegudang` varchar(20) NOT NULL,
  `pono` varchar(50) DEFAULT NULL,
  `IDuserposted` int(11) NOT NULL,
  PRIMARY KEY (`idBeli`),
  UNIQUE KEY `faktur_2` (`faktur`),
  KEY `faktur` (`faktur`),
  KEY `pono` (`pono`),
  CONSTRAINT `buymaster_fk` FOREIGN KEY (`pono`) REFERENCES `purchaseorder` (`pono`)
) ENGINE=InnoDB AUTO_INCREMENT=5 DEFAULT CHARSET=latin1 COMMENT='InnoDB free: 11264 kB; InnoDB free: 731136 kB';
/*!40101 SET character_set_client = @saved_cs_client */;

--
-- Dumping data for table `buymaster`
--

LOCK TABLES `buymaster` WRITE;
/*!40000 ALTER TABLE `buymaster` DISABLE KEYS */;
INSERT INTO `buymaster` VALUES (1,'B01-18080001','1212','2018-08-27','13:29:09','OWNER','TS','TEST','','','CREDIT',NULL,'2018-08-30',3,200000.000,0.000,0.000,0.000,0.000,200000.000,0.000,0.000,1,0,0.000,0.000,0,'SL',NULL,1),(2,'B01-18080002','9090','2018-08-29','02:32:39','OWNER','TS','TEST','','','CREDIT',NULL,'2018-08-31',2,47000.000,0.000,0.000,0.000,0.000,47000.000,0.000,0.000,1,0,0.000,0.000,0,'SL',NULL,1),(3,'B01-18090001','9098','2018-09-03','12:49:45','OWNER','TS','TEST','','','CREDIT',NULL,'2018-09-27',24,3000.000,0.000,0.000,0.000,0.000,3000.000,0.000,0.000,1,0,0.000,0.000,0,'SL',NULL,1),(4,'B01-18090002','08080','2018-09-03','12:53:16','OWNER','TS','TEST','','','CREDIT',NULL,'2018-09-28',25,3000.000,0.000,0.000,0.000,0.000,3000.000,0.000,0.000,1,0,0.000,0.000,0,'SL',NULL,1);
/*!40000 ALTER TABLE `buymaster` ENABLE KEYS */;
UNLOCK TABLES;

--
-- Table structure for table `buypayment`
--

DROP TABLE IF EXISTS `buypayment`;
/*!40101 SET @saved_cs_client     = @@character_set_client */;
/*!40101 SET character_set_client = utf8 */;
CREATE TABLE `buypayment` (
  `faktur` varchar(50) NOT NULL DEFAULT '',
  `kodesupplier` varchar(20) NOT NULL DEFAULT '',
  `supplier` varchar(100) DEFAULT NULL,
  `tanggal` date NOT NULL,
  `waktu` time NOT NULL,
  `kasir` varchar(50) DEFAULT NULL,
  `transfer` double(15,3) DEFAULT '0.000',
  `tunai` double(15,3) DEFAULT '0.000',
  `bg` double(15,3) DEFAULT '0.000',
  `totalhutangfaktur` double(15,3) DEFAULT '0.000',
  `totalretur` double(15,3) DEFAULT '0.000',
  `diskonrp` double(15,3) DEFAULT '0.000',
  `tanggalinput` date NOT NULL,
  `notes` varchar(500) DEFAULT NULL,
  `isposted` tinyint(1) DEFAULT '0',
  `saldo_hutang` double(15,3) DEFAULT '0.000',
  PRIMARY KEY (`faktur`)
) ENGINE=InnoDB DEFAULT CHARSET=latin1 COMMENT='InnoDB free: 731136 kB';
/*!40101 SET character_set_client = @saved_cs_client */;

--
-- Dumping data for table `buypayment`
--

LOCK TABLES `buypayment` WRITE;
/*!40000 ALTER TABLE `buypayment` DISABLE KEYS */;
/*!40000 ALTER TABLE `buypayment` ENABLE KEYS */;
UNLOCK TABLES;

--
-- Table structure for table `buypaymentbg`
--

DROP TABLE IF EXISTS `buypaymentbg`;
/*!40101 SET @saved_cs_client     = @@character_set_client */;
/*!40101 SET character_set_client = utf8 */;
CREATE TABLE `buypaymentbg` (
  `faktur` varchar(50) NOT NULL DEFAULT '',
  `tgl` date DEFAULT NULL,
  `transfer` double(15,3) DEFAULT '0.000',
  `bg` double(15,3) DEFAULT '0.000',
  `bgno` varchar(50) DEFAULT NULL,
  `bgbank` varchar(200) DEFAULT NULL,
  `bgtempo` date DEFAULT NULL,
  `tobank` varchar(200) DEFAULT NULL
) ENGINE=InnoDB DEFAULT CHARSET=latin1 COMMENT='InnoDB free: 731136 kB';
/*!40101 SET character_set_client = @saved_cs_client */;

--
-- Dumping data for table `buypaymentbg`
--

LOCK TABLES `buypaymentbg` WRITE;
/*!40000 ALTER TABLE `buypaymentbg` DISABLE KEYS */;
/*!40000 ALTER TABLE `buypaymentbg` ENABLE KEYS */;
UNLOCK TABLES;

--
-- Table structure for table `customer`
--

DROP TABLE IF EXISTS `customer`;
/*!40101 SET @saved_cs_client     = @@character_set_client */;
/*!40101 SET character_set_client = utf8 */;
CREATE TABLE `customer` (
  `IDcustomer` int(11) NOT NULL AUTO_INCREMENT,
  `kode` varchar(20) NOT NULL DEFAULT '',
  `nama` varchar(100) DEFAULT NULL,
  `alamat` varchar(250) DEFAULT NULL,
  `alamat2` varchar(255) DEFAULT NULL,
  `kota` varchar(100) DEFAULT NULL,
  `kota2` varchar(255) DEFAULT NULL,
  `kodepos` varchar(10) DEFAULT NULL,
  `telephone` varchar(50) DEFAULT NULL,
  `telephone2` varchar(50) DEFAULT NULL,
  `fax` varchar(50) DEFAULT NULL,
  `email` varchar(150) DEFAULT NULL,
  `website` varchar(200) DEFAULT NULL,
  `cp` varchar(100) DEFAULT NULL,
  `hp` varchar(30) DEFAULT NULL,
  `hp2` varchar(30) DEFAULT NULL,
  `hobby` varchar(255) DEFAULT NULL,
  `notes` varchar(500) DEFAULT NULL,
  `tglreg` date DEFAULT NULL,
  `tgllahir` date DEFAULT NULL,
  `tglnoneffective` date DEFAULT NULL,
  `npwp` varchar(80) DEFAULT NULL,
  PRIMARY KEY (`kode`),
  UNIQUE KEY `IDcustomer` (`IDcustomer`)
) ENGINE=InnoDB AUTO_INCREMENT=2 DEFAULT CHARSET=latin1 COMMENT='InnoDB free: 731136 kB';
/*!40101 SET character_set_client = @saved_cs_client */;

--
-- Dumping data for table `customer`
--

LOCK TABLES `customer` WRITE;
/*!40000 ALTER TABLE `customer` DISABLE KEYS */;
INSERT INTO `customer` VALUES (1,'UM','UMUM',NULL,NULL,NULL,NULL,NULL,NULL,NULL,NULL,NULL,NULL,NULL,NULL,NULL,NULL,NULL,NULL,NULL,NULL,NULL);
/*!40000 ALTER TABLE `customer` ENABLE KEYS */;
UNLOCK TABLES;

--
-- Table structure for table `diskon`
--

DROP TABLE IF EXISTS `diskon`;
/*!40101 SET @saved_cs_client     = @@character_set_client */;
/*!40101 SET character_set_client = utf8 */;
CREATE TABLE `diskon` (
  `IDdiskon` int(11) NOT NULL AUTO_INCREMENT,
  `docno` varchar(30) NOT NULL DEFAULT '',
  `doctgl` date DEFAULT NULL,
  `tglawal` date NOT NULL,
  `tglakhir` date NOT NULL,
  `isactive` tinyint(1) NOT NULL DEFAULT '1',
  `notes` varchar(500) DEFAULT NULL,
  `IDuserposted` int(11) DEFAULT NULL,
  `usernameposted` varchar(50) DEFAULT NULL,
  `posted` datetime DEFAULT NULL,
  PRIMARY KEY (`IDdiskon`),
  UNIQUE KEY `faktur` (`docno`),
  UNIQUE KEY `docno` (`docno`)
) ENGINE=InnoDB AUTO_INCREMENT=24 DEFAULT CHARSET=latin1;
/*!40101 SET character_set_client = @saved_cs_client */;

--
-- Dumping data for table `diskon`
--

LOCK TABLES `diskon` WRITE;
/*!40000 ALTER TABLE `diskon` DISABLE KEYS */;
INSERT INTO `diskon` VALUES (1,'PD0S-1803001','2018-03-03','2018-03-04','2018-03-31',1,'diskon 4 hari',7,'IKIN','2018-03-03 10:48:29'),(5,'PD0S-1803002','2018-03-03','2018-03-03','2018-03-03',1,'DISKON FASHION',7,'IKIN','2018-03-03 21:13:18'),(6,'PD0S-1803003','2018-03-04','2018-03-04','2018-03-05',1,'diskon 4 hari',7,'IKIN','2018-03-04 13:59:11'),(7,'PD0S-1803004','2018-03-04','2018-03-04','2018-03-04',1,'',7,'IKIN','2018-03-04 13:51:28'),(8,'PD0S-1803005','2018-03-04','2018-03-04','2018-03-04',1,'DISKON FASHION',7,'IKIN','2018-03-04 13:21:19'),(9,'PD0S-1803006','2018-03-05','2018-03-05','2018-12-30',1,'DISKON FASHION',7,'IKIN','2018-03-05 13:47:52'),(14,'PD0S-1803011','2018-03-15','2018-03-15','2018-03-18',1,'DISKON BAZAR',7,'IKIN','2018-03-16 10:29:13'),(16,'PD0S-1803013','2018-03-17','2018-03-20','2018-12-30',1,'KEMEJA',7,'IKIN','2018-03-20 16:13:16'),(21,'PD0S-1803015','2018-03-20','2018-03-20','2018-04-02',1,'PROMO 14 HARI',7,'IKIN','2018-03-20 17:10:41'),(22,'PD0S-1803016','2018-03-20','2018-03-20','2018-03-23',1,'DISKON 4HARI',7,'IKIN','2018-03-20 17:11:17'),(23,'PD0S-1803017','2018-03-23','2018-03-23','2018-03-26',1,'DISKON 4HARI',13,'RAHMAT','2018-03-23 13:13:00');
/*!40000 ALTER TABLE `diskon` ENABLE KEYS */;
UNLOCK TABLES;

--
-- Table structure for table `diskondet`
--

DROP TABLE IF EXISTS `diskondet`;
/*!40101 SET @saved_cs_client     = @@character_set_client */;
/*!40101 SET character_set_client = utf8 */;
CREATE TABLE `diskondet` (
  `IDdiskon` int(11) NOT NULL,
  `IDproduct` int(11) unsigned NOT NULL,
  `kode` varchar(20) DEFAULT NULL,
  `nama` varchar(100) DEFAULT NULL,
  `satuan` varchar(20) DEFAULT NULL,
  `hargajual` double(15,3) NOT NULL DEFAULT '0.000',
  `diskonrp` double(15,3) NOT NULL DEFAULT '0.000',
  `minqty` double(15,3) NOT NULL DEFAULT '0.000',
  `maxqty` double(15,3) NOT NULL DEFAULT '0.000',
  `hargabeli` double(15,3) NOT NULL DEFAULT '0.000'
) ENGINE=InnoDB DEFAULT CHARSET=latin1;
/*!40101 SET character_set_client = @saved_cs_client */;

--
-- Dumping data for table `diskondet`
--

LOCK TABLES `diskondet` WRITE;
/*!40000 ALTER TABLE `diskondet` DISABLE KEYS */;
INSERT INTO `diskondet` VALUES (1,369,'111115363','PEPSODENT PG 12JAM 75GR','pcs',3800.000,400.000,0.000,0.000,0.000),(1,493,'111120957','MOLTO DETERGEN BBK GOLD 1.4KG','pcs',33200.000,1200.000,0.000,0.000,0.000),(1,1433,'126105006','MINYAK GORENG MAKNYUS 2000ML','pcs',23900.000,1000.000,0.000,0.000,0.000),(1,1731,'132105008','SEDAAP MIE GORENG 90 GR','pcs',2200.000,300.000,0.000,0.000,0.000),(1,1753,'132105057','MINYAK GORENG SEDAAP 2L','pcs',23300.000,1800.000,0.000,0.000,0.000),(1,2288,'138110033','FRESTEA FRUTCY MARKISA.B 500ML','pcs',5000.000,200.000,0.000,0.000,0.000),(1,4643,'211115111','LIFEBUOY TS VITA PROTECCT 85GR','pcs',2800.000,210.000,0.000,0.000,0.000),(5,6888,'706006298','EDREA BLUS SLR T,TEROMPET','pcs',62500.000,31500.000,0.000,0.000,0.000),(5,7679,'708006115','LYSSA BLUS PLS TGN BALON','pcs',84950.000,42475.000,0.000,0.000,0.000),(8,7679,'708006115','LYSSA BLUS PLS TGN BALON','pcs',84950.000,42475.000,0.000,0.000,0.000),(8,7687,'708006154','LYSSA BLUS TALI WRN TEROMPET','pcs',69950.000,34975.000,0.000,0.000,0.000),(8,7688,'708006155','LYSSA BLUS  KOMB RMPI','pcs',74950.000,37475.000,0.000,0.000,0.000),(8,7700,'708006248','LAFREYA DRESS V SLR BULU','pcs',89950.000,44975.000,0.000,0.000,0.000),(8,7701,'708006249','LAFREYA DRESS U SLR BULU','pcs',89950.000,44975.000,0.000,0.000,0.000),(7,4,'103105003','DEKA CHOCONUT ROLL 12G','pcs',900.000,10.000,0.000,0.000,0.000),(7,5,'103105006','DEKA WFER ROOL CHOCO 12G','pcs',900.000,10.000,0.000,0.000,0.000),(7,1487,'128105721','PERMEN GAGANG CHUPA CHUPS','pcs',1100.000,10.000,0.000,0.000,0.000),(6,369,'111115363','PEPSODENT PG 12JAM 75GR','pcs',3800.000,400.000,1.000,10.000,0.000),(6,493,'111120957','MOLTO DETERGEN BBK GOLD 1.4KG','pcs',33200.000,1200.000,1.000,10.000,0.000),(6,1433,'126105006','MINYAK GORENG MAKNYUS 2000ML','pcs',23900.000,1000.000,1.000,10.000,0.000),(6,1731,'132105008','SEDAAP MIE GORENG 90 GR','pcs',2200.000,300.000,1.000,40.000,0.000),(6,1753,'132105057','MINYAK GORENG SEDAAP 2L','pcs',23300.000,1800.000,1.000,10.000,0.000),(6,2288,'138110033','FRESTEA FRUTCY MARKISA.B 500ML','pcs',5000.000,200.000,1.000,10.000,0.000),(6,4643,'211115111','LIFEBUOY TS VITA PROTECCT 85GR','pcs',2800.000,210.000,1.000,10.000,0.000),(9,4856,'606011067','ZZ JEANS ST SHORTS NB,RN','pcs',94950.000,33951.000,1.000,10.000,0.000),(9,5294,'612009053','2 DAY OB WRN (L) PDK','pcs',39950.000,14950.000,1.000,10.000,0.000),(9,5295,'612009054','2 DAY OB DISTRO WRN PDK','pcs',44950.000,14950.000,1.000,10.000,0.000),(9,5296,'612009057','2 DAY OB WRN (M) PDK','pcs',34950.000,14950.000,1.000,10.000,0.000),(9,5297,'612011055','DC JEANS SHORTS,KEIT','pcs',84950.000,29951.000,1.000,10.000,0.000),(9,5521,'701011055','LOISE JEANS SHORTS,KEIT','pcs',84950.000,29951.000,1.000,10.000,0.000),(9,5779,'702011058','LOISE JEANS SHORTS,KEIT','pcs',79950.000,29951.000,1.000,10.000,0.000),(9,6006,'703009058','EM OB DLXE (M) PDK','pcs',34950.000,14950.000,1.000,10.000,0.000),(9,6008,'703009106','2DAY OB WRN (L) PDK','pcs',39950.000,14950.000,1.000,10.000,0.000),(9,6009,'703009107','2DAY OB WRN (XL) PDK','pcs',44950.000,14950.000,1.000,10.000,0.000),(9,6479,'705009053','JIMZ SEMI V WRN PDK','pcs',32500.000,12500.000,1.000,10.000,0.000),(9,6480,'705009054','JIMZ SEMI WRN PDK','pcs',32500.000,12500.000,1.000,10.000,0.000),(9,6481,'705009055','JIMZ SEMI HTM GBR PDK','pcs',32500.000,12500.000,1.000,10.000,0.000),(9,6482,'705009056','JIMZ SEMI HTM PDK','pcs',29950.000,14950.000,1.000,10.000,0.000),(9,6483,'705009057','D&B OB DWS WRN PDK','pcs',36500.000,11500.000,1.000,10.000,0.000),(9,6484,'705009064','D&B JKS HTM PDK','pcs',19950.000,4950.000,1.000,10.000,0.000),(9,6498,'705011052','YBL DRESS PANTS SLIMFIT WRN,AS','pcs',84960.000,29961.000,1.000,10.000,0.000),(9,6499,'705011054','YBL DRESS PANTS SLIMFIT WRN,AS','pcs',89960.000,31461.000,1.000,10.000,0.000),(9,6500,'705011055','YBL DRESS PANTS WRN NK,AS','pcs',84960.000,29961.000,1.000,10.000,0.000),(9,6501,'705011056','YBL DRESS PANTS WRN NB,AS','pcs',89960.000,31461.000,1.000,10.000,0.000),(9,6502,'705011060','YBL DRESS PANTS SLR NK,AS','pcs',104960.000,36961.000,1.000,10.000,0.000),(9,6503,'705011061','YBL DRESS PANTS SLIMFIT SLR,AS','pcs',109960.000,39961.000,1.000,10.000,0.000),(9,6504,'705011062','YBL DRESS PANTS SLIMFIT MTF,AS','pcs',104960.000,39961.000,1.000,10.000,0.000),(9,6505,'705011063','YBL DRESS PANTS SLIMFIT TFLN','pcs',109960.000,3961.000,1.000,10.000,0.000),(9,6506,'705011064','YBL DRESS PANTS SLIMFIT TFLN','pcs',114960.000,40960.000,1.000,10.000,0.000),(9,6507,'705011065','YBL DRESS PANTS WRN,NB,AS','pcs',89960.000,31461.000,1.000,10.000,0.000),(9,6899,'706009052','MOC JKS KIMONO PJG','pcs',29950.000,14950.000,1.000,10.000,0.000),(9,6900,'706009134','SOUNDTRAX OB FSHN PDK','pcs',39950.000,14950.000,1.000,10.000,0.000),(9,6901,'706009136','TWODAY OB DISTRO (M) PDK','pcs',32500.000,12500.000,1.000,10.000,0.000),(9,6902,'706009137','TWODAY OB DISTRO (L) PDK','pcs',39950.000,14950.000,1.000,10.000,0.000),(9,6903,'706009145','TWODAY OB COMBED PDK','pcs',44950.000,14950.000,1.000,10.000,0.000),(9,6912,'706011051','BESTAVROS JEANS SHORTS NB,RN','pcs',89950.000,31451.000,1.000,10.000,0.000),(9,6913,'706011052','X77 JEANS SHORTS NB,RN','pcs',94950.000,33951.000,1.000,10.000,0.000),(9,6914,'706011053','BESTAVROS JEANS SHORTS NK,RN','pcs',84950.000,29950.000,1.000,10.000,0.000),(9,6915,'706011073','ALSSA JEANS SHORTS NK,RN','pcs',84950.000,29950.000,1.000,10.000,0.000),(9,6916,'706011074','GITMA JEANS SHORTS NK,RN','pcs',79950.000,27951.000,1.000,10.000,0.000),(9,6917,'706011081','X77 JEANS SHORTS NK,RN','pcs',84950.000,29950.000,1.000,10.000,0.000),(9,6918,'706011098','GESTO JEANS SHORTS NK,RN','pcs',84950.000,29950.000,1.000,10.000,0.000),(9,6919,'706011099','BILLOGET JEANS SHORTS NK,RN','pcs',84950.000,29950.000,1.000,10.000,0.000),(9,6920,'706011101','MERA JEANS PNSL SOFT,RN','pcs',119960.000,42010.000,1.000,10.000,0.000),(9,6921,'706011102','BILLOGET JEANS SHORTS NK,RN','pcs',84950.000,29950.000,1.000,10.000,0.000),(9,6922,'706011103','GESTO JEANS SHORTS NK,RN','pcs',84950.000,29950.000,1.000,10.000,0.000),(9,6923,'706011106','BILLOGET JEANS SHORTS NK,RN','pcs',84950.000,29950.000,1.000,10.000,0.000),(9,6924,'706011117','BESTAVROS JEANS SHORTS NK,RN','pcs',84950.000,29950.000,1.000,10.000,0.000),(9,6925,'706011122','DLOISDS JEANS SHORTS NB,RN','pcs',94950.000,33951.000,1.000,10.000,0.000),(9,6926,'706011131','LEVIS JEANS PNSL HTM,MAN','pcs',69960.000,24960.000,1.000,10.000,0.000),(9,6927,'706011132','LOIS JEANS PNSL HTM,MAN','pcs',84960.000,29960.000,1.000,10.000,0.000),(9,7679,'708006115','LYSSA BLUS PLS TGN BALON','pcs',84950.000,42475.000,1.000,10.000,0.000),(9,7687,'708006154','LYSSA BLUS TALI WRN TEROMPET','pcs',69950.000,34975.000,1.000,10.000,0.000),(9,7688,'708006155','LYSSA BLUS  KOMB RMPI','pcs',74950.000,37475.000,1.000,10.000,0.000),(9,7700,'708006248','LAFREYA DRESS V SLR BULU','pcs',89950.000,44975.000,1.000,10.000,0.000),(9,7701,'708006249','LAFREYA DRESS U SLR BULU','pcs',89950.000,44975.000,1.000,10.000,0.000),(9,8308,'709006141','NEW BLUS WRN TALI BLN','pcs',79950.000,39975.000,1.000,10.000,0.000),(9,8309,'709006143','NEW BLUS BLN WRN TALI','pcs',79950.000,39975.000,1.000,10.000,0.000),(9,8310,'709006144','NEW BLUS KOMB ROMPI WRN','pcs',79950.000,39975.000,1.000,10.000,0.000),(9,8312,'709006148','NEW BLUS PLS BLN PJG','pcs',79950.000,39975.000,1.000,10.000,0.000),(9,8313,'709006150','NEW BLUS WRN BLN PDK','pcs',79950.000,39975.000,1.000,10.000,0.000),(9,8852,'710011058','H&M JEANS PNSL HTM,MAN','pcs',84960.000,29960.000,1.000,10.000,0.000),(9,8853,'710011060','BBG JEANS PNSL HTM,MAN','pcs',79960.000,27961.000,1.000,10.000,0.000),(9,8854,'710011065','RIPCURL JEANS PNSL BIRU,MAN','pcs',79960.000,27961.000,1.000,10.000,0.000),(9,8855,'710011066','JEVIS JEANS PNSL BIRU,MAN','pcs',79960.000,27961.000,1.000,10.000,0.000),(14,3602,'167105004','MINYAK GORENG SARI MURNI 2L','pcs',24400.000,2000.000,0.000,10.000,0.000),(16,6488,'705010057','YBL KMJ COTT 40S FSHN (M) PDK','pcs',64950.000,22950.000,1.000,10.000,0.000),(16,6489,'705010058','YBL KMJ COTT 40S FSHN (L) PDK','pcs',69950.000,24950.000,1.000,10.000,0.000),(16,6490,'705010062','YBL KMJ STREET MTF (M) PDK','pcs',49950.000,17550.000,1.000,10.000,0.000),(16,6491,'705010063','YBL KMJ STREET MTF (L) PDK','pcs',59950.000,21050.000,1.000,10.000,0.000),(16,6492,'705010065','YBL KMJ STREET ABG (M) PDK','pcs',64950.000,22950.000,1.000,10.000,0.000),(16,6493,'705010066','YBL KMJ STREET ABG (M) PJG','pcs',69950.000,24950.000,1.000,10.000,0.000),(16,6494,'705010067','YBL KMJ STREET ABG (L) PDK','pcs',69950.000,24950.000,1.000,10.000,0.000),(16,6495,'705010068','YBL KMJ STREET ABG (L) PJG','pcs',74950.000,26250.000,1.000,10.000,0.000),(16,6496,'705010069','YBL KMJ DENIM FSHN PDK','pcs',94950.000,33250.000,1.000,10.000,0.000),(16,6497,'705010070','YBL KMJ DENIM FSHN PJG','pcs',104950.000,36450.000,1.000,10.000,0.000),(16,6909,'706010052','N-ONE KMJ FANEL PJG','pcs',99950.000,35050.000,1.000,10.000,0.000),(16,6910,'706010056','N-ONE KMJ FANEL TOPI PJG','pcs',109950.000,38550.000,1.000,10.000,0.000),(16,6911,'706010057','N-ONE KMJ FANEL PJG','pcs',99950.000,35050.000,1.000,10.000,0.000),(16,8349,'709010055','GERARDO KMJ MTF (M) PDK','pcs',44950.000,15450.000,1.000,10.000,0.000),(16,8350,'709010056','GIORG KMJ MTF (L) PDK','pcs',49950.000,17550.000,1.000,10.000,0.000),(16,9370,'711010051','GIORG KMJ FSHN (M) PDK','pcs',44950.000,15450.000,1.000,10.000,0.000),(16,9373,'711010076','BLACK ONE KMJ KOMB MTF PDK','pcs',74950.000,26250.000,1.000,10.000,0.000),(16,9374,'711010077','BLACK ONE KMJ BTK STREET PDK','pcs',66500.000,22000.000,1.000,10.000,0.000),(16,9375,'711010078','BLACK ONE KMJ BTK KTN PDK','pcs',74950.000,26250.000,1.000,10.000,0.000),(16,9376,'711010079','BLACK ONE KMJ MTF PJG','pcs',82500.000,30500.000,1.000,10.000,0.000),(21,99,'106105301','TOP KOPI SUSU GULA 5X31GR','pcs',4290.000,590.000,1.000,10.000,0.000),(21,360,'111115333','PEPSODENT PG HERBAL 75GR','pcs',6600.000,600.000,1.000,10.000,0.000),(21,417,'111115804','PEPSODENT PG SEN EXP GUM CARE 100','pcs',21800.000,3300.000,1.000,10.000,0.000),(21,1096,'120115385','DOWNY SEKALI BILAS BANWAL 230','pcs',11000.000,1000.000,1.000,10.000,0.000),(21,1097,'120115389','DOWNY ROMANCE 230 ML','pcs',10900.000,900.000,1.000,10.000,0.000),(21,1098,'120115390','DOWNY PASSION 230 ML','pcs',11400.000,1400.000,1.000,10.000,0.000),(21,1100,'120115392','DOWNY MYSTIQUE 230 ML','pcs',11000.000,1000.000,1.000,10.000,0.000),(21,1127,'120120137','DOWNY SUNRISE FRESH 250 ML','pcs',10400.000,400.000,1.000,10.000,0.000),(21,1128,'120120138','DOWNY GARDEN BLOOM 250ML','pcs',10400.000,400.000,1.000,10.000,0.000),(21,1131,'120120142','DOWNY PRFM CLCTION DARLING 230','pcs',11400.000,1400.000,1.000,10.000,0.000),(21,1174,'123105003','SARIMI ISI 2 RASA SOTO 113GR','pcs',2700.000,200.000,1.000,10.000,0.000),(21,1178,'123105029','SARIMI ISI 2 BASO SAPI 115G','pcs',2700.000,200.000,1.000,10.000,0.000),(21,1179,'123105031','INDOMILK COKLAT PAK 6X42GR','pcs',9928.000,1028.000,1.000,10.000,0.000),(21,1184,'123105049','SUSU KLG INDOMILK PUTIH 385GR','pcs',9700.000,800.000,1.000,10.000,0.000),(21,1514,'129105007','TANGO WAFER STROBERY 180 GR','pcs',9400.000,500.000,1.000,10.000,0.000),(21,1527,'129105048','KLOP SUSU&COKLAT 128GR','pcs',7000.000,1000.000,1.000,10.000,0.000),(21,1610,'131105057','NISSIN WAFER STROBERY 120GR','pcs',6350.000,550.000,1.000,10.000,0.000),(21,1627,'131105102','NISSIN COFFE MILK BISCT 200 GR','pcs',7750.000,750.000,1.000,10.000,0.000),(21,1644,'131105154','KG SALTCHEESE COMBOCIZ 190G','pcs',9150.000,750.000,1.000,10.000,0.000),(21,1705,'131105315','KG MALKIS SALT COKLAT LEMON 130','pcs',7400.000,500.000,1.000,10.000,0.000),(21,1707,'131105317','SERENA CHEESE COOKIES 100GR','pcs',8900.000,900.000,1.000,10.000,0.000),(21,1710,'131105321','NS BUTTER COCONUT CHCLT 115GR','pcs',8000.000,500.000,1.000,10.000,0.000),(21,1711,'131105322','OZLO PINEAPPLE 125GR','pcs',8100.000,600.000,1.000,10.000,0.000),(21,1719,'131105342','KG OZLO ASSORTED COOKIES 150GR','pcs',10300.000,800.000,1.000,10.000,0.000),(21,1741,'132105021','TOP KOPI MOCCA 5X31GR','pcs',5590.000,590.000,1.000,10.000,0.000),(21,1793,'132115053','EMERON SHMP SOFT STRONG 90ML','pcs',5400.000,1100.000,1.000,10.000,0.000),(21,1794,'132115055','EMERON SHMP SMOOTH STRAIGHT 90','pcs',5700.000,1400.000,1.000,10.000,0.000),(21,1795,'132115056','EMERON SHMP PINK 90ML','pcs',5400.000,1100.000,1.000,10.000,0.000),(21,1796,'132115057','EMERON SHMP WHITE 100ML','pcs',5400.000,1100.000,1.000,10.000,0.000),(21,1797,'132115058','EMERON SHMP SHINING BLACK','pcs',5400.000,1100.000,1.000,10.000,0.000),(21,1871,'132115233','EMERON LOVELY CRING GLOW 250ML','pcs',8900.000,1900.000,1.000,10.000,0.000),(21,1872,'132115234','EMERON LOVELY SOFT TOUCH 250ML','pcs',8900.000,1900.000,1.000,10.000,0.000),(21,1883,'132115258','SYSTEMA P.GIGI SPRING FRESH75G','pcs',3900.000,500.000,1.000,10.000,0.000),(21,1884,'132115259','SYSTEMA P.GIGI MNTHL BREEZE75G','pcs',3900.000,500.000,1.000,10.000,0.000),(21,1890,'132115273','EMERON LOVELY GLOW RED 250','pcs',8900.000,1900.000,1.000,10.000,0.000),(21,1902,'132115300','POSH BODY SPRAY BO GIRLS 150ML','pcs',18400.000,3200.000,1.000,10.000,0.000),(21,1907,'132115312','LOVLEY N JPANESE G.T 250ML','pcs',7500.000,3200.000,1.000,10.000,0.000),(21,1909,'132115314','POSH BODY SPRAY LOVE SONG','pcs',18400.000,3200.000,1.000,10.000,0.000),(21,1914,'132115321','NUVO BTL TOSKA 250 ML','pcs',14200.000,1500.000,1.000,10.000,0.000),(21,1915,'132115322','NUVO BTL MERAH 250ML','pcs',14200.000,1500.000,1.000,10.000,0.000),(21,1919,'132115338','LOVELY NATURALS ALMON OIL 250M','pcs',6000.000,1700.000,1.000,10.000,0.000),(21,1920,'132115339','LOVELY NAT SNFLWR OIL 250ML','pcs',6000.000,1700.000,1.000,10.000,0.000),(21,1948,'132115430','POSH BODY SPRAY SUMER LOVE 150','pcs',18400.000,3200.000,1.000,10.000,0.000),(21,1949,'132115431','POSH BODY SPRAY FRESH SF 150ML','pcs',18400.000,3200.000,1.000,10.000,0.000),(21,16219,'132120014','MAMA LIME GREEN TEA REF 800ML','PCS',14300.000,3100.000,1.000,10.000,10270.000),(21,1956,'132120020','MAMA LIME ANT BKTR 800ML','pcs',14300.000,3100.000,1.000,10.000,0.000),(21,1981,'132120061','DAIA PUTIH 900G','pcs',15100.000,1400.000,1.000,10.000,0.000),(21,2074,'132120226','SO KLIN FRESHY 400ML','pcs',7250.000,850.000,1.000,10.000,0.000),(21,2078,'132120233','DAIA SOFTENER 900G','pcs',15100.000,1400.000,1.000,10.000,0.000),(21,2130,'132120807','ROYAL SOFT BLUE W.BREEZE 900ML','pcs',25400.000,4400.000,1.000,10.000,0.000),(21,2131,'132120808','ROYAL SOF PURPLE DAWN 900ML','pcs',25400.000,4400.000,1.000,10.000,0.000),(21,2132,'132120809','ROYAL SOF STARRY NIGHT 900ML','pcs',25400.000,4400.000,1.000,10.000,0.000),(21,2133,'132120810','ROYAL SOF HOT SUMMER 900ML','pcs',25400.000,4400.000,1.000,10.000,0.000),(21,2234,'136105003','MINI OREO CHOCLATE 67G','pcs',6900.000,500.000,1.000,10.000,0.000),(21,2235,'136105004','MINI OREO R.STRAWBERY 67 GR','pcs',6900.000,500.000,1.000,10.000,0.000),(21,2236,'136105005','MINI OREO VANILA 67G','pcs',7200.000,800.000,1.000,10.000,0.000),(21,2245,'136105046','OREO BISCUIT 137GR','pcs',6500.000,500.000,1.000,10.000,0.000),(21,2246,'136105047','OREO BISCUIT CHOCOLATECREME','pcs',6500.000,500.000,1.000,10.000,0.000),(21,2247,'136105048','OREO BISCUIT DOUBLESTUF 152GR','pcs',6700.000,700.000,1.000,10.000,0.000),(21,2248,'136105049','OREO DOUBLE DELIGHT 137GR','pcs',6500.000,500.000,1.000,10.000,0.000),(21,2249,'136105050','OREO STRAWBERRY CREME 137GR','pcs',6500.000,500.000,1.000,10.000,0.000),(21,2251,'136105055','OREO ICE CREAM BLUEBERRY 137G','pcs',6500.000,500.000,1.000,10.000,0.000),(21,2254,'136105064','OREO GOLDEN VANILLA 137G','pcs',6150.000,150.000,1.000,10.000,0.000),(21,2259,'136105097','RITZ CRACKER 100GR','pcs',5300.000,500.000,1.000,10.000,0.000),(21,2828,'146115058','SIXSENCE CRYSTAL BLUE 100ML','pcs',13700.000,1950.000,1.000,10.000,0.000),(21,2829,'146115059','SIXSENCE DAZZLING PURPLE 100ML','pcs',13000.000,1250.000,1.000,10.000,0.000),(21,2830,'146115060','SIXSENCE FLAMING RED 100ML','pcs',13700.000,1950.000,1.000,10.000,0.000),(21,2831,'146115061','SIXSENCE GLAMOROUS ORANGE 100M','pcs',13000.000,1250.000,1.000,10.000,0.000),(21,2832,'146115062','SIXSENCE ROMANTIE PINK 100ML','pcs',13700.000,1950.000,1.000,10.000,0.000),(21,2834,'146115064','VICTORIA BDY SCNT FABOLOUS 120M','pcs',18700.000,2900.000,1.000,10.000,0.000),(21,2835,'146115066','VICTORIA BDY SCNT CHIC 120ML','pcs',19300.000,3500.000,1.000,10.000,0.000),(21,2836,'146115067','VICTORIA BDY SCNT GREEN 120ML','pcs',16400.000,600.000,1.000,10.000,0.000),(21,14963,'146115068','VICTORIA BDY SCNT SOULMATE 120ML','pcs',19300.000,3500.000,1.000,10.000,0.000),(21,2837,'146115069','VICTORIA BDY SCNT VIOLET 120M','pcs',18700.000,2900.000,1.000,10.000,0.000),(21,2838,'146115070','VICTORIA BDY SCNT YELLOW 120M','pcs',18700.000,2900.000,1.000,10.000,0.000),(21,2861,'147105003','KAFE DO WHITE COFFEE 5X20GR','pcs',4800.000,300.000,1.000,10.000,0.000),(21,16309,'147105109','MAMEN KEONG R.BALADO 80GR','pcs',5500.000,2700.000,1.000,10.000,5000.000),(21,2874,'147110001','INACO NATA DE COCO LECI 360G','pcs',6000.000,500.000,1.000,10.000,0.000),(21,2875,'147110003','INACO NATA DE COCO PANDAN 360','pcs',6190.000,690.000,1.000,10.000,0.000),(21,2876,'147110004','INACO NATA DE COCO STRWBRY 360','pcs',6190.000,690.000,1.000,10.000,0.000),(21,2877,'147110005','INACO NATA DE COCO MANGGA 360G','pcs',6190.000,690.000,1.000,10.000,0.000),(21,3113,'152105077','LOTTE CHOCOPIE MRSHMALLOW 168G','pcs',14600.000,2600.000,1.000,10.000,0.000),(21,3216,'155105052','INTERBIS PINEAPPLE PUFF','pcs',10200.000,600.000,1.000,10.000,0.000),(21,3385,'161110010','CIMORY YOGHURT MIXFRUIT 250ML','pcs',7300.000,400.000,1.000,10.000,0.000),(21,3387,'161110013','CIMORY YOGHURT MIXBERIED 250ML','pcs',7300.000,400.000,1.000,10.000,0.000),(21,3394,'161110020','CIMORY YOGHURT BLUEBERRY 250ML','pcs',7300.000,400.000,1.000,10.000,0.000),(21,3395,'161110021','CIMORY YOGHURT STRAWBERY 250ML','pcs',7300.000,400.000,1.000,10.000,0.000),(21,3396,'161110022','CIMORY YOGHURT ANGGUR MRH 250M','pcs',7300.000,400.000,1.000,10.000,0.000),(21,3397,'161110023','CIMORY YOGHURT LECI 250ML','pcs',7300.000,400.000,1.000,10.000,0.000),(21,3398,'161110025','CIMORY YOGHURT RASA JAMBU 250ML','pcs',7590.000,690.000,1.000,10.000,0.000),(21,3399,'161110026','CIMORY YOGHURT MARKISA 250ML','pcs',7590.000,690.000,1.000,10.000,0.000),(21,3400,'161110027','CIMORY YOGHURT RASA MANGGA 250ML','pcs',7300.000,400.000,1.000,10.000,0.000),(21,3401,'161110028','CIMORY YOGHURT PLAIN 250ML','pcs',7300.000,400.000,1.000,10.000,0.000),(21,3435,'161115335','SHINZUI UME BM AYUMI 100ML','pcs',13300.000,800.000,1.000,10.000,0.000),(21,3602,'167105004','MINYAK GORENG SARI MURNI 2L','pcs',24400.000,2200.000,1.000,10.000,0.000),(21,4105,'180105011','ABC SAMBAL ASLI 135 ML','pcs',5500.000,500.000,1.000,10.000,0.000),(21,4170,'181120099','SWEETY PANTS CELANA L,9','pcs',17700.000,2000.000,1.000,10.000,0.000),(21,4356,'188105079','STARWAY MIXED PASTILLES 1KG','pcs',39000.000,4000.000,1.000,10.000,0.000),(21,4408,'193105047','MUNCHYS MILKIES SKM 116GR','pcs',5500.000,500.000,1.000,10.000,0.000),(22,1,'101110001','NU OCEAN RASA LEMON 460ML','pcs',6800.000,400.000,1.000,10.000,0.000),(22,1221,'123105248','INDOMIE GORENG R SAMBAL MATAH','pcs',2300.000,150.000,1.000,10.000,0.000),(22,1781,'132115035','NUVO SOAP HIJAU 80 GR','pcs',2000.000,200.000,1.000,10.000,0.000),(22,1944,'132115415','ZACT PSTA GIGI STAIN FIGHT 190','pcs',13300.000,1000.000,1.000,10.000,0.000),(22,2105,'132120325','DAIA SOFTENER PINK 700GR','pcs',9500.000,450.000,1.000,10.000,0.000),(22,4030,'179105035','ROMA SLAI OLAI BLUEBRRY 304G','pcs',9500.000,1500.000,1.000,10.000,0.000),(23,340,'111115117','CLOSEUP MENTOL CHILL 110G','pcs',10600.000,1100.000,1.000,10.000,0.000),(23,1233,'123105284','GULA TEBU INDOSUGAR 1 KG','pcs',14000.000,500.000,1.000,10.000,0.000),(23,1631,'131105114','KHONG GUAN BEST WAY 200GR','pcs',9000.000,500.000,1.000,10.000,0.000),(23,1779,'132115033','NUVO SOAP BIRU 80 GR','pcs',2000.000,200.000,1.000,10.000,0.000),(23,1966,'132120039','DAIA BUNGA 900 GR','pcs',14800.000,900.000,1.000,10.000,0.000),(23,2788,'145110028','SUPER O2 AIR OKSIGEN 385ML','pcs',3300.000,300.000,1.000,10.000,0.000),(23,2793,'145110050','AIR MINUM SUPER O2 330 ML','pcs',3300.000,300.000,1.000,10.000,0.000);
/*!40000 ALTER TABLE `diskondet` ENABLE KEYS */;
UNLOCK TABLES;

--
-- Table structure for table `diskondetform`
--

DROP TABLE IF EXISTS `diskondetform`;
/*!40101 SET @saved_cs_client     = @@character_set_client */;
/*!40101 SET character_set_client = utf8 */;
CREATE TABLE `diskondetform` (
  `ipv` varchar(50) NOT NULL DEFAULT '',
  `IDproduct` int(11) unsigned NOT NULL,
  `kode` varchar(20) DEFAULT NULL,
  `nama` varchar(100) DEFAULT NULL,
  `satuan` varchar(20) DEFAULT NULL,
  `hargajual` double(15,3) NOT NULL DEFAULT '0.000',
  `diskonrp` double(15,3) NOT NULL DEFAULT '0.000',
  `minqty` double(15,3) NOT NULL DEFAULT '0.000',
  `maxqty` double(15,3) NOT NULL DEFAULT '0.000',
  `hargabeli` double(15,3) NOT NULL DEFAULT '0.000'
) ENGINE=InnoDB DEFAULT CHARSET=latin1;
/*!40101 SET character_set_client = @saved_cs_client */;

--
-- Dumping data for table `diskondetform`
--

LOCK TABLES `diskondetform` WRITE;
/*!40000 ALTER TABLE `diskondetform` DISABLE KEYS */;
INSERT INTO `diskondetform` VALUES ('127.0.0.1',61195,'611009125','2DAY OB RAGLAN PJG','pcs',39950.000,0.000,0.000,0.000,39950.000),('127.0.0.1',61195,'611009125','2DAY OB RAGLAN PJG','pcs',39950.000,0.000,0.000,0.000,39950.000),('192.168.0.7',340,'111115117','CLOSEUP MENTOL CHILL 110G','pcs',10600.000,1000.000,1.000,10.000,0.000),('192.168.0.7',470,'111120116','RINSO COLOUR&CARE 800 GR','pcs',19200.000,1200.000,1.000,10.000,0.000),('192.168.0.7',2788,'145110028','SUPER O2 AIR OKSIGEN 385ML','pcs',3300.000,300.000,1.000,10.000,0.000),('192.168.0.7',2793,'145110050','AIR MINUM SUPER O2 330 ML','pcs',3300.000,300.000,1.000,10.000,0.000),('192.168.0.7',3065,'151115094','SHINZUI SOAP HANA 100GR','pcs',3600.000,600.000,1.000,10.000,0.000),('192.168.0.7',4253,'186105001','ABC MIA/PDS LIMAU 84 GR','pcs',2300.000,400.000,1.000,10.000,0.000),('192.168.0.1',340,'111115117','CLOSEUP MENTOL CHILL 110G','pcs',10600.000,1100.000,1.000,10.000,0.000),('192.168.0.1',1233,'123105284','GULA TEBU INDOSUGAR 1 KG','pcs',14000.000,500.000,1.000,10.000,0.000),('192.168.0.1',1631,'131105114','KHONG GUAN BEST WAY 200GR','pcs',9000.000,500.000,1.000,10.000,0.000),('192.168.0.1',1779,'132115033','NUVO SOAP BIRU 80 GR','pcs',2000.000,200.000,1.000,10.000,0.000),('192.168.0.1',1966,'132120039','DAIA BUNGA 900 GR','pcs',14800.000,900.000,1.000,10.000,0.000),('192.168.0.1',2788,'145110028','SUPER O2 AIR OKSIGEN 385ML','pcs',3300.000,300.000,1.000,10.000,0.000),('192.168.0.1',2793,'145110050','AIR MINUM SUPER O2 330 ML','pcs',3300.000,300.000,1.000,10.000,0.000);
/*!40000 ALTER TABLE `diskondetform` ENABLE KEYS */;
UNLOCK TABLES;

--
-- Table structure for table `formadjust`
--

DROP TABLE IF EXISTS `formadjust`;
/*!40101 SET @saved_cs_client     = @@character_set_client */;
/*!40101 SET character_set_client = utf8 */;
CREATE TABLE `formadjust` (
  `kode` varchar(20) DEFAULT '',
  `nama` varchar(100) DEFAULT NULL,
  `quantity` double(15,3) DEFAULT '0.000',
  `quantityadjust` double(15,3) DEFAULT '0.000',
  `keterangan` varchar(100) DEFAULT NULL,
  `harga` double(15,3) DEFAULT '0.000',
  `hargajual` double(15,3) NOT NULL DEFAULT '0.000',
  `subtotal` double(15,3) DEFAULT '0.000',
  `kategori` varchar(50) DEFAULT NULL,
  `merk` varchar(50) DEFAULT NULL,
  `seri` varchar(50) DEFAULT NULL,
  `faktur` varchar(50) DEFAULT NULL,
  `diskon` float(9,3) DEFAULT '0.000',
  `diskonrp` double(15,3) DEFAULT '0.000',
  `satuan` varchar(20) DEFAULT NULL,
  `nourut` bigint(20) unsigned NOT NULL AUTO_INCREMENT,
  `ipv` varchar(50) DEFAULT NULL,
  PRIMARY KEY (`nourut`)
) ENGINE=InnoDB AUTO_INCREMENT=2 DEFAULT CHARSET=latin1 COMMENT='InnoDB free: 731136 kB';
/*!40101 SET character_set_client = @saved_cs_client */;

--
-- Dumping data for table `formadjust`
--

LOCK TABLES `formadjust` WRITE;
/*!40000 ALTER TABLE `formadjust` DISABLE KEYS */;
INSERT INTO `formadjust` VALUES ('RTYTR','CVBCVB',15.000,20.000,'hjfghgfh',12000.000,0.000,0.000,'-','-','','01-1312001',0.000,0.000,'PCS',1,NULL);
/*!40000 ALTER TABLE `formadjust` ENABLE KEYS */;
UNLOCK TABLES;

--
-- Table structure for table `formbg`
--

DROP TABLE IF EXISTS `formbg`;
/*!40101 SET @saved_cs_client     = @@character_set_client */;
/*!40101 SET character_set_client = utf8 */;
CREATE TABLE `formbg` (
  `faktur` varchar(50) DEFAULT NULL,
  `tgl` date DEFAULT NULL,
  `transfer` double(15,3) DEFAULT '0.000',
  `bg` double(15,3) DEFAULT '0.000',
  `bgno` varchar(50) DEFAULT NULL,
  `bgbank` varchar(200) DEFAULT NULL,
  `bgtempo` date DEFAULT NULL,
  `tobank` varchar(200) DEFAULT NULL,
  `nourut` tinyint(4) NOT NULL AUTO_INCREMENT,
  PRIMARY KEY (`nourut`)
) ENGINE=InnoDB AUTO_INCREMENT=3 DEFAULT CHARSET=latin1 COMMENT='InnoDB free: 731136 kB';
/*!40101 SET character_set_client = @saved_cs_client */;

--
-- Dumping data for table `formbg`
--

LOCK TABLES `formbg` WRITE;
/*!40000 ALTER TABLE `formbg` DISABLE KEYS */;
INSERT INTO `formbg` VALUES ('879879','2013-12-09',0.000,45000.000,'435345','BCA','2013-12-25','BII',2);
/*!40000 ALTER TABLE `formbg` ENABLE KEYS */;
UNLOCK TABLES;

--
-- Table structure for table `formbuy`
--

DROP TABLE IF EXISTS `formbuy`;
/*!40101 SET @saved_cs_client     = @@character_set_client */;
/*!40101 SET character_set_client = utf8 */;
CREATE TABLE `formbuy` (
  `kode` varchar(20) DEFAULT '',
  `nama` varchar(100) DEFAULT NULL,
  `harga` double(15,3) DEFAULT '0.000',
  `quantity` double(15,3) DEFAULT '0.000',
  `diskon` float(9,3) DEFAULT '0.000',
  `subtotal` double(15,3) DEFAULT '0.000',
  `faktur` varchar(50) DEFAULT NULL,
  `merk` varchar(50) DEFAULT NULL,
  `seri` varchar(50) DEFAULT NULL,
  `kategori` varchar(50) DEFAULT NULL,
  `satuan` varchar(20) DEFAULT NULL,
  `harganondiskon` double(15,3) DEFAULT '0.000',
  `nourut` bigint(20) unsigned NOT NULL AUTO_INCREMENT,
  `ipv` varchar(50) DEFAULT NULL,
  `barcode` varchar(80) DEFAULT NULL,
  PRIMARY KEY (`nourut`)
) ENGINE=InnoDB AUTO_INCREMENT=3 DEFAULT CHARSET=latin1 COMMENT='InnoDB free: 731136 kB';
/*!40101 SET character_set_client = @saved_cs_client */;

--
-- Dumping data for table `formbuy`
--

LOCK TABLES `formbuy` WRITE;
/*!40000 ALTER TABLE `formbuy` DISABLE KEYS */;
/*!40000 ALTER TABLE `formbuy` ENABLE KEYS */;
UNLOCK TABLES;

--
-- Table structure for table `formkeuangan`
--

DROP TABLE IF EXISTS `formkeuangan`;
/*!40101 SET @saved_cs_client     = @@character_set_client */;
/*!40101 SET character_set_client = utf8 */;
CREATE TABLE `formkeuangan` (
  `idoperasional` bigint(20) DEFAULT NULL,
  `idTrans` int(11) DEFAULT NULL,
  `faktur` varchar(50) NOT NULL DEFAULT '',
  `tanggal` date DEFAULT NULL,
  `waktu` time DEFAULT NULL,
  `kasir` varchar(50) DEFAULT NULL,
  `kategori` varchar(50) DEFAULT NULL,
  `keterangan` varchar(500) DEFAULT NULL,
  `debet` double(15,3) DEFAULT '0.000',
  `kredit` double(15,3) DEFAULT '0.000',
  `fakturpay` varchar(50) DEFAULT NULL,
  `saldoawaltagihan` double(15,3) DEFAULT '0.000',
  `signcolor` tinyint(1) NOT NULL DEFAULT '0',
  `nourut` bigint(20) unsigned NOT NULL AUTO_INCREMENT,
  `ipv` varchar(50) DEFAULT NULL,
  PRIMARY KEY (`nourut`)
) ENGINE=InnoDB AUTO_INCREMENT=11 DEFAULT CHARSET=latin1 COMMENT='InnoDB free: 731136 kB';
/*!40101 SET character_set_client = @saved_cs_client */;

--
-- Dumping data for table `formkeuangan`
--

LOCK TABLES `formkeuangan` WRITE;
/*!40000 ALTER TABLE `formkeuangan` DISABLE KEYS */;
INSERT INTO `formkeuangan` VALUES (0,0,'0','2018-08-01','00:00:01','ADMIN','SALDO AWAL','Saldo Tgl 31 07 2018',0.000,0.000,NULL,0.000,0,8,'127.0.0.1'),(1,NULL,'01-18080001','2018-08-08','12:43:18','ksr','OPERASIONAL','tes',25000.000,0.000,NULL,0.000,1,9,'127.0.0.1'),(2,3,'01-1808000001','2018-08-08','12:56:49','OWNER','PENJUALAN','LUNAS',18900.000,0.000,NULL,0.000,1,10,'127.0.0.1');
/*!40000 ALTER TABLE `formkeuangan` ENABLE KEYS */;
UNLOCK TABLES;
/*!50003 SET @saved_cs_client      = @@character_set_client */ ;
/*!50003 SET @saved_cs_results     = @@character_set_results */ ;
/*!50003 SET @saved_col_connection = @@collation_connection */ ;
/*!50003 SET character_set_client  = latin1 */ ;
/*!50003 SET character_set_results = latin1 */ ;
/*!50003 SET collation_connection  = latin1_swedish_ci */ ;
/*!50003 SET @saved_sql_mode       = @@sql_mode */ ;
/*!50003 SET sql_mode              = 'STRICT_TRANS_TABLES,NO_AUTO_CREATE_USER,NO_ENGINE_SUBSTITUTION' */ ;
DELIMITER ;;
/*!50003 CREATE*/ /*!50017 DEFINER=`metabrain`@`%`*/ /*!50003 TRIGGER `formkeuangan_before_ins_tr` BEFORE INSERT ON `formkeuangan`
  FOR EACH ROW
BEGIN
 declare vtgl date;
 declare vsign TINYINT(1);
 set vtgl=null;
 set vsign=0;
 select tanggal,signcolor into vtgl,vsign from `formkeuangan` order by tanggal desc limit 1;
 if (vtgl is not null) then
 begin
  if vtgl=new.tanggal then set new.signcolor=vsign; else set new.signcolor= not vsign; end if;
 end;
 end if;
END */;;
DELIMITER ;
/*!50003 SET sql_mode              = @saved_sql_mode */ ;
/*!50003 SET character_set_client  = @saved_cs_client */ ;
/*!50003 SET character_set_results = @saved_cs_results */ ;
/*!50003 SET collation_connection  = @saved_col_connection */ ;

--
-- Table structure for table `formretur`
--

DROP TABLE IF EXISTS `formretur`;
/*!40101 SET @saved_cs_client     = @@character_set_client */;
/*!40101 SET character_set_client = utf8 */;
CREATE TABLE `formretur` (
  `kode` varchar(20) DEFAULT '',
  `nama` varchar(100) DEFAULT NULL,
  `quantity` double(15,3) DEFAULT '0.000',
  `quantityretur` double(15,3) DEFAULT '0.000',
  `keterangan` varchar(255) DEFAULT NULL,
  `harga` double(15,3) DEFAULT '0.000',
  `subtotal` double(15,3) DEFAULT '0.000',
  `kategori` varchar(50) DEFAULT NULL,
  `merk` varchar(50) DEFAULT NULL,
  `seri` varchar(50) DEFAULT NULL,
  `faktur` varchar(50) DEFAULT NULL,
  `diskon` float(9,3) DEFAULT '0.000',
  `diskon_rp` double(15,3) DEFAULT '0.000',
  `diskonrp` double(15,3) DEFAULT '0.000',
  `satuan` varchar(20) DEFAULT NULL,
  `fakturjual` varchar(50) DEFAULT NULL,
  `kodegudang` varchar(10) DEFAULT NULL,
  `hargabeli` double(15,3) DEFAULT '0.000',
  `nourut` bigint(20) unsigned NOT NULL AUTO_INCREMENT,
  `ipv` varchar(50) DEFAULT NULL,
  PRIMARY KEY (`nourut`)
) ENGINE=InnoDB AUTO_INCREMENT=2465 DEFAULT CHARSET=latin1 COMMENT='InnoDB free: 731136 kB';
/*!40101 SET character_set_client = @saved_cs_client */;

--
-- Dumping data for table `formretur`
--

LOCK TABLES `formretur` WRITE;
/*!40000 ALTER TABLE `formretur` DISABLE KEYS */;
INSERT INTO `formretur` VALUES ('712068257','BTL AIR DUNDE,PJY',1.000,0.000,NULL,22450.000,0.000,'','','','R04-18036670-1',0.000,0.000,0.000,'pcs','04-18036670','CBT',0.000,46,'192.168.0.5'),('802068348','OMPRENG CALISTA SAN-X,OSC',2.000,1.000,NULL,6990.000,0.000,'','','','R04-18036670-1',0.000,0.000,0.000,'pcs','04-18036670','CBT',0.000,47,'192.168.0.5'),('802068472','THERMOST DINEMATE 1LT,SA',1.000,0.000,NULL,92990.000,0.000,'','','','R04-18036670-1',0.000,0.000,0.000,'pcs','04-18036670','CBT',0.000,48,'192.168.0.5'),('111115565','ZWITSAL SOAP NATURAL 80G',1.000,0.000,NULL,3400.000,0.000,'','','','R04-1803010007-1',0.000,0.000,0.000,'pcs','04-1803010007','CBT',2482.000,2464,'192.168.0.69');
/*!40000 ALTER TABLE `formretur` ENABLE KEYS */;
UNLOCK TABLES;

--
-- Table structure for table `formsell`
--

DROP TABLE IF EXISTS `formsell`;
/*!40101 SET @saved_cs_client     = @@character_set_client */;
/*!40101 SET character_set_client = utf8 */;
CREATE TABLE `formsell` (
  `kode` varchar(20) DEFAULT '',
  `nama` varchar(100) DEFAULT NULL,
  `harga` double(15,3) DEFAULT '0.000',
  `quantity` double(15,3) DEFAULT '0.000',
  `totalharga` double(15,3) DEFAULT '0.000',
  `diskon` float(9,3) DEFAULT '0.000',
  `diskonrp` double(15,3) DEFAULT '0.000',
  `diskon_rp` double(15,3) NOT NULL DEFAULT '0.000',
  `subtotal` double(15,3) DEFAULT '0.000',
  `faktur` varchar(50) DEFAULT NULL,
  `kategori` varchar(50) DEFAULT NULL,
  `merk` varchar(50) DEFAULT NULL,
  `seri` varchar(50) DEFAULT NULL,
  `satuan` varchar(20) DEFAULT NULL,
  `hargabeli` double(15,3) DEFAULT '0.000',
  `idstts` tinyint(4) DEFAULT '0' COMMENT '0 = Value\r\n1 = Free\r\n2 = Tukar',
  `nourut` bigint(20) unsigned NOT NULL AUTO_INCREMENT,
  `ipv` varchar(50) DEFAULT NULL,
  `feebiro` float(9,3) NOT NULL DEFAULT '0.000',
  `feedrivertl` double(15,3) NOT NULL DEFAULT '0.000',
  PRIMARY KEY (`nourut`)
) ENGINE=InnoDB AUTO_INCREMENT=24552 DEFAULT CHARSET=latin1 COMMENT='InnoDB free: 731136 kB';
/*!40101 SET character_set_client = @saved_cs_client */;

--
-- Dumping data for table `formsell`
--

LOCK TABLES `formsell` WRITE;
/*!40000 ALTER TABLE `formsell` DISABLE KEYS */;
INSERT INTO `formsell` VALUES ('',NULL,0.000,0.000,0.000,0.000,0.000,0.000,0.000,NULL,NULL,NULL,NULL,NULL,0.000,0,7,NULL,0.000,0.000),('',NULL,0.000,0.000,0.000,0.000,0.000,0.000,0.000,NULL,NULL,NULL,NULL,NULL,0.000,0,19,NULL,0.000,0.000),('',NULL,0.000,802068332.000,0.000,0.000,0.000,0.000,0.000,NULL,NULL,NULL,NULL,NULL,0.000,0,40,NULL,0.000,0.000),('',NULL,0.000,802062092.000,0.000,0.000,0.000,0.000,0.000,NULL,NULL,NULL,NULL,NULL,0.000,0,6676,NULL,0.000,0.000),('','',0.000,0.000,0.000,0.000,0.000,0.000,0.000,'05-18031061',NULL,NULL,NULL,NULL,0.000,0,8908,NULL,0.000,0.000),('','',0.000,0.000,0.000,0.000,0.000,0.000,0.000,'04-18033624',NULL,NULL,NULL,NULL,0.000,0,13314,NULL,0.000,0.000),('',NULL,0.000,83.000,0.000,0.000,0.000,0.000,0.000,NULL,NULL,NULL,NULL,NULL,0.000,0,18475,NULL,0.000,0.000),('',NULL,0.000,0.000,0.000,0.000,0.000,0.000,0.000,NULL,NULL,NULL,NULL,NULL,0.000,0,19965,NULL,0.000,0.000),('','',0.000,0.000,0.000,0.000,0.000,0.000,0.000,'04-18039042',NULL,NULL,NULL,NULL,0.000,0,21608,NULL,0.000,0.000),('',NULL,0.000,802061137.000,0.000,0.000,0.000,0.000,0.000,NULL,NULL,NULL,NULL,NULL,0.000,0,21967,NULL,0.000,0.000),('147110029','AIR MINUM FROZEN 600ML',1300.000,1.000,0.000,0.000,0.000,0.000,1300.000,'04-1803009997','','','','pcs',0.000,0,24551,'192.168.0.1',0.000,0.000);
/*!40000 ALTER TABLE `formsell` ENABLE KEYS */;
UNLOCK TABLES;

--
-- Table structure for table `golongan`
--

DROP TABLE IF EXISTS `golongan`;
/*!40101 SET @saved_cs_client     = @@character_set_client */;
/*!40101 SET character_set_client = utf8 */;
CREATE TABLE `golongan` (
  `IDgolongan` int(11) NOT NULL AUTO_INCREMENT,
  `kode` varchar(20) NOT NULL,
  `nama` varchar(150) NOT NULL,
  `departemen` varchar(150) DEFAULT NULL,
  PRIMARY KEY (`IDgolongan`),
  UNIQUE KEY `kode` (`kode`),
  UNIQUE KEY `nama` (`nama`)
) ENGINE=InnoDB AUTO_INCREMENT=3 DEFAULT CHARSET=latin1;
/*!40101 SET character_set_client = @saved_cs_client */;

--
-- Dumping data for table `golongan`
--

LOCK TABLES `golongan` WRITE;
/*!40000 ALTER TABLE `golongan` DISABLE KEYS */;
INSERT INTO `golongan` VALUES (1,'01','opopoppo','dept1'),(2,'02','tes','tesd');
/*!40000 ALTER TABLE `golongan` ENABLE KEYS */;
UNLOCK TABLES;

--
-- Table structure for table `gudang`
--

DROP TABLE IF EXISTS `gudang`;
/*!40101 SET @saved_cs_client     = @@character_set_client */;
/*!40101 SET character_set_client = utf8 */;
CREATE TABLE `gudang` (
  `IDgudang` int(11) NOT NULL AUTO_INCREMENT,
  `kodegudang` varchar(10) NOT NULL DEFAULT '',
  `namagudang` varchar(50) DEFAULT NULL,
  `alamat1` varchar(50) DEFAULT NULL,
  `alamat2` varchar(50) DEFAULT NULL,
  `telp` varchar(20) DEFAULT NULL,
  `fax` varchar(20) DEFAULT NULL,
  `kota` varchar(50) DEFAULT NULL,
  `wilayah` varchar(50) DEFAULT NULL,
  `type` varchar(20) DEFAULT NULL,
  `isbadstock` tinyint(1) NOT NULL DEFAULT '0',
  `lokasi` varchar(20) NOT NULL,
  PRIMARY KEY (`IDgudang`),
  UNIQUE KEY `kodegudang` (`kodegudang`)
) ENGINE=InnoDB AUTO_INCREMENT=8 DEFAULT CHARSET=latin1 COMMENT='InnoDB free: 731136 kB';
/*!40101 SET character_set_client = @saved_cs_client */;

--
-- Dumping data for table `gudang`
--

LOCK TABLES `gudang` WRITE;
/*!40000 ALTER TABLE `gudang` DISABLE KEYS */;
INSERT INTO `gudang` VALUES (1,'SL','GUDANG MADUKORO',NULL,NULL,NULL,NULL,'SEMARANG',NULL,NULL,0,'MADUKORO'),(4,'SLT','TOKO MADUKORO',NULL,NULL,NULL,NULL,'SEMARANG',NULL,NULL,0,'MADUKORO'),(7,'SLR','RUSAK MADUKORO',NULL,NULL,NULL,NULL,'SEMARANG',NULL,NULL,1,'MADUKORO');
/*!40000 ALTER TABLE `gudang` ENABLE KEYS */;
UNLOCK TABLES;
/*!50003 SET @saved_cs_client      = @@character_set_client */ ;
/*!50003 SET @saved_cs_results     = @@character_set_results */ ;
/*!50003 SET @saved_col_connection = @@collation_connection */ ;
/*!50003 SET character_set_client  = latin1 */ ;
/*!50003 SET character_set_results = latin1 */ ;
/*!50003 SET collation_connection  = latin1_swedish_ci */ ;
/*!50003 SET @saved_sql_mode       = @@sql_mode */ ;
/*!50003 SET sql_mode              = 'STRICT_TRANS_TABLES,NO_AUTO_CREATE_USER,NO_ENGINE_SUBSTITUTION' */ ;
DELIMITER ;;
/*!50003 CREATE*/ /*!50017 DEFINER=`metabrain`@`%`*/ /*!50003 TRIGGER `gudang_after_ins_tr` AFTER INSERT ON `gudang`
  FOR EACH ROW
BEGIN
 insert into productgudang (IDproduct,IDgudang) select IDproduct,new.IDgudang from product order by IDproduct;
END */;;
DELIMITER ;
/*!50003 SET sql_mode              = @saved_sql_mode */ ;
/*!50003 SET character_set_client  = @saved_cs_client */ ;
/*!50003 SET character_set_results = @saved_cs_results */ ;
/*!50003 SET collation_connection  = @saved_col_connection */ ;

--
-- Table structure for table `inventory`
--

DROP TABLE IF EXISTS `inventory`;
/*!40101 SET @saved_cs_client     = @@character_set_client */;
/*!40101 SET character_set_client = utf8 */;
CREATE TABLE `inventory` (
  `IDinventory` int(11) unsigned NOT NULL AUTO_INCREMENT,
  `tgltrans` date NOT NULL,
  `kodebrg` varchar(20) NOT NULL,
  `kodegudang` varchar(10) NOT NULL DEFAULT 'TK',
  `qty` double(15,3) NOT NULL DEFAULT '0.000',
  `satuan` varchar(20) NOT NULL,
  `typetrans` varchar(20) NOT NULL,
  `faktur` varchar(50) NOT NULL,
  `idtrans` int(11) NOT NULL DEFAULT '0',
  `IDuser` int(11) DEFAULT NULL,
  `username` varchar(50) NOT NULL,
  `waktu` time NOT NULL,
  `keterangan` varchar(500) NOT NULL,
  `hargabeli` double(15,3) NOT NULL DEFAULT '0.000',
  `hargajual` double(15,3) NOT NULL DEFAULT '0.000',
  UNIQUE KEY `IDinventory` (`IDinventory`),
  KEY `kodebrg` (`kodebrg`)
) ENGINE=InnoDB AUTO_INCREMENT=10 DEFAULT CHARSET=latin1 COMMENT='InnoDB free: 731136 kB';
/*!40101 SET character_set_client = @saved_cs_client */;

--
-- Dumping data for table `inventory`
--

LOCK TABLES `inventory` WRITE;
/*!40000 ALTER TABLE `inventory` DISABLE KEYS */;
INSERT INTO `inventory` VALUES (1,'2018-08-08','00119090','SLT',-2.000,'pcs','penjualan','01-1808000001',3,NULL,'OWNER','12:56:49','',9000.000,9450.000),(2,'2018-08-27','020001','SL',200.000,'pcs','pembelian','B01-18080001',1,NULL,'OWNER','13:29:09','Invoice No.1212 TEST',1000.000,1050.000),(5,'2018-08-27','020001','SL',-15.000,'pcs','pindah gudang','PG01-1808001',2,1,'OWNER','13:33:23','',1000.000,1050.000),(6,'2018-08-29','020001','SL',2.000,'pcs','pembelian','B01-18080002',2,NULL,'OWNER','02:32:39','Invoice No.9090 TEST',1000.000,1050.000),(7,'2018-08-29','00119090','SL',5.000,'pcs','pembelian','B01-18080002',2,NULL,'OWNER','02:32:39','Invoice No.9090 TEST',9000.000,9450.000),(8,'2018-09-03','020001','SL',3.000,'pcs','pembelian','B01-18090001',3,NULL,'OWNER','12:49:45','Invoice No.9098 TEST',1000.000,1050.000),(9,'2018-09-03','020001','SL',3.000,'pcs','pembelian','B01-18090002',4,NULL,'OWNER','12:53:16','Invoice No.08080 TEST',1000.000,1050.000);
/*!40000 ALTER TABLE `inventory` ENABLE KEYS */;
UNLOCK TABLES;
/*!50003 SET @saved_cs_client      = @@character_set_client */ ;
/*!50003 SET @saved_cs_results     = @@character_set_results */ ;
/*!50003 SET @saved_col_connection = @@collation_connection */ ;
/*!50003 SET character_set_client  = latin1 */ ;
/*!50003 SET character_set_results = latin1 */ ;
/*!50003 SET collation_connection  = latin1_swedish_ci */ ;
/*!50003 SET @saved_sql_mode       = @@sql_mode */ ;
/*!50003 SET sql_mode              = 'STRICT_TRANS_TABLES,NO_AUTO_CREATE_USER,NO_ENGINE_SUBSTITUTION' */ ;
DELIMITER ;;
/*!50003 CREATE*/ /*!50017 DEFINER=`metabrain`@`%`*/ /*!50003 TRIGGER `inventory_before_ins_tr` BEFORE INSERT ON `inventory`
  FOR EACH ROW
BEGIN
 if upper(new.kodegudang)='SL' THEN
  update product set SL = SL + new.qty where kode = new.kodebrg; 
 elseif upper(new.kodegudang)='CT' THEN
  update product set CT = CT + new.qty where kode = new.kodebrg; 
 elseif upper(new.kodegudang)='CB' THEN
  update product set CB = CB + new.qty where kode = new.kodebrg; 
 elseif upper(new.kodegudang)='SLR' THEN
  update product set SLR = SLR + new.qty where kode = new.kodebrg; 
 elseif upper(new.kodegudang)='CTR' THEN
  update product set CTR = CTR + new.qty where kode = new.kodebrg; 
 elseif upper(new.kodegudang)='CBR' THEN
  update product set CBR = CBR + new.qty where kode = new.kodebrg; 
 elseif upper(new.kodegudang)='SLT' THEN
  update product set SLT = SLT + new.qty where kode = new.kodebrg; 
 elseif upper(new.kodegudang)='CTT' THEN
  update product set CTT = CTT + new.qty where kode = new.kodebrg; 
 elseif upper(new.kodegudang)='CBT' THEN
  update product set CBT = CBT + new.qty where kode = new.kodebrg; 
 end if; 
 
 update productgudang p,gudang g,product r set p.`qty`=p.`qty`+new.qty 
 where r.kode=new.kodebrg and g.kodegudang=new.kodegudang and p.IDproduct=r.IDproduct and p.`IDgudang`=g.IDgudang;
END */;;
DELIMITER ;
/*!50003 SET sql_mode              = @saved_sql_mode */ ;
/*!50003 SET character_set_client  = @saved_cs_client */ ;
/*!50003 SET character_set_results = @saved_cs_results */ ;
/*!50003 SET collation_connection  = @saved_col_connection */ ;
/*!50003 SET @saved_cs_client      = @@character_set_client */ ;
/*!50003 SET @saved_cs_results     = @@character_set_results */ ;
/*!50003 SET @saved_col_connection = @@collation_connection */ ;
/*!50003 SET character_set_client  = latin1 */ ;
/*!50003 SET character_set_results = latin1 */ ;
/*!50003 SET collation_connection  = latin1_swedish_ci */ ;
/*!50003 SET @saved_sql_mode       = @@sql_mode */ ;
/*!50003 SET sql_mode              = 'STRICT_TRANS_TABLES,NO_AUTO_CREATE_USER,NO_ENGINE_SUBSTITUTION' */ ;
DELIMITER ;;
/*!50003 CREATE*/ /*!50017 DEFINER=`metabrain`@`%`*/ /*!50003 TRIGGER `inventory_before_upd_tr` BEFORE UPDATE ON `inventory`
  FOR EACH ROW
BEGIN
 if upper(new.kodegudang)='SL' THEN
  update product set SL = SL + new.qty - old.qty where kode = new.kodebrg; 
 elseif upper(new.kodegudang)='CT' THEN
  update product set CT = CT + new.qty - old.qty where kode = new.kodebrg; 
 elseif upper(new.kodegudang)='CB' THEN
  update product set CB = CB + new.qty - old.qty where kode = new.kodebrg; 
 elseif upper(new.kodegudang)='SLR' THEN
  update product set SLR = SLR + new.qty - old.qty where kode = new.kodebrg; 
 elseif upper(new.kodegudang)='CTR' THEN
  update product set CTR = CTR + new.qty - old.qty where kode = new.kodebrg; 
 elseif upper(new.kodegudang)='CBR' THEN
  update product set CBR = CBR + new.qty - old.qty where kode = new.kodebrg; 
 elseif upper(new.kodegudang)='SLT' THEN
  update product set SLT = SLT + new.qty - old.qty where kode = new.kodebrg; 
 elseif upper(new.kodegudang)='CTT' THEN
  update product set CTT = CTT + new.qty - old.qty where kode = new.kodebrg; 
 elseif upper(new.kodegudang)='CBT' THEN
  update product set CBT = CBT + new.qty - old.qty where kode = new.kodebrg; 
 end if; 


 update productgudang p,gudang g,product r set p.`qty`=p.`qty`+new.qty-old.qty 
 where r.kode=new.kodebrg and g.kodegudang=new.kodegudang and p.IDproduct=r.IDproduct and p.`IDgudang`=g.IDgudang;

END */;;
DELIMITER ;
/*!50003 SET sql_mode              = @saved_sql_mode */ ;
/*!50003 SET character_set_client  = @saved_cs_client */ ;
/*!50003 SET character_set_results = @saved_cs_results */ ;
/*!50003 SET collation_connection  = @saved_col_connection */ ;
/*!50003 SET @saved_cs_client      = @@character_set_client */ ;
/*!50003 SET @saved_cs_results     = @@character_set_results */ ;
/*!50003 SET @saved_col_connection = @@collation_connection */ ;
/*!50003 SET character_set_client  = latin1 */ ;
/*!50003 SET character_set_results = latin1 */ ;
/*!50003 SET collation_connection  = latin1_swedish_ci */ ;
/*!50003 SET @saved_sql_mode       = @@sql_mode */ ;
/*!50003 SET sql_mode              = 'STRICT_TRANS_TABLES,NO_AUTO_CREATE_USER,NO_ENGINE_SUBSTITUTION' */ ;
DELIMITER ;;
/*!50003 CREATE*/ /*!50017 DEFINER=`metabrain`@`%`*/ /*!50003 TRIGGER `inventory_before_del_tr` BEFORE DELETE ON `inventory`
  FOR EACH ROW
BEGIN
 if upper(old.kodegudang)='SL' THEN
  update product set SL = SL - old.qty where kode = old.kodebrg; 
 elseif upper(old.kodegudang)='CT' THEN
  update product set CT = CT - old.qty where kode = old.kodebrg; 
 elseif upper(old.kodegudang)='CB' THEN
  update product set CB = CB - old.qty where kode = old.kodebrg; 
 elseif upper(old.kodegudang)='SLR' THEN
  update product set SLR = SLR - old.qty where kode = old.kodebrg; 
 elseif upper(old.kodegudang)='CTR' THEN
  update product set CTR = CTR - old.qty where kode = old.kodebrg; 
 elseif upper(old.kodegudang)='CBR' THEN
  update product set CBR = CBR - old.qty where kode = old.kodebrg; 
 elseif upper(old.kodegudang)='SLT' THEN
  update product set SLT = SLT - old.qty where kode = old.kodebrg; 
 elseif upper(old.kodegudang)='CTT' THEN
  update product set CTT = CTT - old.qty where kode = old.kodebrg; 
 elseif upper(old.kodegudang)='CBT' THEN
  update product set CBT = CBT - old.qty where kode = old.kodebrg; 
 end if; 

 update productgudang p,gudang g,product r set p.`qty`=p.`qty`-old.qty 
 where r.kode=old.kodebrg and g.kodegudang=old.kodegudang and p.IDproduct=r.IDproduct and p.`IDgudang`=g.IDgudang;

END */;;
DELIMITER ;
/*!50003 SET sql_mode              = @saved_sql_mode */ ;
/*!50003 SET character_set_client  = @saved_cs_client */ ;
/*!50003 SET character_set_results = @saved_cs_results */ ;
/*!50003 SET collation_connection  = @saved_col_connection */ ;

--
-- Table structure for table `inventoryimp`
--

DROP TABLE IF EXISTS `inventoryimp`;
/*!40101 SET @saved_cs_client     = @@character_set_client */;
/*!40101 SET character_set_client = utf8 */;
CREATE TABLE `inventoryimp` (
  `ipv` varchar(50) DEFAULT NULL,
  `IDproduct` int(11) DEFAULT NULL,
  `kode` varchar(20) DEFAULT NULL,
  `nama` varchar(100) DEFAULT NULL,
  `satuan` varchar(20) DEFAULT NULL,
  `qty` double(15,3) DEFAULT '0.000',
  `hargabelip` double(15,3) DEFAULT '0.000',
  `hargajualp` double(15,3) DEFAULT '0.000',
  `merk` varchar(50) DEFAULT NULL,
  `seri` varchar(50) DEFAULT NULL,
  `IDgolongan` int(11) DEFAULT NULL,
  `hargabeli` double(15,3) DEFAULT '0.000',
  `hargajual` double(15,3) DEFAULT '0.000',
  `keterangan` varchar(255) DEFAULT NULL,
  `tglnoneffective` date DEFAULT NULL,
  `diskon` float(9,3) DEFAULT '0.000',
  `diskonrp` double(15,3) DEFAULT '0.000',
  `barcode` varchar(80) DEFAULT NULL,
  `reorderqty` double(15,3) DEFAULT '0.000',
  `expdate` date DEFAULT NULL
) ENGINE=InnoDB DEFAULT CHARSET=latin1 COMMENT='InnoDB free: 731136 kB';
/*!40101 SET character_set_client = @saved_cs_client */;

--
-- Dumping data for table `inventoryimp`
--

LOCK TABLES `inventoryimp` WRITE;
/*!40000 ALTER TABLE `inventoryimp` DISABLE KEYS */;
/*!40000 ALTER TABLE `inventoryimp` ENABLE KEYS */;
UNLOCK TABLES;
/*!50003 SET @saved_cs_client      = @@character_set_client */ ;
/*!50003 SET @saved_cs_results     = @@character_set_results */ ;
/*!50003 SET @saved_col_connection = @@collation_connection */ ;
/*!50003 SET character_set_client  = latin1 */ ;
/*!50003 SET character_set_results = latin1 */ ;
/*!50003 SET collation_connection  = latin1_swedish_ci */ ;
/*!50003 SET @saved_sql_mode       = @@sql_mode */ ;
/*!50003 SET sql_mode              = 'STRICT_TRANS_TABLES,NO_AUTO_CREATE_USER,NO_ENGINE_SUBSTITUTION' */ ;
DELIMITER ;;
/*!50003 CREATE*/ /*!50017 DEFINER=`metabrain`@`%`*/ /*!50003 TRIGGER `inventoryimp_before_ins_tr` BEFORE INSERT ON `inventoryimp`
  FOR EACH ROW
BEGIN
 insert ignore into product (kode,nama,merk,seri,satuan,IDgolongan,hargabeli,hargajual,keterangan,tglnoneffective,diskon,diskonrp,barcode,reorderqty,expdate) 
 values (new.kode,new.nama,new.merk,new.seri,new.satuan,new.IDgolongan,new.hargabeli,new.hargajual,new.keterangan,new.tglnoneffective,new.diskon,new.diskonrp,new.barcode,new.reorderqty,new.expdate);
END */;;
DELIMITER ;
/*!50003 SET sql_mode              = @saved_sql_mode */ ;
/*!50003 SET character_set_client  = @saved_cs_client */ ;
/*!50003 SET character_set_results = @saved_cs_results */ ;
/*!50003 SET collation_connection  = @saved_col_connection */ ;
/*!50003 SET @saved_cs_client      = @@character_set_client */ ;
/*!50003 SET @saved_cs_results     = @@character_set_results */ ;
/*!50003 SET @saved_col_connection = @@collation_connection */ ;
/*!50003 SET character_set_client  = latin1 */ ;
/*!50003 SET character_set_results = latin1 */ ;
/*!50003 SET collation_connection  = latin1_swedish_ci */ ;
/*!50003 SET @saved_sql_mode       = @@sql_mode */ ;
/*!50003 SET sql_mode              = 'STRICT_TRANS_TABLES,NO_AUTO_CREATE_USER,NO_ENGINE_SUBSTITUTION' */ ;
DELIMITER ;;
/*!50003 CREATE*/ /*!50017 DEFINER=`metabrain`@`%`*/ /*!50003 TRIGGER `inventoryimp_after_ins_tr` AFTER INSERT ON `inventoryimp`
  FOR EACH ROW
BEGIN
 insert into terimagudangdetform (ipv,IDproduct,kode,nama,satuan,qty,hargabeli,hargajual) 
 values (new.ipv,(select IDproduct from product where kode=new.kode),new.kode,new.nama,new.satuan,new.qty,new.hargabelip,new.hargajualp);
END */;;
DELIMITER ;
/*!50003 SET sql_mode              = @saved_sql_mode */ ;
/*!50003 SET character_set_client  = @saved_cs_client */ ;
/*!50003 SET character_set_results = @saved_cs_results */ ;
/*!50003 SET collation_connection  = @saved_col_connection */ ;

--
-- Table structure for table `inventorytemp`
--

DROP TABLE IF EXISTS `inventorytemp`;
/*!40101 SET @saved_cs_client     = @@character_set_client */;
/*!40101 SET character_set_client = utf8 */;
CREATE TABLE `inventorytemp` (
  `IDinventory` int(11) unsigned NOT NULL AUTO_INCREMENT,
  `tgltrans` date NOT NULL,
  `kodebrg` varchar(20) NOT NULL DEFAULT '',
  `kodegudang` varchar(10) NOT NULL DEFAULT 'TK',
  `qty` double(15,3) DEFAULT '0.000',
  `satuan` varchar(20) DEFAULT NULL,
  `typetrans` varchar(20) NOT NULL DEFAULT '',
  `faktur` varchar(50) NOT NULL DEFAULT '',
  `idtrans` int(11) NOT NULL DEFAULT '0',
  `IDuser` int(11) DEFAULT NULL,
  `username` varchar(50) NOT NULL DEFAULT '',
  `waktu` time NOT NULL,
  `keterangan` varchar(500) DEFAULT NULL,
  `ipv` varchar(50) DEFAULT NULL,
  PRIMARY KEY (`IDinventory`,`tgltrans`,`kodebrg`,`kodegudang`,`typetrans`,`faktur`,`idtrans`,`username`,`waktu`),
  UNIQUE KEY `IDinventory` (`IDinventory`)
) ENGINE=InnoDB AUTO_INCREMENT=10617 DEFAULT CHARSET=latin1 COMMENT='InnoDB free: 731136 kB';
/*!40101 SET character_set_client = @saved_cs_client */;

--
-- Dumping data for table `inventorytemp`
--

LOCK TABLES `inventorytemp` WRITE;
/*!40000 ALTER TABLE `inventorytemp` DISABLE KEYS */;
INSERT INTO `inventorytemp` VALUES (10616,'2017-11-20','601001053','PST',40.000,'','STOK AWAL','STOK AWAL',0,2,'MAMAD','17:10:00','STOK AWAL','127.0.0.1');
/*!40000 ALTER TABLE `inventorytemp` ENABLE KEYS */;
UNLOCK TABLES;

--
-- Table structure for table `jasa`
--

DROP TABLE IF EXISTS `jasa`;
/*!40101 SET @saved_cs_client     = @@character_set_client */;
/*!40101 SET character_set_client = utf8 */;
CREATE TABLE `jasa` (
  `kode` varchar(20) NOT NULL DEFAULT '',
  `nama` varchar(100) DEFAULT NULL,
  `komisi` double(15,3) DEFAULT '0.000',
  `tglnoneffective` date DEFAULT '2100-01-01',
  PRIMARY KEY (`kode`)
) ENGINE=InnoDB DEFAULT CHARSET=latin1 COMMENT='InnoDB free: 731136 kB';
/*!40101 SET character_set_client = @saved_cs_client */;

--
-- Dumping data for table `jasa`
--

LOCK TABLES `jasa` WRITE;
/*!40000 ALTER TABLE `jasa` DISABLE KEYS */;
/*!40000 ALTER TABLE `jasa` ENABLE KEYS */;
UNLOCK TABLES;

--
-- Table structure for table `labelharga`
--

DROP TABLE IF EXISTS `labelharga`;
/*!40101 SET @saved_cs_client     = @@character_set_client */;
/*!40101 SET character_set_client = utf8 */;
CREATE TABLE `labelharga` (
  `ipv` varchar(50) DEFAULT NULL,
  `IDproduct` int(11) DEFAULT NULL,
  `IDproduct2` int(11) DEFAULT NULL,
  `IDproduct3` int(11) DEFAULT NULL
) ENGINE=InnoDB DEFAULT CHARSET=latin1;
/*!40101 SET character_set_client = @saved_cs_client */;

--
-- Dumping data for table `labelharga`
--

LOCK TABLES `labelharga` WRITE;
/*!40000 ALTER TABLE `labelharga` DISABLE KEYS */;
INSERT INTO `labelharga` VALUES ('127.0.0.1',1,NULL,NULL);
/*!40000 ALTER TABLE `labelharga` ENABLE KEYS */;
UNLOCK TABLES;

--
-- Table structure for table `loginfo`
--

DROP TABLE IF EXISTS `loginfo`;
/*!40101 SET @saved_cs_client     = @@character_set_client */;
/*!40101 SET character_set_client = utf8 */;
CREATE TABLE `loginfo` (
  `no` int(11) NOT NULL AUTO_INCREMENT,
  `tanggal` date DEFAULT NULL,
  `waktu` time DEFAULT NULL,
  `username` varchar(30) DEFAULT NULL,
  `computername` varchar(30) DEFAULT NULL,
  `keterangan` varchar(250) DEFAULT NULL,
  PRIMARY KEY (`no`)
) ENGINE=InnoDB AUTO_INCREMENT=26 DEFAULT CHARSET=latin1 COMMENT='InnoDB free: 731136 kB';
/*!40101 SET character_set_client = @saved_cs_client */;

--
-- Dumping data for table `loginfo`
--

LOCK TABLES `loginfo` WRITE;
/*!40000 ALTER TABLE `loginfo` DISABLE KEYS */;
INSERT INTO `loginfo` VALUES (1,'2018-07-06','23:33:19','OWNER','WIN-7-PC','Insert Golongan kode: 01,nama: opopoppo'),(2,'2018-07-06','23:42:56','OWNER','WIN-7-PC','Insert Item kode: 00119090,nama: kjljlk'),(3,'2018-07-06','23:44:12','OWNER','WIN-7-PC','Edit Item kode: 00119090,nama: kjljlk'),(4,'2018-08-01','21:06:25','OWNER','WIN-7-PC','Edit User Group OWNER'),(5,'2018-08-01','21:20:41','OWNER','WIN-7-PC','Edit User Group OWNER'),(6,'2018-08-08','01:54:14','OWNER','WIN-7-PC','Insert User ksr'),(7,'2018-08-08','01:55:04','OWNER','WIN-7-PC','Edit User Group KASIR'),(8,'2018-08-08','12:43:19','ksr','WIN-7-PC','Insert Operasional Faktur No. 01-18080001,biaya: 0'),(9,'2018-08-08','12:56:49','OWNER','WIN-7-PC','Posting transaksi penjualan, no faktur : 01-1808000001, nilai transaksi:18900'),(10,'2018-08-08','12:56:49','OWNER','WIN-7-PC','Insert Penjualan Faktur No: 01-1808000001,Total: 18900'),(11,'2018-08-24','00:52:04','OWNER','WIN-7-PC','Insert Golongan kode: 02,nama: tes'),(12,'2018-08-24','00:53:56','OWNER','WIN-7-PC','Insert Item kode: 020001,nama: test'),(13,'2018-08-27','13:28:43','OWNER','WIN-7-PC','Insert supplier nama: test'),(14,'2018-08-27','13:29:09','OWNER','WIN-7-PC','Posting transaksi pembelian, no faktur : B01-18080001, nilai transaksi:200000'),(15,'2018-08-27','13:29:09','OWNER','WIN-7-PC','Insert Pembelian Faktur No: B01-18080001,Total: 200000'),(16,'2018-08-27','13:30:24','OWNER','WIN-7-PC','Insert Pengeluaran Gudang No Bukti: PG01-1808001'),(17,'2018-08-27','13:31:31','OWNER','WIN-7-PC','Edit Pengeluaran Gudang No Bukti: PG01-1808001'),(18,'2018-08-27','13:33:03','OWNER','WIN-7-PC','Menghapus Data Pengeluaran Gudang Doc No. PG01-1808001'),(19,'2018-08-27','13:33:23','OWNER','WIN-7-PC','Insert Pengeluaran Gudang No Bukti: PG01-1808001'),(20,'2018-08-29','02:32:39','OWNER','WIN-7-PC','Posting transaksi pembelian, no faktur : B01-18080002, nilai transaksi:47000'),(21,'2018-08-29','02:32:39','OWNER','WIN-7-PC','Insert Pembelian Faktur No: B01-18080002,Total: 47000'),(22,'2018-09-03','12:49:45','OWNER','WIN-7-PC','Posting transaksi pembelian, no faktur : B01-18090001, nilai transaksi:3000'),(23,'2018-09-03','12:49:45','OWNER','WIN-7-PC','Insert Pembelian Faktur No: B01-18090001,Total: 3000'),(24,'2018-09-03','12:53:16','OWNER','WIN-7-PC','Posting transaksi pembelian, no faktur : B01-18090002, nilai transaksi:3000'),(25,'2018-09-03','12:53:16','OWNER','WIN-7-PC','Insert Pembelian Faktur No: B01-18090002,Total: 3000');
/*!40000 ALTER TABLE `loginfo` ENABLE KEYS */;
UNLOCK TABLES;

--
-- Table structure for table `menu`
--

DROP TABLE IF EXISTS `menu`;
/*!40101 SET @saved_cs_client     = @@character_set_client */;
/*!40101 SET character_set_client = utf8 */;
CREATE TABLE `menu` (
  `IDmenu` int(11) NOT NULL AUTO_INCREMENT,
  `nama` varchar(200) NOT NULL DEFAULT '',
  PRIMARY KEY (`IDmenu`)
) ENGINE=InnoDB AUTO_INCREMENT=34 DEFAULT CHARSET=latin1;
/*!40101 SET character_set_client = @saved_cs_client */;

--
-- Dumping data for table `menu`
--

LOCK TABLES `menu` WRITE;
/*!40000 ALTER TABLE `menu` DISABLE KEYS */;
INSERT INTO `menu` VALUES (1,'MASTER ITEM'),(2,'MASTER GOLONGAN'),(3,'MASTER CUSTOMER'),(4,'MASTER SALES'),(5,'MASTER SUPPLIER'),(6,'SETTING STRUK'),(7,'INPUT PENJUALAN'),(8,'INPUT RETUR PENJUALAN'),(9,'INPUT BIRO/ROMBONGAN'),(10,'INPUT PEMBELIAN'),(11,'INPUT RETUR PEMBELIAN'),(12,'PEMBAYARAN HUTANG'),(13,'INPUT STOCK ADJUSTMENT'),(14,'INPUT PENGELUARAN GUDANG'),(16,'INPUT PROMO DISKON'),(17,'INPUT ORDER PEMBELIAN'),(18,'INPUT UBAH HARGA'),(19,'OPERASIONAL'),(20,'DAFTAR PENJUALAN'),(21,'DAFTAR RETUR PENJUALAN'),(22,'DAFTAR PEMBELIAN'),(23,'DAFTAR RETUR PEMBELIAN'),(24,'DAFTAR PENGELUARAN GUDANG'),(26,'DAFTAR STOK'),(27,'DAFTAR PROMO DISKON'),(28,'DAFTAR ORDER PEMBELIAN'),(29,'DAFTAR UBAH HARGA'),(30,'BACKUP DATA'),(31,'GROUP USER'),(32,'REGISTER USER'),(33,'UBAH PASSWORD');
/*!40000 ALTER TABLE `menu` ENABLE KEYS */;
UNLOCK TABLES;

--
-- Table structure for table `operasional`
--

DROP TABLE IF EXISTS `operasional`;
/*!40101 SET @saved_cs_client     = @@character_set_client */;
/*!40101 SET character_set_client = utf8 */;
CREATE TABLE `operasional` (
  `idoperasional` bigint(20) NOT NULL AUTO_INCREMENT,
  `idTrans` int(11) DEFAULT NULL,
  `faktur` varchar(50) NOT NULL DEFAULT '',
  `tanggal` date DEFAULT NULL,
  `waktu` time DEFAULT NULL,
  `kasir` varchar(50) DEFAULT NULL,
  `kategori` varchar(50) DEFAULT NULL,
  `keterangan` varchar(500) DEFAULT NULL,
  `debet` double(15,3) DEFAULT '0.000',
  `kredit` double(15,3) DEFAULT '0.000',
  `fakturpay` varchar(50) DEFAULT NULL,
  `saldoawaltagihan` double(15,3) DEFAULT '0.000',
  PRIMARY KEY (`idoperasional`)
) ENGINE=InnoDB AUTO_INCREMENT=3 DEFAULT CHARSET=latin1 COMMENT='InnoDB free: 731136 kB';
/*!40101 SET character_set_client = @saved_cs_client */;

--
-- Dumping data for table `operasional`
--

LOCK TABLES `operasional` WRITE;
/*!40000 ALTER TABLE `operasional` DISABLE KEYS */;
INSERT INTO `operasional` VALUES (1,NULL,'01-18080001','2018-08-08','12:43:18','ksr','OPERASIONAL','tes',25000.000,0.000,NULL,0.000),(2,3,'01-1808000001','2018-08-08','12:56:49','OWNER','PENJUALAN','LUNAS',18900.000,0.000,NULL,0.000);
/*!40000 ALTER TABLE `operasional` ENABLE KEYS */;
UNLOCK TABLES;

--
-- Table structure for table `pindahgudang`
--

DROP TABLE IF EXISTS `pindahgudang`;
/*!40101 SET @saved_cs_client     = @@character_set_client */;
/*!40101 SET character_set_client = utf8 */;
CREATE TABLE `pindahgudang` (
  `IDpindahgudang` int(11) NOT NULL AUTO_INCREMENT,
  `docno` varchar(30) NOT NULL DEFAULT '',
  `doctgl` date NOT NULL,
  `IDgudang` int(11) NOT NULL,
  `IDgudangto` int(11) NOT NULL,
  `notes` varchar(500) DEFAULT NULL,
  `IDuserposted` int(11) DEFAULT NULL,
  `usernameposted` varchar(50) DEFAULT '',
  `posted` datetime DEFAULT NULL,
  PRIMARY KEY (`IDpindahgudang`),
  UNIQUE KEY `docno` (`docno`)
) ENGINE=InnoDB AUTO_INCREMENT=3 DEFAULT CHARSET=latin1;
/*!40101 SET character_set_client = @saved_cs_client */;

--
-- Dumping data for table `pindahgudang`
--

LOCK TABLES `pindahgudang` WRITE;
/*!40000 ALTER TABLE `pindahgudang` DISABLE KEYS */;
INSERT INTO `pindahgudang` VALUES (2,'PG01-1808001','2018-08-27',1,4,'',1,'OWNER','2018-08-27 13:33:23');
/*!40000 ALTER TABLE `pindahgudang` ENABLE KEYS */;
UNLOCK TABLES;
/*!50003 SET @saved_cs_client      = @@character_set_client */ ;
/*!50003 SET @saved_cs_results     = @@character_set_results */ ;
/*!50003 SET @saved_col_connection = @@collation_connection */ ;
/*!50003 SET character_set_client  = latin1 */ ;
/*!50003 SET character_set_results = latin1 */ ;
/*!50003 SET collation_connection  = latin1_swedish_ci */ ;
/*!50003 SET @saved_sql_mode       = @@sql_mode */ ;
/*!50003 SET sql_mode              = 'STRICT_TRANS_TABLES,NO_AUTO_CREATE_USER,NO_ENGINE_SUBSTITUTION' */ ;
DELIMITER ;;
/*!50003 CREATE*/ /*!50017 DEFINER=`metabrain`@`%`*/ /*!50003 TRIGGER `pindahgudang_before_upd_tr` BEFORE UPDATE ON `pindahgudang`
  FOR EACH ROW
BEGIN
 declare vkodegudang VARCHAR(10);
 declare vkodegudangto VARCHAR(10);

 select kodegudang into vkodegudang from gudang where IDgudang=new.IDgudang;
 select kodegudang into vkodegudangto from gudang where IDgudang=new.IDgudangto;

 if (old.posted is null) and (new.posted is not null) THEN
 begin
  insert into inventory (tgltrans,kodebrg,kodegudang,qty,satuan,hargabeli,hargajual,typetrans,faktur,IDtrans,IDuser,username,waktu,keterangan) 
  select new.doctgl,b.kode,vkodegudang,-1*b.qty,b.satuan,b.hargabeli,b.hargajual,'pindah gudang',new.docno,new.IDpindahgudang,new.IDuserposted,new.usernameposted,time(now()),new.notes from pindahgudangdet b where b.IDpindahgudang=new.IDpindahgudang;

 
 end;
 elseif (old.posted is not null) and (new.posted is null) THEN
 begin
  delete from inventory where IDtrans=old.IDpindahgudang and typetrans='pindah gudang';
 end;
 end if;

END */;;
DELIMITER ;
/*!50003 SET sql_mode              = @saved_sql_mode */ ;
/*!50003 SET character_set_client  = @saved_cs_client */ ;
/*!50003 SET character_set_results = @saved_cs_results */ ;
/*!50003 SET collation_connection  = @saved_col_connection */ ;
/*!50003 SET @saved_cs_client      = @@character_set_client */ ;
/*!50003 SET @saved_cs_results     = @@character_set_results */ ;
/*!50003 SET @saved_col_connection = @@collation_connection */ ;
/*!50003 SET character_set_client  = latin1 */ ;
/*!50003 SET character_set_results = latin1 */ ;
/*!50003 SET collation_connection  = latin1_swedish_ci */ ;
/*!50003 SET @saved_sql_mode       = @@sql_mode */ ;
/*!50003 SET sql_mode              = 'STRICT_TRANS_TABLES,NO_AUTO_CREATE_USER,NO_ENGINE_SUBSTITUTION' */ ;
DELIMITER ;;
/*!50003 CREATE*/ /*!50017 DEFINER=`metabrain`@`%`*/ /*!50003 TRIGGER `pindahgudang_before_del_tr` BEFORE DELETE ON `pindahgudang`
  FOR EACH ROW
BEGIN
 delete from inventory where IDtrans=old.IDpindahgudang and typetrans='pindah gudang';
END */;;
DELIMITER ;
/*!50003 SET sql_mode              = @saved_sql_mode */ ;
/*!50003 SET character_set_client  = @saved_cs_client */ ;
/*!50003 SET character_set_results = @saved_cs_results */ ;
/*!50003 SET collation_connection  = @saved_col_connection */ ;

--
-- Table structure for table `pindahgudangdet`
--

DROP TABLE IF EXISTS `pindahgudangdet`;
/*!40101 SET @saved_cs_client     = @@character_set_client */;
/*!40101 SET character_set_client = utf8 */;
CREATE TABLE `pindahgudangdet` (
  `IDpindahgudang` int(11) NOT NULL,
  `IDproduct` int(11) NOT NULL,
  `kode` varchar(20) NOT NULL DEFAULT '',
  `nama` varchar(100) NOT NULL,
  `satuan` varchar(20) NOT NULL DEFAULT '',
  `qty` double(15,3) NOT NULL DEFAULT '0.000',
  `hargabeli` double(15,3) NOT NULL DEFAULT '0.000',
  `hargajual` double(15,3) NOT NULL DEFAULT '0.000',
  KEY `IDpindahgudang` (`IDpindahgudang`),
  CONSTRAINT `pindahgudangdet_fk` FOREIGN KEY (`IDpindahgudang`) REFERENCES `pindahgudang` (`IDpindahgudang`) ON DELETE CASCADE
) ENGINE=InnoDB DEFAULT CHARSET=latin1;
/*!40101 SET character_set_client = @saved_cs_client */;

--
-- Dumping data for table `pindahgudangdet`
--

LOCK TABLES `pindahgudangdet` WRITE;
/*!40000 ALTER TABLE `pindahgudangdet` DISABLE KEYS */;
INSERT INTO `pindahgudangdet` VALUES (2,2,'020001','test','pcs',15.000,1000.000,1050.000);
/*!40000 ALTER TABLE `pindahgudangdet` ENABLE KEYS */;
UNLOCK TABLES;

--
-- Table structure for table `pindahgudangdetform`
--

DROP TABLE IF EXISTS `pindahgudangdetform`;
/*!40101 SET @saved_cs_client     = @@character_set_client */;
/*!40101 SET character_set_client = utf8 */;
CREATE TABLE `pindahgudangdetform` (
  `ipv` varchar(50) NOT NULL DEFAULT '',
  `IDproduct` int(11) unsigned NOT NULL,
  `kode` varchar(20) NOT NULL DEFAULT '',
  `nama` varchar(100) NOT NULL,
  `satuan` varchar(20) NOT NULL DEFAULT '',
  `qty` double(15,3) NOT NULL DEFAULT '0.000',
  `hargabeli` double(15,3) NOT NULL DEFAULT '0.000',
  `hargajual` double(15,3) NOT NULL DEFAULT '0.000'
) ENGINE=InnoDB DEFAULT CHARSET=latin1;
/*!40101 SET character_set_client = @saved_cs_client */;

--
-- Dumping data for table `pindahgudangdetform`
--

LOCK TABLES `pindahgudangdetform` WRITE;
/*!40000 ALTER TABLE `pindahgudangdetform` DISABLE KEYS */;
/*!40000 ALTER TABLE `pindahgudangdetform` ENABLE KEYS */;
UNLOCK TABLES;

--
-- Table structure for table `prodbuf`
--

DROP TABLE IF EXISTS `prodbuf`;
/*!40101 SET @saved_cs_client     = @@character_set_client */;
/*!40101 SET character_set_client = utf8 */;
CREATE TABLE `prodbuf` (
  `kode` varchar(20) NOT NULL DEFAULT '',
  `barcode` varchar(80) DEFAULT NULL,
  `nama` varchar(100) DEFAULT NULL,
  `qty` double(15,3) DEFAULT '0.000',
  `satuan` varchar(20) DEFAULT NULL,
  `hargajual` double(15,3) DEFAULT '0.000',
  `kodegol` varchar(20) DEFAULT NULL
) ENGINE=InnoDB DEFAULT CHARSET=latin1 COMMENT='InnoDB free: 731136 kB;';
/*!40101 SET character_set_client = @saved_cs_client */;

--
-- Dumping data for table `prodbuf`
--

LOCK TABLES `prodbuf` WRITE;
/*!40000 ALTER TABLE `prodbuf` DISABLE KEYS */;
/*!40000 ALTER TABLE `prodbuf` ENABLE KEYS */;
UNLOCK TABLES;

--
-- Table structure for table `product`
--

DROP TABLE IF EXISTS `product`;
/*!40101 SET @saved_cs_client     = @@character_set_client */;
/*!40101 SET character_set_client = utf8 */;
CREATE TABLE `product` (
  `IDproduct` int(11) unsigned NOT NULL AUTO_INCREMENT,
  `kode` varchar(20) NOT NULL DEFAULT '',
  `nama` varchar(100) NOT NULL,
  `merk` varchar(50) DEFAULT NULL,
  `seri` varchar(50) DEFAULT NULL,
  `satuan` varchar(20) NOT NULL,
  `IDgolongan` int(11) NOT NULL,
  `hargabeli` double(15,3) NOT NULL DEFAULT '0.000',
  `hargajual` double(15,3) NOT NULL DEFAULT '0.000',
  `keterangan` varchar(255) DEFAULT NULL,
  `tglnoneffective` date DEFAULT NULL,
  `diskon` float(9,3) NOT NULL DEFAULT '0.000',
  `diskonrp` double(15,3) NOT NULL DEFAULT '0.000',
  `barcode` varchar(80) DEFAULT NULL,
  `SL` double(15,3) NOT NULL DEFAULT '0.000',
  `SLT` double(15,3) NOT NULL DEFAULT '0.000',
  `CT` double(15,3) NOT NULL DEFAULT '0.000',
  `CTT` double(15,3) NOT NULL DEFAULT '0.000',
  `CB` double(15,3) NOT NULL DEFAULT '0.000',
  `CBT` double(15,3) NOT NULL DEFAULT '0.000',
  `SLR` double(15,3) NOT NULL DEFAULT '0.000',
  `CTR` double(15,3) NOT NULL DEFAULT '0.000',
  `CBR` double(15,3) NOT NULL DEFAULT '0.000',
  `reorderqty` double(15,3) NOT NULL DEFAULT '0.000',
  `expdate` date DEFAULT NULL,
  `feebiro` float(9,3) NOT NULL DEFAULT '0.000',
  `feedrivertl` double(15,3) NOT NULL DEFAULT '0.000',
  `margin` float(9,3) NOT NULL DEFAULT '0.000',
  PRIMARY KEY (`kode`),
  UNIQUE KEY `IDproduct` (`IDproduct`),
  UNIQUE KEY `kode` (`kode`,`nama`,`merk`,`seri`,`satuan`,`IDgolongan`,`hargabeli`,`hargajual`,`keterangan`,`barcode`)
) ENGINE=InnoDB AUTO_INCREMENT=3 DEFAULT CHARSET=latin1 COMMENT='InnoDB free: 731136 kB; (`kodepromo`) REFER `sparepart/promo`(`kode`) ON UPDATE ';
/*!40101 SET character_set_client = @saved_cs_client */;

--
-- Dumping data for table `product`
--

LOCK TABLES `product` WRITE;
/*!40000 ALTER TABLE `product` DISABLE KEYS */;
INSERT INTO `product` VALUES (1,'00119090','kjljlk','poio','','pcs',1,9000.000,9450.000,'',NULL,0.000,0.000,'010011000001',5.000,-2.000,0.000,0.000,0.000,0.000,0.000,0.000,0.000,0.000,NULL,0.000,0.000,5.000),(2,'020001','test','-','','pcs',2,1000.000,1050.000,'',NULL,0.000,0.000,'020001000001',193.000,0.000,0.000,0.000,0.000,0.000,0.000,0.000,0.000,0.000,NULL,0.000,0.000,5.000);
/*!40000 ALTER TABLE `product` ENABLE KEYS */;
UNLOCK TABLES;
/*!50003 SET @saved_cs_client      = @@character_set_client */ ;
/*!50003 SET @saved_cs_results     = @@character_set_results */ ;
/*!50003 SET @saved_col_connection = @@collation_connection */ ;
/*!50003 SET character_set_client  = latin1 */ ;
/*!50003 SET character_set_results = latin1 */ ;
/*!50003 SET collation_connection  = latin1_swedish_ci */ ;
/*!50003 SET @saved_sql_mode       = @@sql_mode */ ;
/*!50003 SET sql_mode              = 'STRICT_TRANS_TABLES,NO_AUTO_CREATE_USER,NO_ENGINE_SUBSTITUTION' */ ;
DELIMITER ;;
/*!50003 CREATE*/ /*!50017 DEFINER=`metabrain`@`%`*/ /*!50003 TRIGGER `product_after_ins_tr` AFTER INSERT ON `product`
  FOR EACH ROW
BEGIN
 insert into productgudang (IDproduct,IDgudang) select new.IDproduct,IDgudang from gudang order by IDgudang;
END */;;
DELIMITER ;
/*!50003 SET sql_mode              = @saved_sql_mode */ ;
/*!50003 SET character_set_client  = @saved_cs_client */ ;
/*!50003 SET character_set_results = @saved_cs_results */ ;
/*!50003 SET collation_connection  = @saved_col_connection */ ;

--
-- Table structure for table `productgudang`
--

DROP TABLE IF EXISTS `productgudang`;
/*!40101 SET @saved_cs_client     = @@character_set_client */;
/*!40101 SET character_set_client = utf8 */;
CREATE TABLE `productgudang` (
  `IDproduct` int(11) unsigned NOT NULL,
  `IDgudang` int(11) NOT NULL,
  `qty` double(15,3) NOT NULL DEFAULT '0.000',
  PRIMARY KEY (`IDproduct`,`IDgudang`),
  KEY `IDgudang` (`IDgudang`),
  KEY `IDproduct` (`IDproduct`),
  CONSTRAINT `productgudang_fk1` FOREIGN KEY (`IDgudang`) REFERENCES `gudang` (`IDgudang`) ON UPDATE CASCADE
) ENGINE=InnoDB DEFAULT CHARSET=latin1;
/*!40101 SET character_set_client = @saved_cs_client */;

--
-- Dumping data for table `productgudang`
--

LOCK TABLES `productgudang` WRITE;
/*!40000 ALTER TABLE `productgudang` DISABLE KEYS */;
INSERT INTO `productgudang` VALUES (1,1,5.000),(1,4,-2.000),(1,7,0.000),(2,1,193.000),(2,4,0.000),(2,7,0.000);
/*!40000 ALTER TABLE `productgudang` ENABLE KEYS */;
UNLOCK TABLES;

--
-- Table structure for table `purchaseorder`
--

DROP TABLE IF EXISTS `purchaseorder`;
/*!40101 SET @saved_cs_client     = @@character_set_client */;
/*!40101 SET character_set_client = utf8 */;
CREATE TABLE `purchaseorder` (
  `IDpurchaseorder` int(11) NOT NULL AUTO_INCREMENT,
  `IDsupplier` int(11) NOT NULL,
  `pono` varchar(50) NOT NULL,
  `tgl` date NOT NULL,
  `totalprice` double(15,3) NOT NULL DEFAULT '0.000',
  `notes` varchar(500) DEFAULT NULL,
  `IDuserposted` int(11) DEFAULT NULL,
  `usernameposted` varchar(50) DEFAULT NULL,
  `posted` datetime DEFAULT NULL,
  PRIMARY KEY (`IDpurchaseorder`),
  UNIQUE KEY `pono` (`pono`)
) ENGINE=InnoDB DEFAULT CHARSET=latin1;
/*!40101 SET character_set_client = @saved_cs_client */;

--
-- Dumping data for table `purchaseorder`
--

LOCK TABLES `purchaseorder` WRITE;
/*!40000 ALTER TABLE `purchaseorder` DISABLE KEYS */;
/*!40000 ALTER TABLE `purchaseorder` ENABLE KEYS */;
UNLOCK TABLES;

--
-- Table structure for table `purchaseorderdet`
--

DROP TABLE IF EXISTS `purchaseorderdet`;
/*!40101 SET @saved_cs_client     = @@character_set_client */;
/*!40101 SET character_set_client = utf8 */;
CREATE TABLE `purchaseorderdet` (
  `IDpurchaseorder` int(11) NOT NULL,
  `IDproduct` int(11) NOT NULL,
  `kode` varchar(20) NOT NULL,
  `nama` varchar(100) NOT NULL,
  `satuan` varchar(20) NOT NULL,
  `qty` double(15,3) NOT NULL DEFAULT '0.000',
  `hargabeli` double(15,3) NOT NULL DEFAULT '0.000',
  `hargajual` double(15,3) NOT NULL DEFAULT '0.000',
  KEY `IDpurchaseorder` (`IDpurchaseorder`),
  CONSTRAINT `purchaseorderdet_fk` FOREIGN KEY (`IDpurchaseorder`) REFERENCES `purchaseorder` (`IDpurchaseorder`) ON DELETE CASCADE
) ENGINE=InnoDB DEFAULT CHARSET=latin1;
/*!40101 SET character_set_client = @saved_cs_client */;

--
-- Dumping data for table `purchaseorderdet`
--

LOCK TABLES `purchaseorderdet` WRITE;
/*!40000 ALTER TABLE `purchaseorderdet` DISABLE KEYS */;
/*!40000 ALTER TABLE `purchaseorderdet` ENABLE KEYS */;
UNLOCK TABLES;

--
-- Table structure for table `purchaseorderdetform`
--

DROP TABLE IF EXISTS `purchaseorderdetform`;
/*!40101 SET @saved_cs_client     = @@character_set_client */;
/*!40101 SET character_set_client = utf8 */;
CREATE TABLE `purchaseorderdetform` (
  `ipv` varchar(50) NOT NULL DEFAULT '',
  `IDproduct` int(11) unsigned NOT NULL,
  `kode` varchar(20) NOT NULL,
  `nama` varchar(100) NOT NULL,
  `satuan` varchar(20) NOT NULL,
  `qty` double(15,3) NOT NULL DEFAULT '0.000',
  `hargabeli` double(15,3) NOT NULL DEFAULT '0.000',
  `hargajual` double(15,3) NOT NULL DEFAULT '0.000'
) ENGINE=InnoDB DEFAULT CHARSET=latin1;
/*!40101 SET character_set_client = @saved_cs_client */;

--
-- Dumping data for table `purchaseorderdetform`
--

LOCK TABLES `purchaseorderdetform` WRITE;
/*!40000 ALTER TABLE `purchaseorderdetform` DISABLE KEYS */;
/*!40000 ALTER TABLE `purchaseorderdetform` ENABLE KEYS */;
UNLOCK TABLES;

--
-- Table structure for table `reportrugilaba`
--

DROP TABLE IF EXISTS `reportrugilaba`;
/*!40101 SET @saved_cs_client     = @@character_set_client */;
/*!40101 SET character_set_client = utf8 */;
CREATE TABLE `reportrugilaba` (
  `idrugilaba` int(11) NOT NULL AUTO_INCREMENT,
  `tanggal` date DEFAULT NULL,
  `keterangan` varchar(255) DEFAULT NULL,
  `labakotor` double(15,3) DEFAULT '0.000',
  `operasional` double(15,3) DEFAULT '0.000',
  `pajak` double(15,3) DEFAULT '0.000',
  `ipv` varchar(50) DEFAULT NULL,
  PRIMARY KEY (`idrugilaba`)
) ENGINE=InnoDB AUTO_INCREMENT=3 DEFAULT CHARSET=latin1 COMMENT='InnoDB free: 731136 kB';
/*!40101 SET character_set_client = @saved_cs_client */;

--
-- Dumping data for table `reportrugilaba`
--

LOCK TABLES `reportrugilaba` WRITE;
/*!40000 ALTER TABLE `reportrugilaba` DISABLE KEYS */;
INSERT INTO `reportrugilaba` VALUES (1,NULL,'Penjualan',395771251.000,0.000,0.000,'192.168.0.1'),(2,NULL,'Retur Penjualan',-175408.000,0.000,0.000,'192.168.0.1');
/*!40000 ALTER TABLE `reportrugilaba` ENABLE KEYS */;
UNLOCK TABLES;

--
-- Table structure for table `returbelidetail`
--

DROP TABLE IF EXISTS `returbelidetail`;
/*!40101 SET @saved_cs_client     = @@character_set_client */;
/*!40101 SET character_set_client = utf8 */;
CREATE TABLE `returbelidetail` (
  `idReturBeli` int(11) NOT NULL,
  `faktur` varchar(50) DEFAULT NULL,
  `kode` varchar(20) DEFAULT NULL,
  `nama` varchar(100) DEFAULT NULL,
  `kategori` varchar(50) DEFAULT NULL,
  `merk` varchar(50) DEFAULT NULL,
  `seri` varchar(50) DEFAULT NULL,
  `keterangan` text,
  `qtybeli` double(15,3) DEFAULT '0.000',
  `qtyretur` double(15,3) DEFAULT '0.000',
  `hargabeli` double(15,3) DEFAULT '0.000',
  `diskon` float(9,3) DEFAULT NULL,
  `diskon_rp` double(15,3) DEFAULT '0.000',
  `diskonrp` double(15,3) DEFAULT '0.000',
  `satuan` varchar(20) DEFAULT NULL,
  `kodegudang` varchar(10) DEFAULT NULL,
  `subtotal` double(15,3) DEFAULT '0.000',
  `fakturbeli` varchar(50) DEFAULT NULL,
  `hargajual` double(15,3) DEFAULT '0.000'
) ENGINE=InnoDB DEFAULT CHARSET=latin1 COMMENT='InnoDB free: 731136 kB';
/*!40101 SET character_set_client = @saved_cs_client */;

--
-- Dumping data for table `returbelidetail`
--

LOCK TABLES `returbelidetail` WRITE;
/*!40000 ALTER TABLE `returbelidetail` DISABLE KEYS */;
/*!40000 ALTER TABLE `returbelidetail` ENABLE KEYS */;
UNLOCK TABLES;

--
-- Table structure for table `returbelimaster`
--

DROP TABLE IF EXISTS `returbelimaster`;
/*!40101 SET @saved_cs_client     = @@character_set_client */;
/*!40101 SET character_set_client = utf8 */;
CREATE TABLE `returbelimaster` (
  `idReturBeli` int(11) NOT NULL AUTO_INCREMENT,
  `faktur` varchar(50) NOT NULL DEFAULT '',
  `tanggal` date DEFAULT NULL,
  `waktu` time DEFAULT NULL,
  `operator` varchar(50) DEFAULT NULL,
  `fakturbeli` varchar(50) DEFAULT NULL,
  `noinvoice` varchar(50) DEFAULT NULL,
  `kodesupplier` varchar(20) DEFAULT NULL,
  `supplier` varchar(100) DEFAULT NULL,
  `alamat` varchar(250) DEFAULT NULL,
  `kota` varchar(100) DEFAULT NULL,
  `totaltrans` double(15,3) DEFAULT '0.000',
  `subtotal` double(15,3) DEFAULT '0.000',
  `ppn` double(15,3) DEFAULT '0.000',
  `totalretur` double(15,3) DEFAULT '0.000',
  `lunas` tinyint(1) DEFAULT '0',
  `isposted` tinyint(1) DEFAULT '0' COMMENT '-1 = batal posting\r\n0 = belum posting\r\n1 = sudah posting',
  `pembayaran` varchar(20) DEFAULT NULL,
  `checked` tinyint(1) DEFAULT '0',
  `kodegudang` varchar(10) DEFAULT NULL,
  PRIMARY KEY (`idReturBeli`),
  UNIQUE KEY `faktur` (`faktur`)
) ENGINE=InnoDB DEFAULT CHARSET=latin1 COMMENT='InnoDB free: 731136 kB';
/*!40101 SET character_set_client = @saved_cs_client */;

--
-- Dumping data for table `returbelimaster`
--

LOCK TABLES `returbelimaster` WRITE;
/*!40000 ALTER TABLE `returbelimaster` DISABLE KEYS */;
/*!40000 ALTER TABLE `returbelimaster` ENABLE KEYS */;
UNLOCK TABLES;

--
-- Table structure for table `returjualdetail`
--

DROP TABLE IF EXISTS `returjualdetail`;
/*!40101 SET @saved_cs_client     = @@character_set_client */;
/*!40101 SET character_set_client = utf8 */;
CREATE TABLE `returjualdetail` (
  `idReturJual` int(11) NOT NULL,
  `faktur` varchar(50) DEFAULT NULL,
  `kode` varchar(20) DEFAULT NULL,
  `nama` varchar(100) DEFAULT NULL,
  `kategori` varchar(50) DEFAULT NULL,
  `merk` varchar(50) DEFAULT NULL,
  `seri` varchar(50) DEFAULT NULL,
  `keterangan` varchar(255) DEFAULT NULL,
  `qtyjual` double(15,3) DEFAULT '0.000',
  `qtyretur` double(15,3) DEFAULT '0.000',
  `hargajual` double(15,3) DEFAULT '0.000',
  `diskon` float(9,3) DEFAULT '0.000',
  `diskon_rp` double(15,3) DEFAULT '0.000',
  `diskonrp` double(15,3) DEFAULT '0.000',
  `satuan` varchar(20) DEFAULT NULL,
  `fakturjual` varchar(50) DEFAULT NULL,
  `kodegudang` varchar(10) DEFAULT NULL,
  `hargabeli` double(15,3) DEFAULT '0.000',
  `subtotal` double(15,3) DEFAULT '0.000',
  `fakturjualold` varchar(50) DEFAULT NULL,
  `fakturjualnew` varchar(50) DEFAULT NULL
) ENGINE=InnoDB DEFAULT CHARSET=latin1 COMMENT='InnoDB free: 731136 kB';
/*!40101 SET character_set_client = @saved_cs_client */;

--
-- Dumping data for table `returjualdetail`
--

LOCK TABLES `returjualdetail` WRITE;
/*!40000 ALTER TABLE `returjualdetail` DISABLE KEYS */;
/*!40000 ALTER TABLE `returjualdetail` ENABLE KEYS */;
UNLOCK TABLES;

--
-- Table structure for table `returjualmaster`
--

DROP TABLE IF EXISTS `returjualmaster`;
/*!40101 SET @saved_cs_client     = @@character_set_client */;
/*!40101 SET character_set_client = utf8 */;
CREATE TABLE `returjualmaster` (
  `idReturJual` int(11) NOT NULL AUTO_INCREMENT,
  `faktur` varchar(50) NOT NULL DEFAULT '',
  `tanggal` date DEFAULT NULL,
  `waktu` time DEFAULT NULL,
  `operator` varchar(50) DEFAULT NULL,
  `kodecustomer` varchar(20) DEFAULT NULL,
  `customer` varchar(100) DEFAULT NULL,
  `alamat` varchar(250) DEFAULT NULL,
  `kota` varchar(100) DEFAULT NULL,
  `totaltrans` double(15,3) DEFAULT '0.000',
  `subtotal` double(15,3) NOT NULL DEFAULT '0.000',
  `ppn` double(15,3) NOT NULL DEFAULT '0.000',
  `totalretur` double(15,3) DEFAULT '0.000',
  `lunas` tinyint(1) DEFAULT '0',
  `fakturjual` varchar(50) NOT NULL,
  `isposted` tinyint(1) DEFAULT '0' COMMENT '-1 = batal posting\r\n0 = belum posting\r\n1 = sudah posting',
  `pembayaran` varchar(20) DEFAULT NULL,
  `checked` tinyint(1) DEFAULT '0',
  `kodegudang` varchar(10) NOT NULL DEFAULT 'TK',
  `returpajakno` varchar(20) DEFAULT NULL,
  PRIMARY KEY (`idReturJual`),
  UNIQUE KEY `faktur` (`faktur`)
) ENGINE=InnoDB DEFAULT CHARSET=latin1 COMMENT='InnoDB free: 731136 kB';
/*!40101 SET character_set_client = @saved_cs_client */;

--
-- Dumping data for table `returjualmaster`
--

LOCK TABLES `returjualmaster` WRITE;
/*!40000 ALTER TABLE `returjualmaster` DISABLE KEYS */;
/*!40000 ALTER TABLE `returjualmaster` ENABLE KEYS */;
UNLOCK TABLES;

--
-- Table structure for table `rusakdetail`
--

DROP TABLE IF EXISTS `rusakdetail`;
/*!40101 SET @saved_cs_client     = @@character_set_client */;
/*!40101 SET character_set_client = utf8 */;
CREATE TABLE `rusakdetail` (
  `faktur` varchar(50) DEFAULT NULL,
  `kode` varchar(20) DEFAULT NULL,
  `nama` varchar(100) DEFAULT NULL,
  `kategori` varchar(50) DEFAULT NULL,
  `merk` varchar(50) DEFAULT NULL,
  `seri` varchar(50) DEFAULT NULL,
  `quantity` double(15,3) DEFAULT '0.000',
  `satuan` varchar(20) DEFAULT NULL,
  `idrusak` int(11) NOT NULL,
  KEY `faktur` (`faktur`)
) ENGINE=InnoDB DEFAULT CHARSET=latin1 COMMENT='InnoDB free: 731136 kB';
/*!40101 SET character_set_client = @saved_cs_client */;

--
-- Dumping data for table `rusakdetail`
--

LOCK TABLES `rusakdetail` WRITE;
/*!40000 ALTER TABLE `rusakdetail` DISABLE KEYS */;
/*!40000 ALTER TABLE `rusakdetail` ENABLE KEYS */;
UNLOCK TABLES;

--
-- Table structure for table `rusakmaster`
--

DROP TABLE IF EXISTS `rusakmaster`;
/*!40101 SET @saved_cs_client     = @@character_set_client */;
/*!40101 SET character_set_client = utf8 */;
CREATE TABLE `rusakmaster` (
  `idrusak` int(11) NOT NULL AUTO_INCREMENT,
  `faktur` varchar(50) NOT NULL DEFAULT '',
  `tanggal` date DEFAULT NULL,
  `waktu` time DEFAULT NULL,
  `kasir` varchar(50) DEFAULT NULL,
  `isposted` tinyint(1) DEFAULT '0' COMMENT '-1 = batal posting\r\n0 = belum posting\r\n1 = sudah posting',
  PRIMARY KEY (`idrusak`)
) ENGINE=InnoDB DEFAULT CHARSET=latin1 COMMENT='InnoDB free: 731136 kB';
/*!40101 SET character_set_client = @saved_cs_client */;

--
-- Dumping data for table `rusakmaster`
--

LOCK TABLES `rusakmaster` WRITE;
/*!40000 ALTER TABLE `rusakmaster` DISABLE KEYS */;
/*!40000 ALTER TABLE `rusakmaster` ENABLE KEYS */;
UNLOCK TABLES;

--
-- Table structure for table `sales`
--

DROP TABLE IF EXISTS `sales`;
/*!40101 SET @saved_cs_client     = @@character_set_client */;
/*!40101 SET character_set_client = utf8 */;
CREATE TABLE `sales` (
  `idsales` int(11) NOT NULL AUTO_INCREMENT,
  `kode` varchar(20) NOT NULL DEFAULT '',
  `nama` varchar(100) NOT NULL DEFAULT '',
  `alamat` varchar(255) DEFAULT NULL,
  `kota` varchar(100) DEFAULT NULL,
  `tgllahir` date DEFAULT NULL,
  `tempatlahir` varchar(100) DEFAULT NULL,
  `tglmasuk` date DEFAULT NULL,
  `noktp` varchar(50) DEFAULT NULL,
  `tglnoneffective` date DEFAULT NULL,
  PRIMARY KEY (`idsales`),
  UNIQUE KEY `kode` (`kode`),
  UNIQUE KEY `nama` (`nama`)
) ENGINE=InnoDB AUTO_INCREMENT=7 DEFAULT CHARSET=latin1 COMMENT='InnoDB free: 731136 kB';
/*!40101 SET character_set_client = @saved_cs_client */;

--
-- Dumping data for table `sales`
--

LOCK TABLES `sales` WRITE;
/*!40000 ALTER TABLE `sales` DISABLE KEYS */;
INSERT INTO `sales` VALUES (2,'DD','DODDY','GRIYA BANYUMANIK ASRI NO.17','SEMARANG','1974-05-23','KLATEN','2009-07-01','3515146604740002\r',NULL),(3,'TT','TUTUT','GRIYA BANYUMANIK ASRI NO.17','SEMARANG','1974-04-26','KLATEN','2010-12-20','3515146604740002\r',NULL),(4,'SG','SUGENG','SUSUKAN MOJO RT.4/7','UNGARAN',NULL,NULL,NULL,NULL,NULL),(5,'IM','IMUNG','Jl.KARANGREJO II No.18B RT.04/07','SEMARANG','1984-07-20','SEMARANG','2012-05-22','\r',NULL),(6,'AR','ARDIYAN','Jl.GEDAWANG RT.02/03','SEMARANG','1984-09-24','SEMARANG','2013-06-17','3374112609840000\r',NULL);
/*!40000 ALTER TABLE `sales` ENABLE KEYS */;
UNLOCK TABLES;

--
-- Table structure for table `selldetail`
--

DROP TABLE IF EXISTS `selldetail`;
/*!40101 SET @saved_cs_client     = @@character_set_client */;
/*!40101 SET character_set_client = utf8 */;
CREATE TABLE `selldetail` (
  `faktur` varchar(50) DEFAULT NULL,
  `kode` varchar(20) DEFAULT NULL,
  `nama` varchar(100) DEFAULT NULL,
  `kategori` varchar(50) DEFAULT NULL,
  `merk` varchar(50) DEFAULT NULL,
  `seri` varchar(50) DEFAULT NULL,
  `hargajual` double(15,3) DEFAULT '0.000',
  `diskon` float(9,3) DEFAULT '0.000',
  `diskonrp` double(15,3) DEFAULT '0.000',
  `diskon_rp` double(15,3) NOT NULL DEFAULT '0.000',
  `quantity` double(15,3) DEFAULT '0.000',
  `hargabeli` double(15,3) DEFAULT '0.000',
  `satuan` varchar(20) DEFAULT NULL,
  `subtotal` double(15,3) DEFAULT '0.000',
  `isposted` tinyint(1) DEFAULT '1',
  `idstts` tinyint(4) DEFAULT '0' COMMENT '0 = Value\r\n1 = Free\r\n2 = Tukar',
  `idsell` int(11) NOT NULL,
  `komisisales` double(15,3) NOT NULL DEFAULT '0.000',
  `feebiro` float(9,3) NOT NULL DEFAULT '0.000',
  `feedrivertl` double(15,3) NOT NULL DEFAULT '0.000',
  KEY `faktur` (`faktur`),
  KEY `idsell` (`idsell`),
  CONSTRAINT `selldetail_fk` FOREIGN KEY (`faktur`) REFERENCES `sellmaster` (`faktur`) ON UPDATE CASCADE,
  CONSTRAINT `selldetail_fk1` FOREIGN KEY (`idsell`) REFERENCES `sellmaster` (`idsell`)
) ENGINE=InnoDB DEFAULT CHARSET=latin1 COMMENT='InnoDB free: 731136 kB; (`faktur`) REFER `sparepart/sellmaster`(`faktur`); (`ids';
/*!40101 SET character_set_client = @saved_cs_client */;

--
-- Dumping data for table `selldetail`
--

LOCK TABLES `selldetail` WRITE;
/*!40000 ALTER TABLE `selldetail` DISABLE KEYS */;
INSERT INTO `selldetail` VALUES ('01-1808000001','00119090','kjljlk','opopoppo','poio','',9450.000,0.000,0.000,0.000,2.000,9000.000,'pcs',18900.000,1,0,3,0.000,0.000,0.000);
/*!40000 ALTER TABLE `selldetail` ENABLE KEYS */;
UNLOCK TABLES;

--
-- Table structure for table `sellmaster`
--

DROP TABLE IF EXISTS `sellmaster`;
/*!40101 SET @saved_cs_client     = @@character_set_client */;
/*!40101 SET character_set_client = utf8 */;
CREATE TABLE `sellmaster` (
  `idsell` int(11) NOT NULL AUTO_INCREMENT,
  `IDselltourgroup` int(11) unsigned DEFAULT NULL,
  `IDsales` int(11) NOT NULL,
  `IDcustomer` int(11) NOT NULL,
  `faktur` varchar(50) NOT NULL DEFAULT '',
  `tanggal` date DEFAULT NULL,
  `waktu` time DEFAULT NULL,
  `kasir` varchar(50) DEFAULT NULL,
  `subtotal` double(15,3) DEFAULT '0.000',
  `discbulat` double(15,3) DEFAULT '0.000',
  `grandtotal` double(15,3) DEFAULT '0.000',
  `bayartunai` double(15,3) DEFAULT '0.000',
  `bayarcard` double(15,3) DEFAULT '0.000',
  `cardbank` varchar(50) DEFAULT NULL,
  `cardno` varchar(50) DEFAULT NULL,
  `cardname` varchar(100) DEFAULT NULL,
  `kembali` double(15,3) DEFAULT '0.000',
  `isposted` tinyint(1) DEFAULT '0',
  `lunas` tinyint(1) DEFAULT '0',
  `totalpayment` double(15,3) DEFAULT '0.000',
  `bayarskrg` double(15,3) DEFAULT '0.000',
  `checked` tinyint(1) DEFAULT '0',
  `keterangan` varchar(500) DEFAULT NULL,
  `ppn` double(15,3) NOT NULL DEFAULT '0.000',
  `fakturpajakno` varchar(80) DEFAULT NULL,
  `totalretur` double(15,3) NOT NULL DEFAULT '0.000',
  PRIMARY KEY (`idsell`),
  UNIQUE KEY `faktur` (`faktur`),
  KEY `IDcustomer` (`IDcustomer`),
  KEY `IDselltourgroup` (`IDselltourgroup`),
  CONSTRAINT `sellmaster_fk` FOREIGN KEY (`IDcustomer`) REFERENCES `customer` (`IDcustomer`),
  CONSTRAINT `sellmaster_fk1` FOREIGN KEY (`IDselltourgroup`) REFERENCES `selltourgroup` (`IDselltourgroup`)
) ENGINE=InnoDB AUTO_INCREMENT=4 DEFAULT CHARSET=latin1 COMMENT='InnoDB free: 731136 kB';
/*!40101 SET character_set_client = @saved_cs_client */;

--
-- Dumping data for table `sellmaster`
--

LOCK TABLES `sellmaster` WRITE;
/*!40000 ALTER TABLE `sellmaster` DISABLE KEYS */;
INSERT INTO `sellmaster` VALUES (3,NULL,4,1,'01-1808000001','2018-08-08','12:56:49','OWNER',18900.000,0.000,18900.000,18900.000,0.000,'','','',0.000,1,1,18900.000,0.000,0,'',0.000,NULL,0.000);
/*!40000 ALTER TABLE `sellmaster` ENABLE KEYS */;
UNLOCK TABLES;

--
-- Table structure for table `sellpayment`
--

DROP TABLE IF EXISTS `sellpayment`;
/*!40101 SET @saved_cs_client     = @@character_set_client */;
/*!40101 SET character_set_client = utf8 */;
CREATE TABLE `sellpayment` (
  `faktur` varchar(50) NOT NULL DEFAULT '',
  `kodecustomer` varchar(20) NOT NULL DEFAULT '',
  `customer` varchar(100) DEFAULT NULL,
  `tanggal` date NOT NULL,
  `waktu` time NOT NULL,
  `kasir` varchar(50) DEFAULT NULL,
  `transfer` double(15,3) DEFAULT '0.000',
  `tunai` double(15,3) DEFAULT '0.000',
  `bg` double(15,3) DEFAULT '0.000',
  `totalpiutangfaktur` double(15,3) DEFAULT '0.000',
  `totalretur` double(15,3) DEFAULT '0.000',
  `diskonrp` double(15,3) DEFAULT '0.000',
  `tanggalinput` date NOT NULL,
  `notes` varchar(500) DEFAULT NULL,
  `isposted` tinyint(1) DEFAULT '0',
  `saldo_piutang` double(15,3) DEFAULT '0.000',
  PRIMARY KEY (`faktur`)
) ENGINE=InnoDB DEFAULT CHARSET=latin1 COMMENT='InnoDB free: 731136 kB';
/*!40101 SET character_set_client = @saved_cs_client */;

--
-- Dumping data for table `sellpayment`
--

LOCK TABLES `sellpayment` WRITE;
/*!40000 ALTER TABLE `sellpayment` DISABLE KEYS */;
/*!40000 ALTER TABLE `sellpayment` ENABLE KEYS */;
UNLOCK TABLES;

--
-- Table structure for table `sellpaymentbg`
--

DROP TABLE IF EXISTS `sellpaymentbg`;
/*!40101 SET @saved_cs_client     = @@character_set_client */;
/*!40101 SET character_set_client = utf8 */;
CREATE TABLE `sellpaymentbg` (
  `faktur` varchar(50) NOT NULL DEFAULT '',
  `tgl` date DEFAULT NULL,
  `transfer` double(15,3) DEFAULT '0.000',
  `bg` double(15,3) DEFAULT '0.000',
  `bgno` varchar(50) DEFAULT NULL,
  `bgbank` varchar(200) DEFAULT NULL,
  `bgtempo` date DEFAULT NULL,
  `tobank` varchar(200) DEFAULT NULL
) ENGINE=InnoDB DEFAULT CHARSET=latin1 COMMENT='InnoDB free: 731136 kB';
/*!40101 SET character_set_client = @saved_cs_client */;

--
-- Dumping data for table `sellpaymentbg`
--

LOCK TABLES `sellpaymentbg` WRITE;
/*!40000 ALTER TABLE `sellpaymentbg` DISABLE KEYS */;
/*!40000 ALTER TABLE `sellpaymentbg` ENABLE KEYS */;
UNLOCK TABLES;

--
-- Table structure for table `selltourgroup`
--

DROP TABLE IF EXISTS `selltourgroup`;
/*!40101 SET @saved_cs_client     = @@character_set_client */;
/*!40101 SET character_set_client = utf8 */;
CREATE TABLE `selltourgroup` (
  `IDselltourgroup` int(11) unsigned NOT NULL AUTO_INCREMENT,
  `nogroup` varchar(20) NOT NULL,
  `tgl` date NOT NULL,
  `namatour` varchar(150) NOT NULL,
  `jumlorg` tinyint(4) NOT NULL DEFAULT '1',
  `leader` varchar(150) NOT NULL,
  `driver` varchar(150) NOT NULL,
  `asal` varchar(150) DEFAULT NULL,
  `tujuan` varchar(150) DEFAULT NULL,
  `keterangan` text,
  PRIMARY KEY (`IDselltourgroup`)
) ENGINE=InnoDB AUTO_INCREMENT=2 DEFAULT CHARSET=latin1;
/*!40101 SET character_set_client = @saved_cs_client */;

--
-- Dumping data for table `selltourgroup`
--

LOCK TABLES `selltourgroup` WRITE;
/*!40000 ALTER TABLE `selltourgroup` DISABLE KEYS */;
INSERT INTO `selltourgroup` VALUES (1,'01','2018-06-12','tes',5,'ldr1','drv1','','','');
/*!40000 ALTER TABLE `selltourgroup` ENABLE KEYS */;
UNLOCK TABLES;

--
-- Table structure for table `struk`
--

DROP TABLE IF EXISTS `struk`;
/*!40101 SET @saved_cs_client     = @@character_set_client */;
/*!40101 SET character_set_client = utf8 */;
CREATE TABLE `struk` (
  `IDstruk` tinyint(4) NOT NULL AUTO_INCREMENT,
  `company` varchar(150) DEFAULT NULL,
  `alamat` varchar(255) DEFAULT NULL,
  `kota` varchar(100) DEFAULT NULL,
  `cabang` varchar(100) DEFAULT NULL,
  `phone` varchar(255) DEFAULT NULL,
  `footer1` varchar(255) DEFAULT NULL,
  `footer2` varchar(255) DEFAULT NULL,
  `footer3` varchar(255) DEFAULT NULL,
  `footer4` varchar(255) DEFAULT NULL,
  `footer5` varchar(255) DEFAULT NULL,
  `endfooter1` varchar(255) DEFAULT NULL,
  `endfooter2` varchar(255) DEFAULT NULL,
  `endfooter3` varchar(255) DEFAULT NULL,
  `mintrans` double(15,3) NOT NULL DEFAULT '0.000',
  `isaktif` tinyint(1) NOT NULL DEFAULT '0',
  PRIMARY KEY (`IDstruk`)
) ENGINE=InnoDB AUTO_INCREMENT=2 DEFAULT CHARSET=latin1;
/*!40101 SET character_set_client = @saved_cs_client */;

--
-- Dumping data for table `struk`
--

LOCK TABLES `struk` WRITE;
/*!40000 ALTER TABLE `struk` DISABLE KEYS */;
INSERT INTO `struk` VALUES (1,'PUSAT OLEH-OLEH 52','Jl.Jendral Sudirman No.134 Semarang','SEMARANG','SEMARANG','Telp.024-7617762 HP.087882399553','Terima kasih Atas Kunjungan Anda','Barang Yang Sudah Dibeli Tidak Dapat','Ditukar dan/atau Dikembalikan','','','','','',1000000000.000,1);
/*!40000 ALTER TABLE `struk` ENABLE KEYS */;
UNLOCK TABLES;

--
-- Table structure for table `supplier`
--

DROP TABLE IF EXISTS `supplier`;
/*!40101 SET @saved_cs_client     = @@character_set_client */;
/*!40101 SET character_set_client = utf8 */;
CREATE TABLE `supplier` (
  `IDsupplier` int(11) NOT NULL AUTO_INCREMENT,
  `kode` varchar(20) NOT NULL DEFAULT '',
  `nama` varchar(100) DEFAULT NULL,
  `alamat` varchar(250) DEFAULT NULL,
  `alamat2` varchar(255) DEFAULT NULL,
  `kota` varchar(100) DEFAULT NULL,
  `kota2` varchar(100) DEFAULT NULL,
  `kodepos` varchar(10) DEFAULT NULL,
  `telephone` varchar(50) DEFAULT NULL,
  `telephone2` varchar(50) DEFAULT NULL,
  `fax` varchar(50) DEFAULT NULL,
  `rekening` varchar(50) DEFAULT NULL,
  `hp` varchar(30) DEFAULT NULL,
  `hp2` varchar(30) DEFAULT NULL,
  `notes` varchar(500) DEFAULT NULL,
  `tglnoneffective` date DEFAULT NULL,
  PRIMARY KEY (`kode`),
  UNIQUE KEY `kode` (`kode`),
  UNIQUE KEY `IDsupplier` (`IDsupplier`)
) ENGINE=InnoDB AUTO_INCREMENT=2 DEFAULT CHARSET=latin1 COMMENT='InnoDB free: 731136 kB';
/*!40101 SET character_set_client = @saved_cs_client */;

--
-- Dumping data for table `supplier`
--

LOCK TABLES `supplier` WRITE;
/*!40000 ALTER TABLE `supplier` DISABLE KEYS */;
INSERT INTO `supplier` VALUES (1,'ts','test','','','','','','','','','','','','',NULL);
/*!40000 ALTER TABLE `supplier` ENABLE KEYS */;
UNLOCK TABLES;

--
-- Table structure for table `terimagudang`
--

DROP TABLE IF EXISTS `terimagudang`;
/*!40101 SET @saved_cs_client     = @@character_set_client */;
/*!40101 SET character_set_client = utf8 */;
CREATE TABLE `terimagudang` (
  `IDterimagudang` int(11) NOT NULL AUTO_INCREMENT,
  `docno` varchar(30) NOT NULL DEFAULT '',
  `doctgl` date NOT NULL,
  `IDgudangfrom` int(11) NOT NULL,
  `IDgudang` int(11) NOT NULL,
  `notes` varchar(500) DEFAULT NULL,
  `IDuserposted` int(11) DEFAULT NULL,
  `usernameposted` varchar(50) DEFAULT '',
  `posted` datetime DEFAULT NULL,
  PRIMARY KEY (`IDterimagudang`),
  UNIQUE KEY `docno` (`docno`)
) ENGINE=InnoDB AUTO_INCREMENT=108 DEFAULT CHARSET=latin1;
/*!40101 SET character_set_client = @saved_cs_client */;

--
-- Dumping data for table `terimagudang`
--

LOCK TABLES `terimagudang` WRITE;
/*!40000 ALTER TABLE `terimagudang` DISABLE KEYS */;
INSERT INTO `terimagudang` VALUES (3,'TG0S-1803001','2018-03-02',1,6,'',1,'OWNER','2018-03-03 13:28:33'),(52,'TG0S-1803002','2018-03-13',1,6,'',7,'IKIN','2018-03-13 17:32:15'),(53,'TG0S-1803003','2018-03-13',1,6,'',7,'IKIN','2018-03-13 17:34:34'),(54,'TG0S-1803004','2018-03-13',1,6,'',7,'IKIN','2018-03-13 17:36:02'),(55,'TG0S-1803005','2018-03-13',1,6,'',7,'IKIN','2018-03-13 17:38:03'),(56,'TG0S-1803006','2018-03-13',1,6,'',7,'IKIN','2018-03-13 17:42:14'),(57,'TG0S-1803007','2018-03-13',1,6,'',7,'IKIN','2018-03-13 17:47:50'),(58,'TG0S-1803008','2018-03-13',1,6,'',7,'IKIN','2018-03-13 17:51:24'),(59,'TG0S-1803009','2018-03-13',1,6,'',7,'IKIN','2018-03-13 17:58:46'),(60,'TG0S-1803010','2018-03-13',1,6,'',7,'IKIN','2018-03-13 17:59:27'),(61,'TG0S-1803011','2018-03-13',1,6,'',7,'IKIN','2018-03-13 18:01:10'),(62,'TG0S-1803012','2018-03-13',1,6,'',7,'IKIN','2018-03-13 18:01:18'),(63,'TG0S-1803013','2018-03-13',1,6,'',7,'IKIN','2018-03-13 18:01:33'),(64,'TG0S-1803014','2018-03-13',1,6,'',7,'IKIN','2018-03-13 18:01:44'),(65,'TG0S-1803015','2018-03-13',1,6,'',7,'IKIN','2018-03-13 18:01:56'),(66,'TG0S-1803016','2018-03-13',1,6,'',7,'IKIN','2018-03-13 18:03:00'),(67,'TG0S-1803017','2018-03-13',1,6,'',7,'IKIN','2018-03-13 18:03:10'),(68,'TG0S-1803018','2018-03-13',1,6,'',7,'IKIN','2018-03-13 18:03:18'),(69,'TG08-1803001','2018-03-14',1,6,'',7,'IKIN','2018-03-14 09:47:33'),(70,'TG0S-1803019','2018-03-14',1,6,'',7,'IKIN','2018-03-14 18:04:43'),(71,'TG0S-1803020','2018-03-14',1,6,'',7,'IKIN','2018-03-14 20:29:55'),(72,'TG0S-1803021','2018-03-15',1,6,'',7,'IKIN','2018-03-15 09:11:50'),(73,'TG0S-1803022','2018-03-15',1,6,'',7,'IKIN','2018-03-15 13:13:48'),(74,'TG08-1803002','2018-03-15',1,6,'',7,'IKIN','2018-03-15 15:14:16'),(75,'TG08-1803003','2018-03-15',1,6,'',7,'IKIN','2018-03-15 15:14:37'),(76,'TG0S-1803023','2018-03-15',1,6,'',7,'IKIN','2018-03-15 16:40:14'),(77,'TG08-1803004','2018-03-16',1,6,'',7,'IKIN','2018-03-16 14:05:32'),(78,'TG0S-1803024','2018-03-17',1,6,'',11,'BAGJA','2018-03-17 14:20:48'),(79,'TG0S-1803025','2018-03-17',1,6,'',11,'BAGJA','2018-03-17 14:30:57'),(80,'TG02-1803001','2018-03-18',1,6,'',13,'RAHMAT','2018-03-18 09:31:59'),(83,'TG02-1803004','2018-03-18',1,6,'',13,'RAHMAT','2018-03-18 09:21:24'),(84,'TG02-1803005','2018-03-18',1,6,'',13,'RAHMAT','2018-03-18 09:20:28'),(85,'TG0S-1803026','2018-03-18',1,6,'',11,'BAGJA','2018-03-18 16:16:11'),(86,'TG0S-1803027','2018-03-18',1,6,'',11,'BAGJA','2018-03-18 16:18:07'),(87,'TG0S-1803028','2018-03-18',1,6,'',11,'BAGJA','2018-03-18 16:38:12'),(88,'TG0S-1803029','2018-03-19',1,6,'',11,'BAGJA','2018-03-19 10:28:07'),(89,'TG0S-1803030','2018-03-19',1,6,'',11,'BAGJA','2018-03-19 14:51:08'),(90,'TG0S-1803031','2018-03-19',1,6,'',11,'BAGJA','2018-03-19 16:30:17'),(91,'TG05-1803001','2018-03-19',1,6,'',13,'RAHMAT','2018-03-19 17:04:04'),(92,'TG05-1803002','2018-03-19',1,6,'',13,'RAHMAT','2018-03-19 17:06:35'),(93,'TG05-1803003','2018-03-19',1,6,'',13,'RAHMAT','2018-03-19 17:11:16'),(94,'TG0S-1803032','2018-03-19',1,6,'',11,'BAGJA','2018-03-19 21:43:56'),(95,'TG0S-1803033','2018-03-20',1,6,'',7,'IKIN','2018-03-20 10:49:17'),(96,'TG02-1803006','2018-03-20',1,6,'',13,'RAHMAT','2018-03-20 14:09:36'),(97,'TG08-1803005','2018-03-20',1,6,'',13,'RAHMAT','2018-03-20 21:11:22'),(98,'TG08-1803006','2018-03-20',1,6,'',13,'RAHMAT','2018-03-20 21:11:36'),(99,'TG0S-1803034','2018-03-21',1,6,'',7,'IKIN','2018-03-21 13:25:57'),(100,'TG0S-1803035','2018-03-21',1,6,'',7,'IKIN','2018-03-21 14:55:24'),(101,'TG0S-1803036','2018-03-21',1,6,'',7,'IKIN','2018-03-21 17:11:43'),(102,'TG08-1803007','2018-03-21',1,6,'',13,'RAHMAT','2018-03-21 19:39:05'),(103,'TG08-1803008','2018-03-21',1,6,'',13,'RAHMAT','2018-03-21 19:39:52'),(104,'TG0S-1803037','2018-03-22',1,6,'',13,'RAHMAT','2018-03-22 13:09:44'),(105,'TG0S-1803038','2018-03-22',1,6,'',13,'RAHMAT','2018-03-22 18:38:08'),(106,'TG02-1803007','2018-03-22',5,6,'',13,'RAHMAT','2018-03-22 16:48:32'),(107,'TG02-1803008','2018-03-23',1,6,'',11,'BAGJA','2018-03-23 15:51:23');
/*!40000 ALTER TABLE `terimagudang` ENABLE KEYS */;
UNLOCK TABLES;
/*!50003 SET @saved_cs_client      = @@character_set_client */ ;
/*!50003 SET @saved_cs_results     = @@character_set_results */ ;
/*!50003 SET @saved_col_connection = @@collation_connection */ ;
/*!50003 SET character_set_client  = latin1 */ ;
/*!50003 SET character_set_results = latin1 */ ;
/*!50003 SET collation_connection  = latin1_swedish_ci */ ;
/*!50003 SET @saved_sql_mode       = @@sql_mode */ ;
/*!50003 SET sql_mode              = 'STRICT_TRANS_TABLES,NO_AUTO_CREATE_USER,NO_ENGINE_SUBSTITUTION' */ ;
DELIMITER ;;
/*!50003 CREATE*/ /*!50017 DEFINER=`metabrain`@`%`*/ /*!50003 TRIGGER `terimagudang_before_upd_tr` BEFORE UPDATE ON `terimagudang`
  FOR EACH ROW
BEGIN
 declare vkodegudang VARCHAR(10);
 declare vkodegudangfrom VARCHAR(10);

 select kodegudang into vkodegudang from gudang where IDgudang=new.IDgudang;

 if (old.posted is null) and (new.posted is not null) THEN
 begin
  insert into inventory (tgltrans,kodebrg,kodegudang,qty,satuan,hargabeli,hargajual,typetrans,faktur,IDtrans,IDuser,username,waktu,keterangan) 
  select new.doctgl,b.kode,vkodegudang,b.qty,b.satuan,b.hargabeli,b.hargajual,'terima gudang',new.docno,new.IDterimagudang,new.IDuserposted,new.usernameposted,time(now()),new.notes from terimagudangdet b where b.IDterimagudang=new.IDterimagudang;

 end;
 elseif (old.posted is not null) and (new.posted is null) THEN
 begin
  delete from inventory where IDtrans=old.IDterimagudang and typetrans='terima gudang';
 end;
 end if;

END */;;
DELIMITER ;
/*!50003 SET sql_mode              = @saved_sql_mode */ ;
/*!50003 SET character_set_client  = @saved_cs_client */ ;
/*!50003 SET character_set_results = @saved_cs_results */ ;
/*!50003 SET collation_connection  = @saved_col_connection */ ;
/*!50003 SET @saved_cs_client      = @@character_set_client */ ;
/*!50003 SET @saved_cs_results     = @@character_set_results */ ;
/*!50003 SET @saved_col_connection = @@collation_connection */ ;
/*!50003 SET character_set_client  = latin1 */ ;
/*!50003 SET character_set_results = latin1 */ ;
/*!50003 SET collation_connection  = latin1_swedish_ci */ ;
/*!50003 SET @saved_sql_mode       = @@sql_mode */ ;
/*!50003 SET sql_mode              = 'STRICT_TRANS_TABLES,NO_AUTO_CREATE_USER,NO_ENGINE_SUBSTITUTION' */ ;
DELIMITER ;;
/*!50003 CREATE*/ /*!50017 DEFINER=`metabrain`@`%`*/ /*!50003 TRIGGER `terimagudang_before_del_tr` BEFORE DELETE ON `terimagudang`
  FOR EACH ROW
BEGIN
 delete from inventory where IDtrans=old.IDterimagudang and typetrans='terima gudang';
END */;;
DELIMITER ;
/*!50003 SET sql_mode              = @saved_sql_mode */ ;
/*!50003 SET character_set_client  = @saved_cs_client */ ;
/*!50003 SET character_set_results = @saved_cs_results */ ;
/*!50003 SET collation_connection  = @saved_col_connection */ ;

--
-- Table structure for table `terimagudangdet`
--

DROP TABLE IF EXISTS `terimagudangdet`;
/*!40101 SET @saved_cs_client     = @@character_set_client */;
/*!40101 SET character_set_client = utf8 */;
CREATE TABLE `terimagudangdet` (
  `IDterimagudang` int(11) NOT NULL,
  `IDproduct` int(11) NOT NULL,
  `kode` varchar(20) NOT NULL DEFAULT '',
  `nama` varchar(100) NOT NULL DEFAULT '',
  `satuan` varchar(20) NOT NULL DEFAULT '',
  `qty` double(15,3) NOT NULL DEFAULT '0.000',
  `hargabeli` double(15,3) NOT NULL DEFAULT '0.000',
  `hargajual` double(15,3) NOT NULL DEFAULT '0.000',
  KEY `IDterimagudang` (`IDterimagudang`),
  CONSTRAINT `terimagudangdet_fk` FOREIGN KEY (`IDterimagudang`) REFERENCES `terimagudang` (`IDterimagudang`) ON DELETE CASCADE
) ENGINE=InnoDB DEFAULT CHARSET=latin1;
/*!40101 SET character_set_client = @saved_cs_client */;

--
-- Dumping data for table `terimagudangdet`
--

LOCK TABLES `terimagudangdet` WRITE;
/*!40000 ALTER TABLE `terimagudangdet` DISABLE KEYS */;
INSERT INTO `terimagudangdet` VALUES (3,14352,'803006008','cia2 blus mdl kim mtf pjg','pcs',60.000,25000.000,32500.000),(3,14353,'803006010','LYSSA ATASAN SKODER BUNGA','pcs',6.000,49000.000,64950.000),(3,14354,'803006011','LYSSA ATASAN BUNGA TEROMPET','pcs',6.000,49000.000,64950.000),(3,14355,'803006012','LYSSA GAMIS BUNGA TEROMPET','pcs',6.000,80000.000,104950.000),(3,14343,'803009004','GEDANG OB APL ABU PDK','pcs',24.000,22500.000,32500.000),(3,14344,'803009005','GEDANG OB APL ABU (L) PDK','pcs',24.000,24167.000,36500.000),(3,14345,'803009006','GEDANG KRH APL ABU PDK','pcs',12.000,25834.000,39950.000),(3,14346,'803009007','GEDANG KRH APL ABU (L) PDK','pcs',12.000,28334.000,42500.000),(3,14347,'803009008','GEDANG KRH APL ABU (XL)PDK','pcs',6.000,30834.000,46500.000),(3,14348,'803009009','GEDANG OB KOMB PRINT PDK','pcs',12.000,22500.000,32500.000),(3,14349,'803009010','GEDANG OB KOMB PRINT (L) PDK','pcs',12.000,24167.000,36500.000),(3,14350,'803009015','DOMINICK OB WASH WRN (L) PDK','pcs',12.000,21667.000,32500.000),(3,14351,'803009016','DOMINICK OB FULLPRINT (L) PDK','pcs',6.000,20000.000,29950.000),(3,14236,'803038001','doctor set koper dr-13 ktg,dm','pcs',18.000,14750.000,22990.000),(3,14237,'803038002','mbl polisi mb-166 ktg,dm','pcs',6.000,20542.000,31990.000),(3,14238,'803038003','truck pantai p-03 jrg,dm','pcs',6.000,27375.000,41990.000),(3,14239,'803038004','truck container mb-23 ktg,dm','pcs',36.000,8167.000,12990.000),(3,14240,'803038005','bola futsal,dm','pcs',22.000,32000.000,47990.000),(3,14241,'803038006','bus tayo mb-128 ktg,dm','pcs',36.000,10500.000,16490.000),(3,14242,'803038007','ring basket jrg,dm','pcs',24.000,10000.000,15990.000),(3,14243,'803038008','truck cntnr mb-96 ktg,dm','pcs',6.000,36834.000,54990.000),(3,14259,'803038009','mtr scooter 609,win','pcs',1.000,143500.000,205490.000),(3,14260,'803038010','mtr mini vaster 616,win','pcs',1.000,153000.000,218990.000),(3,14261,'803038011','mtr vespa classic 162,win','pcs',2.000,43000.000,61490.000),(3,14262,'803038012','truck heavy ht-661,win','pcs',1.000,101000.000,144490.000),(3,14263,'803038013','truck heavy ht-662,win','pcs',1.000,104500.000,149490.000),(3,14264,'803038014','mbl sl polisi 200,win','pcs',2.000,38250.000,57490.000),(3,14265,'803038015','keranjang set 818,win','pcs',6.000,11500.000,17990.000),(3,14266,'803038016','keranjang set k100,win','pcs',6.000,9750.000,14990.000),(3,14267,'803038017','keranjang set k200,win','pcs',6.000,10500.000,16490.000),(3,14268,'803038018','cangkir mewah cm-718,win','pcs',6.000,15250.000,23490.000),(3,14269,'803038019','super bike black edition,win','pcs',1.000,84500.000,120990.000),(3,14281,'803038020','SEA FOOD SET 803,168','pcs',2.000,12500.000,19468.000),(3,14282,'803038021','FUN-DOH EXTRUDER DUZ,168','pcs',2.000,45000.000,64468.000),(3,14283,'803038022','TONGKAT BIG BUBBLE,168','pcs',12.000,7000.000,10968.000),(3,14284,'803038023','MBL SUPER DRIFT SD-606,YY','pcs',1.000,103000.000,147475.000),(3,14285,'803038024','MBL POLISI PC-579,YY','pcs',2.000,90000.000,128975.000),(3,14286,'803038025','MBL JEEP MONSTER SMJ-572,YY','pcs',1.000,110000.000,157475.000),(3,14287,'803038026','MBL HIGHWAY PATROL GGC-629,YY','pcs',1.000,220000.000,314475.000),(3,14288,'803038029','mbl captain birds cb-610,yy','pcs',1.000,156000.000,222975.000),(3,14289,'803038030','dapur mewah dm-966 ktg,yy','pcs',2.000,52000.000,74475.000),(3,14290,'803038031','mbl jeep mb-134 ktg,dm','pcs',24.000,9717.000,14990.000),(3,14291,'803038032','truck cntnr tayo mb-119 ktg,dm','pcs',24.000,11084.000,17490.000),(3,14292,'803038033','truck cntnr mb-74 ktg,dm','pcs',18.000,17667.000,27490.000),(3,14293,'803038034','rbt dragon gladiator duz,mt','pcs',12.000,35000.000,52490.000),(3,14294,'803038035','rbt mbl transformer mika,mt','pcs',36.000,12500.000,19990.000),(3,14295,'803038036','cel klg tbg krktr (xl),mt','pcs',48.000,6250.000,9990.000),(3,14296,'803038037','cel klg tbg krktr (m),mt','pcs',72.000,4250.000,6990.000),(3,14297,'803038038','cel klg tbg krktr (l),mt','pcs',120.000,5000.000,7990.000),(3,14298,'803038039','rbt mbl deformation duz,mt','pcs',48.000,25000.000,37490.000),(3,14300,'803038040','space sand 9007 duz,mt','pcs',9.000,22500.000,39990.000),(3,14299,'803038041','rbt tobot duz (k),mt','pcs',18.000,13500.000,20990.000),(3,14301,'803038042','MBL CARS RKC 02046 KTG,CT','pcs',24.000,8750.000,13490.000),(3,14302,'803038043','MBL POLICE RKC 02046 KTG,CT','pcs',24.000,8750.000,13490.000),(3,14303,'803038044','DRAWING BOARD GRENO KTG,CT','pcs',36.000,13000.000,19990.000),(3,14304,'803038045','BATMAN CRAWLING,CT','pcs',1.000,32500.000,48990.000),(3,14305,'803038046','SUPERMAN CRAWLING,CT','pcs',1.000,32500.000,48990.000),(3,14306,'803038047','CAPTAIN AMERICA CRAWLING,CT','pcs',1.000,32500.000,48990.000),(3,14307,'803038048','MAKE UP SET KERANG M-128,CT','pcs',18.000,14000.000,21990.000),(3,14308,'803038049','MAKE UP SET SEGI3 M-118,CT','pcs',18.000,14000.000,21990.000),(3,14309,'803038050','DAPUR SET 2001,SM','pcs',3.000,13500.000,21950.000),(3,14310,'803038051','CANGKIR + TEKO SET MIKA,SM','pcs',6.000,11750.000,18950.000),(3,14311,'803038052','HALLO DAPUR 2414,SM','pcs',6.000,5500.000,8950.000),(3,14312,'803038053','HALLO DAPUR 2419,SM','pcs',6.000,5500.000,8950.000),(3,14313,'803038054','DUMP TRUCK MB-151 KTG,SM','pcs',6.000,15000.000,23950.000),(3,14314,'803038055','TRUCK KERUK MB-152 KTG,SM','pcs',6.000,19000.000,29950.000),(3,14315,'803038056','DUMP TRUCK KERUK MB-153 KTG,SM','pcs',6.000,15750.000,24950.000),(3,14316,'803038057','MBL GOKART + ORG KTG,LM','pcs',36.000,8500.000,13490.000),(3,14317,'803038058','BLOCKS INTELLECT KTG,LM','pcs',36.000,8000.000,12490.000),(3,14318,'803038059','LITTLE KITCHEN 5000B KTG,LM','pcs',24.000,8000.000,12490.000),(3,14319,'803038060','TRUCK BEKO 532 KTG,LM','pcs',2.000,50000.000,71490.000),(3,14320,'803038061','BONEKA BARBIE MERMAID 2152,LM','pcs',12.000,13750.000,24990.000),(3,14321,'803038062','TOPENG PWR RNGRS 777,LM','pcs',6.000,7000.000,10990.000),(3,14322,'803038063','FANCY KIT SALON TAS,LM','pcs',18.000,27500.000,41490.000),(3,14323,'803038064','TRUCK CNTNR 1072 KTG,LM','pcs',36.000,7750.000,11990.000),(3,14270,'803043001','kipas lpt gmbr,fjr','pcs',96.000,2605.000,3990.000),(3,14271,'803043002','kipas tangkai krktr,fjr','pcs',60.000,2605.000,3990.000),(3,14324,'803050001','LAMPU TIDUR SANLY,ST','pcs',24.000,5750.000,8500.000),(3,14325,'803050002','SENTER BEST LIFE FS200,ST','pcs',3.000,12500.000,16990.000),(3,14326,'803050003','SENTER TOYOSAKI TL-116,ST','pcs',3.000,26000.000,34990.000),(3,14327,'803050004','SENTER TOYOSAKI TL-004,ST','pcs',3.000,15000.000,19990.000),(3,14328,'803050005','SENTER SURYA SYT-137N,ST','pcs',2.000,26000.000,34990.000),(3,14329,'803050006','SENTER BEST LIFE FD216,ST','pcs',2.000,27500.000,36990.000),(3,14330,'803050007','SENTER SURYA SYT-2COB,ST','pcs',2.000,34000.000,45490.000),(3,14331,'803050008','SENTER MITSUYAMA MS-076,ST','pcs',4.000,13500.000,17990.000),(3,14332,'803050009','SCREWDRIVER SUNFREE 31 IN 1,ST','pcs',6.000,14000.000,19955.000),(3,14333,'803050010','TEST PEN INDO NIGHT 2 IN 1,ST','pcs',6.000,2500.000,3965.000),(3,14334,'803050011','TERMINAL SUNFREE 3L 13,ST','pcs',6.000,12500.000,16965.000),(3,14335,'803050012','TERMINAL SUNFREE 4L 14,ST','pcs',6.000,13500.000,18460.000),(3,14336,'803050013','TERMINAL SUNFREE 5L 15,ST','pcs',6.000,14500.000,19955.000),(3,14337,'803050014','TERMINAL SUNFREE 3L 53,ST','pcs',6.000,17500.000,23985.000),(3,14338,'803050015','TERMINAL SUNFREE 4L 54,ST','pcs',6.000,18500.000,24960.000),(3,14339,'803050016','TERMINAL SUNFREE 5L 55,ST','pcs',6.000,19500.000,25935.000),(3,14340,'803050017','TERMINAL SUNFREE 3L 33,ST','pcs',6.000,15000.000,19955.000),(3,14341,'803050018','TERMINAL SUNFREE 4L 34,ST','pcs',6.000,16000.000,21970.000),(3,14342,'803050019','TERMINAL SUNFREE 5L 35,ST ','pcs',6.000,17000.000,22945.000),(3,14244,'803062001','tp,pnsl klg xd-9520,3j','pcs',18.000,16750.000,24990.000),(3,14245,'803062002','tp,pnsl klg xd-9527,3j','pcs',18.000,20000.000,29990.000),(3,14246,'803062003','clip board krktr,3j','pcs',36.000,8667.000,12990.000),(3,14247,'803062004','mistar lpt 30cm,3j','pcs',60.000,2650.000,3960.000),(3,14248,'803062005','mistar besi krktr 15cm,3j','pcs',36.000,1625.000,2475.000),(3,14249,'803062006','tp,pnsl mgnt cc-1012,tj','pcs',36.000,24750.000,36990.000),(3,14250,'803062007','tp,pnsl mgnt cc-1017,tj','pcs',24.000,20000.000,29990.000),(3,14251,'803062008','crayon ptr 12 clr mika,tj','pcs',72.000,15000.000,19990.000),(3,14252,'803062009','sampul buku batik boxy,tj','pcs',60.000,6500.000,8990.000),(3,14253,'803062010','sampul buku batik kwarto,tj','pcs',60.000,5000.000,6990.000),(3,14254,'803062011','sampul buku cklt kwarto,tj','pcs',30.000,5000.000,6990.000),(3,14174,'803067001','wl classic ckr 8 pcs,cc','pcs',6.000,35000.000,48960.000),(3,14175,'803067002','virginal kanset 1 pcs,cc','pcs',8.000,19584.000,27960.000),(3,14176,'803067003','soluna kanset 1 pcs,cc','pcs',8.000,19584.000,27960.000),(3,14177,'803067004','platinum kanset 8 pcs,cc','pcs',8.000,30000.000,41960.000),(3,14178,'803067005','sharon kanset 5 pcs,cc','pcs',4.000,38000.000,52960.000),(3,14179,'803067006','aloha kanset 6 pcs,cc','pcs',4.000,35000.000,48960.000),(3,14180,'803067007','tropicana kanset 7 pcs,cc','pcs',8.000,30000.000,41960.000),(3,14181,'803067008','sapp fruit kanset 7 pcs,cc','pcs',4.000,36000.000,49960.000),(3,14182,'803067009','katerina kanset 5 pcs,cc','pcs',6.000,38000.000,52960.000),(3,14183,'803067010','merilin gls 6 pcs,cc','pcs',24.000,12000.000,16960.000),(3,14184,'803067011','la monica gls 6 pcs,cc','pcs',6.000,22000.000,30960.000),(3,14185,'803067012','sabrina gls 6 pcs,cc','pcs',12.000,12500.000,17460.000),(3,14186,'803067013','raina gls 6 pcs,cc','pcs',4.000,17500.000,24460.000),(3,14187,'803067014','honolulu gls 4 pcs,cc','pcs',3.000,14000.000,19460.000),(3,14188,'803067015','new diamond gls 3 pcs,cc','pcs',14.000,13000.000,18460.000),(3,14189,'803067017','viona gls 6 pcs,cc','pcs',6.000,19000.000,26460.000),(3,14190,'803067018','valentine gls 2 pcs,cc','pcs',8.000,12000.000,16960.000),(3,14191,'803067019','carmelia gls ice 5 pcs,cc','pcs',8.000,22000.000,30960.000),(3,14192,'803067020','calista gls ice 5 pcs,cc','pcs',6.000,22000.000,30960.000),(3,14193,'803067021','octanico mk 2 pcs,cc','pcs',12.000,7000.000,9960.000),(3,14194,'803067022','alberta mk 6 pcs,cc','pcs',12.000,18000.000,25460.000),(3,14195,'803067023','sweet pacific mk 2 pcs,cc','pcs',4.000,7000.000,9960.000),(3,14196,'803067024','ashanti mk 2 pcs,cc','pcs',12.000,7000.000,9960.000),(3,14197,'803067025','barcelona mk 2 pcs,cc','pcs',8.000,7000.000,9960.000),(3,14198,'803067026','strawberry mk 4 pcs,cc','pcs',6.000,12500.000,17460.000),(3,14199,'803067027','peony mk apple 4 pcs,cc','pcs',6.000,15500.000,21960.000),(3,14200,'803067028','flora mk 2 pcs,cc','pcs',12.000,6500.000,9460.000),(3,14201,'803067029','modena mk 1 pc,cc','pcs',12.000,12000.000,16960.000),(3,14202,'803067030','crystal mk 1 pc,cc','pcs',6.000,16500.000,22960.000),(3,14203,'803067031','nakato kanset 4 pcs,cc','pcs',4.000,35000.000,48960.000),(3,14204,'803067032','napoleon kanset 4 pcs (k),cc','pcs',2.000,32500.000,45460.000),(3,14205,'803067033','napoleon kanset 4 pcs (b),cc','pcs',3.000,37500.000,52460.000),(3,14206,'803067034','flamingo ckr 8 pcs,cc','pcs',12.000,17500.000,24460.000),(3,14207,'803067035','splash ckr 8 pcs,cc','pcs',8.000,17500.000,24460.000),(3,14208,'803067036','monalisa ckr 8 pcs,cc','pcs',8.000,17000.000,23960.000),(3,14209,'803067037','sun flower ckr 8 pcs,cc','pcs',12.000,17500.000,24460.000),(3,14210,'803067038','hibicus ckr 8 pcs,cc','pcs',12.000,17500.000,24460.000),(3,14211,'803067039','manzana ckr 8 pcs,cc','pcs',12.000,17500.000,24460.000),(3,14212,'803067040','tulip ckr 8 pcs,cc','pcs',12.000,17500.000,24460.000),(3,14213,'803067041','rose ckr 8 pcs,cc','pcs',8.000,17000.000,23960.000),(3,14214,'803067042','rosalia ckr 8 pcs,cc','pcs',12.000,17000.000,23960.000),(3,14215,'803067043','rosette ckr 8 pcs,cc','pcs',16.000,17000.000,23960.000),(3,14216,'803067044','rosella ckr 8 pcs,cc','pcs',16.000,17000.000,23960.000),(3,14217,'803067045','sun flower ckr 12 pcs,cc','pcs',6.000,24000.000,33460.000),(3,14218,'803067046','flamingo ckr 12 pcs,cc','pcs',10.000,24000.000,33460.000),(3,14219,'803067047','tulip ckr 12 pcs,cc','pcs',6.000,24000.000,33460.000),(3,14220,'803067048','cassablanca ckr 12 pcs,cc','pcs',6.000,24000.000,33460.000),(3,14221,'803067049','splash ckr 12 pcs,cc','pcs',10.000,24000.000,33460.000),(3,14222,'803067050','manzana ckr 12 pcs,cc','pcs',4.000,24000.000,33460.000),(3,14223,'803067051','hibicus ckr 12 pcs,cc','pcs',4.000,24000.000,33460.000),(3,14224,'803067052','karin mug 2 pcs,cc','pcs',6.000,7500.000,10460.000),(3,14225,'803067053','rossa ckr 12 pcs,cc','pcs',8.000,22000.000,30960.000),(3,14226,'803067054','roses ckr 12 pcs,cc','pcs',6.000,22000.000,30960.000),(3,14227,'803067055','gift package ckr 12 pcs,cc','pcs',20.000,22000.000,30960.000),(3,14228,'803067056','gelato gls 6 pcs,cc','pcs',24.000,22000.000,30960.000),(3,14229,'803067057','p/m kl-688 mug asbak 3 pcs,cc','pcs',8.000,17500.000,24460.000),(3,14230,'803067058','p/m omega mug 2 pcs,cc','pcs',6.000,13000.000,18460.000),(3,14231,'803067059','p/m fang2 classic mug 2 pcs,cc','pcs',8.000,13000.000,18460.000),(3,14232,'803067060','p/m kl-368 mug 2 pcs,cc','pcs',8.000,16000.000,22460.000),(3,14233,'803067061','blossom kanset 5 pcs,cc','pcs',4.000,45000.000,62460.000),(3,14234,'803067062','rose ckr 12 pcs,cc','pcs',8.000,22000.000,30460.000),(3,14235,'803067063','marissa ckr 8 pcs,cc','pcs',12.000,17000.000,23960.000),(3,14258,'803070001','serutan cosmetic','pcs',100.000,2500.000,3990.000),(3,14272,'803070003','PINSET BOX','pcs',48.000,6667.000,9990.000),(3,14273,'803070004','SPON MNDI (B)','pcs',72.000,3334.000,4990.000),(3,14274,'803070005','SPON BSH WAJIK SHIMEIYI','pcs',48.000,10000.000,14990.000),(3,14275,'803070006','SPON BSH YU HUAN 8 PCS','pcs',96.000,10000.000,14990.000),(3,14276,'803070007','SISIR BLOW LAI MEI','pcs',24.000,6667.000,9990.000),(3,14277,'803070008','LIANG LI EYELASH CRLR','pcs',96.000,6334.000,9490.000),(3,14278,'803070009','SPON MAKE UP SILICONE','pcs',48.000,10000.000,14990.000),(3,14279,'803070010','KUAS MASKER EBM','pcs',24.000,5000.000,7490.000),(3,14280,'803070011','KACA SEGI A3 KRKTR','pcs',60.000,5000.000,7490.000),(3,14255,'803073001','bulu mata maxfector duz','pcs',96.000,3750.000,6900.000),(3,14256,'803073002','bulu mata yu huan mika','pcs',96.000,10000.000,14990.000),(3,14257,'803073003','bulu mata mac mika','pcs',180.000,4500.000,6900.000),(52,2234,'136105003','MINI OREO CHOCLATE 67G','pcs',24.000,0.000,6900.000),(52,2236,'136105005','MINI OREO VANILA 67G','pcs',24.000,0.000,7200.000),(53,16812,'125115081','GATSBY WAX POWER&SPIKES 25GR','pcs',3.000,5660.000,6900.000),(53,16813,'125115136','PIXY DEODORANT VIOLLET 34G','pcs',3.000,6941.000,8800.000),(53,16814,'125115366','GATSBY SPRAY DEO PERFUME 175ML','pcs',3.000,22033.000,27400.000),(53,16811,'125115494','GATSBY URBAN ATTRACTIVE 125','pcs',3.000,0.000,17500.000),(53,16810,'175105049','PRONAS SARDINES SAUS TMT 425GR','pcs',1.000,10682.000,12290.000),(53,16815,'185115067','CULTUSIA HC DARK BROWN 3-0','pcs',4.000,15300.000,17500.000),(54,67,'106105130','ENERGEN SEREAL JAGUNG 5X25G','pcs',20.000,0.000,5900.000),(54,87,'106105237','ENERGEN KACANG HIJAU 5X31 GR','pcs',20.000,0.000,5900.000),(54,88,'106105238','ENERGEN VANILA 5X30 GR','pcs',20.000,0.000,5900.000),(54,131,'106105497','TORA BIKA TORA CAFE VC 5*26.G','pcs',16.000,0.000,7200.000),(54,142,'106105533','TORA CAFE CARAMELOVE 5X22.5GR','pcs',16.000,0.000,7200.000),(55,4168,'181120097','SWEETY  PANTS CELANA S.11','pcs',4.000,0.000,16900.000),(55,4169,'181120098','SWEETY PANTS CELANA M,10','pcs',4.000,0.000,16800.000),(55,4170,'181120099','SWEETY PANTS CELANA L,9','pcs',4.000,0.000,17700.000),(55,16809,'181120101','SWEETY BRONZE PANTS S 20+2','pcs',3.000,26750.000,29999.000),(56,16816,'111115354','VASELINE H&B ALOE FRESH 100ML','pcs',11.000,11420.000,13150.000),(56,16823,'116115207','NATURE EKSTRA ALOE VERA 140ML','pcs',4.000,14266.000,19700.000),(56,16821,'128105718','HILO RS WHITE COKLAT 5X14','pcs',4.000,5500.000,6100.000),(56,16822,'132115084','GIV BEAUTY SOAP GREEN TEA 80 G','pcs',2.000,1641.000,1900.000),(56,1985,'132120065','SOKLIN LANTAI MARINE BTOL 450M','pcs',5.000,0.000,5350.000),(56,16820,'169115132','DETTOL BW GOLD HIJAU 300ML','pcs',1.000,32602.000,37500.000),(56,16817,'173105001','BIOLYSIN ORANGE 30T BLT','pcs',4.000,0.000,10150.000),(56,16819,'180105024','ABC KECAP MANIS REFIL 100 ML','pcs',41.000,0.000,1700.000),(56,16824,'208100002','BIC SHAVER BIC 2','pcs',9.000,3291.000,3600.000),(57,67,'106105130','ENERGEN SEREAL JAGUNG 5X25G','pcs',20.000,0.000,5900.000),(57,87,'106105237','ENERGEN KACANG HIJAU 5X31 GR','pcs',20.000,0.000,5900.000),(57,88,'106105238','ENERGEN VANILA 5X30 GR','pcs',20.000,0.000,5900.000),(57,131,'106105497','TORA BIKA TORA CAFE VC 5*26.G','pcs',16.000,0.000,7200.000),(57,142,'106105533','TORA CAFE CARAMELOVE 5X22.5GR','pcs',16.000,0.000,7200.000),(57,16317,'112115235','MASTER SPLASH CLGN DYNAMIC 150ML','pcs',1.000,0.000,13700.000),(57,16812,'125115081','GATSBY WAX POWER&SPIKES 25GR','pcs',3.000,5660.000,6900.000),(57,16813,'125115136','PIXY DEODORANT VIOLLET 34G','pcs',3.000,6941.000,8800.000),(57,16814,'125115366','GATSBY SPRAY DEO PERFUME 175ML','pcs',3.000,22033.000,27400.000),(57,16811,'125115494','GATSBY URBAN ATTRACTIVE 125','pcs',3.000,0.000,17500.000),(57,2234,'136105003','MINI OREO CHOCLATE 67G','pcs',24.000,0.000,6900.000),(57,2236,'136105005','MINI OREO VANILA 67G','pcs',24.000,0.000,7200.000),(57,16808,'150105056','SUN KARA SANTAN 200ML','pcs',9.000,0.000,7000.000),(57,16810,'175105049','PRONAS SARDINES SAUS TMT 425GR','pcs',1.000,10682.000,12290.000),(57,4168,'181120097','SWEETY  PANTS CELANA S.11','pcs',4.000,0.000,16900.000),(57,4169,'181120098','SWEETY PANTS CELANA M,10','pcs',4.000,0.000,16800.000),(57,4170,'181120099','SWEETY PANTS CELANA L,9','pcs',4.000,0.000,17700.000),(57,16809,'181120101','SWEETY BRONZE PANTS S 20+2','pcs',3.000,26750.000,29999.000),(57,16815,'185115067','CULTUSIA HC DARK BROWN 3-0','pcs',4.000,15300.000,17500.000),(57,16807,'712050108','pisces kipas','pcs',1.000,0.000,104950.000),(57,16806,'712068128','supra stirwork','pcs',1.000,0.000,119990.000),(58,4533,'198125001','CAMPINA CONCERTO CHC PSSN 110M','pcs',36.000,0.000,6600.000),(58,4534,'198125002','CAMPINA SPONGEBOB CHOC BNN 80M','pcs',42.000,0.000,4000.000),(58,4535,'198125003','CAMPINA HEART 85ML','pcs',42.000,0.000,4000.000),(58,4537,'198125006','CAMPINA PETIT CHOCOLATE 35 ML','pcs',90.000,0.000,1800.000),(58,4540,'198125010','CAMPINA PETIT GRAPE 45ML','pcs',90.000,0.000,1800.000),(58,4546,'198125021','CAMPINA CONCERTO OLYMPIA  80ML','pcs',54.000,0.000,4000.000),(58,4550,'198125049','CAMPINA CHOCO BANANA CUP 80ML','pcs',54.000,0.000,4000.000),(58,4558,'198125103','CAMPINA BOLD STRWBERY COOKIS 110M','pcs',36.000,0.000,7500.000),(58,4561,'198125109','CAMPINA SPIDERMAN STRABERRY 55','pcs',42.000,0.000,3900.000),(59,15120,'802032123','SEASON STL OB GMBR PDK 4/8','PCS',6.000,24950.000,24950.000),(59,15121,'802032131','BYNCO STL OB BOLA PDK 18','PCS',18.000,17500.000,17500.000),(59,15122,'802032132','BYNCO STL OB BOLA PDK 20','PCS',24.000,19950.000,19950.000),(59,15119,'802032133','BYNCO STL OB BOLA','pcs',6.000,0.000,19950.000),(59,15124,'802032139','KENVINNO STL BOLA LKL PDK 18','PCS',6.000,19950.000,19950.000),(59,15125,'802032246','SENKONG STL OB PSG PDK 4/8','PCS',6.000,28500.000,28500.000),(59,15126,'802032249','SENKONG STL OB BRDR PDK 4/8','PCS',12.000,39950.000,39950.000),(59,15127,'802032255','SENKONG STL OB GMBR PDK 4/8','PCS',6.000,29950.000,29950.000),(59,15130,'803012001','CLN BATIK PJG,JC','pcs',10.000,20000.000,26500.000),(59,15131,'803012002','CLN BOXER PDK,JC','pcs',10.000,15000.000,19950.000),(59,15132,'803012005','CLN YONEX PDK,JC','pcs',10.000,15000.000,19950.000),(59,15133,'803012006','CLN MELAMIN PDK,JC','pcs',10.000,15000.000,19950.000),(59,15134,'803012011','CLN BORJU PDK,JC','pcs',10.000,26000.000,34950.000),(59,15135,'803012013','CLN JOGER LOTTO PJG,JC','pcs',10.000,30000.000,39950.000),(59,15136,'803012015','CLN TRAINING PJG,JC','pcs',10.000,20000.000,26500.000),(59,15137,'803012016','CLN TRAINING LIST PJG,JC','pcs',10.000,18000.000,24950.000),(59,15128,'803032001','JOY STL GMBR JGR PDK 4/8','pcs',6.000,24500.000,32500.000),(59,15129,'803032003','JOY STL GMBR JGR PDK 16/20','pcs',6.000,29500.000,39950.000),(59,15138,'803032053','CLN JOGER LRG ANAK (M) PJG,JC','pcs',20.000,18000.000,24950.000),(59,15139,'803032056','CLN JOGER GMBR (M) PJG,JC','pcs',5.000,14000.000,18500.000),(60,14352,'803006008','cia2 blus mdl kim mtf pjg','pcs',60.000,25000.000,32500.000),(60,14353,'803006010','LYSSA ATASAN SKODER BUNGA','pcs',6.000,49000.000,64950.000),(60,14354,'803006011','LYSSA ATASAN BUNGA TEROMPET','pcs',6.000,49000.000,64950.000),(60,14355,'803006012','LYSSA GAMIS BUNGA TEROMPET','pcs',6.000,80000.000,104950.000),(60,14343,'803009004','GEDANG OB APL ABU PDK','pcs',24.000,22500.000,32500.000),(60,14344,'803009005','GEDANG OB APL ABU (L) PDK','pcs',24.000,24167.000,36500.000),(60,14345,'803009006','GEDANG KRH APL ABU PDK','pcs',12.000,25834.000,39950.000),(60,14346,'803009007','GEDANG KRH APL ABU (L) PDK','pcs',12.000,28334.000,42500.000),(60,14347,'803009008','GEDANG KRH APL ABU (XL)PDK','pcs',6.000,30834.000,46500.000),(60,14348,'803009009','GEDANG OB KOMB PRINT PDK','pcs',12.000,22500.000,32500.000),(60,14349,'803009010','GEDANG OB KOMB PRINT (L) PDK','pcs',12.000,24167.000,36500.000),(60,14350,'803009015','DOMINICK OB WASH WRN (L) PDK','pcs',12.000,21667.000,32500.000),(60,14351,'803009016','DOMINICK OB FULLPRINT (L) PDK','pcs',6.000,20000.000,29950.000),(60,14236,'803038001','doctor set koper dr-13 ktg,dm','pcs',18.000,14750.000,22990.000),(60,14237,'803038002','mbl polisi mb-166 ktg,dm','pcs',6.000,20542.000,31990.000),(60,14238,'803038003','truck pantai p-03 jrg,dm','pcs',6.000,27375.000,41990.000),(60,14239,'803038004','truck container mb-23 ktg,dm','pcs',36.000,8167.000,12990.000),(60,14240,'803038005','bola futsal,dm','pcs',22.000,32000.000,47990.000),(60,14241,'803038006','bus tayo mb-128 ktg,dm','pcs',36.000,10500.000,16490.000),(60,14242,'803038007','ring basket jrg,dm','pcs',24.000,10000.000,15990.000),(60,14243,'803038008','truck cntnr mb-96 ktg,dm','pcs',6.000,36834.000,54990.000),(60,14259,'803038009','mtr scooter 609,win','pcs',1.000,143500.000,205490.000),(60,14260,'803038010','mtr mini vaster 616,win','pcs',1.000,153000.000,218990.000),(60,14261,'803038011','mtr vespa classic 162,win','pcs',2.000,43000.000,61490.000),(60,14262,'803038012','truck heavy ht-661,win','pcs',1.000,101000.000,144490.000),(60,14263,'803038013','truck heavy ht-662,win','pcs',1.000,104500.000,149490.000),(60,14264,'803038014','mbl sl polisi 200,win','pcs',2.000,38250.000,57490.000),(60,14265,'803038015','keranjang set 818,win','pcs',6.000,11500.000,17990.000),(60,14266,'803038016','keranjang set k100,win','pcs',6.000,9750.000,14990.000),(60,14267,'803038017','keranjang set k200,win','pcs',6.000,10500.000,16490.000),(60,14268,'803038018','cangkir mewah cm-718,win','pcs',6.000,15250.000,23490.000),(60,14269,'803038019','super bike black edition,win','pcs',1.000,84500.000,120990.000),(60,14281,'803038020','SEA FOOD SET 803,168','pcs',2.000,12500.000,19468.000),(60,14282,'803038021','FUN-DOH EXTRUDER DUZ,168','pcs',2.000,45000.000,64468.000),(60,14283,'803038022','TONGKAT BIG BUBBLE,168','pcs',12.000,7000.000,10968.000),(60,14284,'803038023','MBL SUPER DRIFT SD-606,YY','pcs',1.000,103000.000,147475.000),(60,14285,'803038024','MBL POLISI PC-579,YY','pcs',2.000,90000.000,128975.000),(60,14286,'803038025','MBL JEEP MONSTER SMJ-572,YY','pcs',1.000,110000.000,157475.000),(60,14287,'803038026','MBL HIGHWAY PATROL GGC-629,YY','pcs',1.000,220000.000,314475.000),(60,14288,'803038029','mbl captain birds cb-610,yy','pcs',1.000,156000.000,222975.000),(60,14289,'803038030','dapur mewah dm-966 ktg,yy','pcs',2.000,52000.000,74475.000),(60,14290,'803038031','mbl jeep mb-134 ktg,dm','pcs',24.000,9717.000,14990.000),(60,14291,'803038032','truck cntnr tayo mb-119 ktg,dm','pcs',24.000,11084.000,17490.000),(60,14292,'803038033','truck cntnr mb-74 ktg,dm','pcs',18.000,17667.000,27490.000),(60,14293,'803038034','rbt dragon gladiator duz,mt','pcs',12.000,35000.000,52490.000),(60,14294,'803038035','rbt mbl transformer mika,mt','pcs',36.000,12500.000,19990.000),(60,14295,'803038036','cel klg tbg krktr (xl),mt','pcs',48.000,6250.000,9990.000),(60,14296,'803038037','cel klg tbg krktr (m),mt','pcs',72.000,4250.000,6990.000),(60,14297,'803038038','cel klg tbg krktr (l),mt','pcs',120.000,5000.000,7990.000),(60,14298,'803038039','rbt mbl deformation duz,mt','pcs',48.000,25000.000,37490.000),(60,14300,'803038040','space sand 9007 duz,mt','pcs',9.000,22500.000,39990.000),(60,14299,'803038041','rbt tobot duz (k),mt','pcs',18.000,13500.000,20990.000),(60,14301,'803038042','MBL CARS RKC 02046 KTG,CT','pcs',24.000,8750.000,13490.000),(60,14302,'803038043','MBL POLICE RKC 02046 KTG,CT','pcs',24.000,8750.000,13490.000),(60,14303,'803038044','DRAWING BOARD GRENO KTG,CT','pcs',36.000,13000.000,19990.000),(60,14304,'803038045','BATMAN CRAWLING,CT','pcs',1.000,32500.000,48990.000),(60,14305,'803038046','SUPERMAN CRAWLING,CT','pcs',1.000,32500.000,48990.000),(60,14306,'803038047','CAPTAIN AMERICA CRAWLING,CT','pcs',1.000,32500.000,48990.000),(60,14307,'803038048','MAKE UP SET KERANG M-128,CT','pcs',18.000,14000.000,21990.000),(60,14308,'803038049','MAKE UP SET SEGI3 M-118,CT','pcs',18.000,14000.000,21990.000),(60,14309,'803038050','DAPUR SET 2001,SM','pcs',3.000,13500.000,21950.000),(60,14310,'803038051','CANGKIR + TEKO SET MIKA,SM','pcs',6.000,11750.000,18950.000),(60,14311,'803038052','HALLO DAPUR 2414,SM','pcs',6.000,5500.000,8950.000),(60,14312,'803038053','HALLO DAPUR 2419,SM','pcs',6.000,5500.000,8950.000),(60,14313,'803038054','DUMP TRUCK MB-151 KTG,SM','pcs',6.000,15000.000,23950.000),(60,14314,'803038055','TRUCK KERUK MB-152 KTG,SM','pcs',6.000,19000.000,29950.000),(60,14315,'803038056','DUMP TRUCK KERUK MB-153 KTG,SM','pcs',6.000,15750.000,24950.000),(60,14316,'803038057','MBL GOKART + ORG KTG,LM','pcs',36.000,8500.000,13490.000),(60,14317,'803038058','BLOCKS INTELLECT KTG,LM','pcs',36.000,8000.000,12490.000),(60,14318,'803038059','LITTLE KITCHEN 5000B KTG,LM','pcs',24.000,8000.000,12490.000),(60,14319,'803038060','TRUCK BEKO 532 KTG,LM','pcs',2.000,50000.000,71490.000),(60,14320,'803038061','BONEKA BARBIE MERMAID 2152,LM','pcs',12.000,13750.000,24990.000),(60,14321,'803038062','TOPENG PWR RNGRS 777,LM','pcs',6.000,7000.000,10990.000),(60,14322,'803038063','FANCY KIT SALON TAS,LM','pcs',18.000,27500.000,41490.000),(60,14323,'803038064','TRUCK CNTNR 1072 KTG,LM','pcs',36.000,7750.000,11990.000),(60,14270,'803043001','kipas lpt gmbr,fjr','pcs',96.000,2605.000,3990.000),(60,14271,'803043002','kipas tangkai krktr,fjr','pcs',60.000,2605.000,3990.000),(60,14324,'803050001','LAMPU TIDUR SANLY,ST','pcs',24.000,5750.000,8500.000),(60,14325,'803050002','SENTER BEST LIFE FS200,ST','pcs',3.000,12500.000,16990.000),(60,14326,'803050003','SENTER TOYOSAKI TL-116,ST','pcs',3.000,26000.000,34990.000),(60,14327,'803050004','SENTER TOYOSAKI TL-004,ST','pcs',3.000,15000.000,19990.000),(60,14328,'803050005','SENTER SURYA SYT-137N,ST','pcs',2.000,26000.000,34990.000),(60,14329,'803050006','SENTER BEST LIFE FD216,ST','pcs',2.000,27500.000,36990.000),(60,14330,'803050007','SENTER SURYA SYT-2COB,ST','pcs',2.000,34000.000,45490.000),(60,14331,'803050008','SENTER MITSUYAMA MS-076,ST','pcs',4.000,13500.000,17990.000),(60,14332,'803050009','SCREWDRIVER SUNFREE 31 IN 1,ST','pcs',6.000,14000.000,19955.000),(60,14333,'803050010','TEST PEN INDO NIGHT 2 IN 1,ST','pcs',6.000,2500.000,3965.000),(60,14334,'803050011','TERMINAL SUNFREE 3L 13,ST','pcs',6.000,12500.000,16965.000),(60,14335,'803050012','TERMINAL SUNFREE 4L 14,ST','pcs',6.000,13500.000,18460.000),(60,14336,'803050013','TERMINAL SUNFREE 5L 15,ST','pcs',6.000,14500.000,19955.000),(60,14337,'803050014','TERMINAL SUNFREE 3L 53,ST','pcs',6.000,17500.000,23985.000),(60,14338,'803050015','TERMINAL SUNFREE 4L 54,ST','pcs',6.000,18500.000,24960.000),(60,14339,'803050016','TERMINAL SUNFREE 5L 55,ST','pcs',6.000,19500.000,25935.000),(60,14340,'803050017','TERMINAL SUNFREE 3L 33,ST','pcs',6.000,15000.000,19955.000),(60,14341,'803050018','TERMINAL SUNFREE 4L 34,ST','pcs',6.000,16000.000,21970.000),(60,14342,'803050019','TERMINAL SUNFREE 5L 35,ST ','pcs',6.000,17000.000,22945.000),(60,14244,'803062001','tp,pnsl klg xd-9520,3j','pcs',18.000,16750.000,24990.000),(60,14245,'803062002','tp,pnsl klg xd-9527,3j','pcs',18.000,20000.000,29990.000),(60,14246,'803062003','clip board krktr,3j','pcs',36.000,8667.000,12990.000),(60,14247,'803062004','mistar lpt 30cm,3j','pcs',60.000,2650.000,3960.000),(60,14248,'803062005','mistar besi krktr 15cm,3j','pcs',36.000,1625.000,2475.000),(60,14249,'803062006','tp,pnsl mgnt cc-1012,tj','pcs',36.000,24750.000,36990.000),(60,14250,'803062007','tp,pnsl mgnt cc-1017,tj','pcs',24.000,20000.000,29990.000),(60,14251,'803062008','crayon ptr 12 clr mika,tj','pcs',72.000,15000.000,19990.000),(60,14252,'803062009','sampul buku batik boxy,tj','pcs',60.000,6500.000,8990.000),(60,14253,'803062010','sampul buku batik kwarto,tj','pcs',60.000,5000.000,6990.000),(60,14254,'803062011','sampul buku cklt kwarto,tj','pcs',30.000,5000.000,6990.000),(60,14174,'803067001','wl classic ckr 8 pcs,cc','pcs',6.000,35000.000,48960.000),(60,14175,'803067002','virginal kanset 1 pcs,cc','pcs',8.000,19584.000,27960.000),(60,14176,'803067003','soluna kanset 1 pcs,cc','pcs',8.000,19584.000,27960.000),(60,14177,'803067004','platinum kanset 8 pcs,cc','pcs',8.000,30000.000,41960.000),(60,14178,'803067005','sharon kanset 5 pcs,cc','pcs',4.000,38000.000,52960.000),(60,14179,'803067006','aloha kanset 6 pcs,cc','pcs',4.000,35000.000,48960.000),(60,14180,'803067007','tropicana kanset 7 pcs,cc','pcs',8.000,30000.000,41960.000),(60,14181,'803067008','sapp fruit kanset 7 pcs,cc','pcs',4.000,36000.000,49960.000),(60,14182,'803067009','katerina kanset 5 pcs,cc','pcs',6.000,38000.000,52960.000),(60,14183,'803067010','merilin gls 6 pcs,cc','pcs',24.000,12000.000,16960.000),(60,14184,'803067011','la monica gls 6 pcs,cc','pcs',6.000,22000.000,30960.000),(60,14185,'803067012','sabrina gls 6 pcs,cc','pcs',12.000,12500.000,17460.000),(60,14186,'803067013','raina gls 6 pcs,cc','pcs',4.000,17500.000,24460.000),(60,14187,'803067014','honolulu gls 4 pcs,cc','pcs',3.000,14000.000,19460.000),(60,14188,'803067015','new diamond gls 3 pcs,cc','pcs',14.000,13000.000,18460.000),(60,14189,'803067017','viona gls 6 pcs,cc','pcs',6.000,19000.000,26460.000),(60,14190,'803067018','valentine gls 2 pcs,cc','pcs',8.000,12000.000,16960.000),(60,14191,'803067019','carmelia gls ice 5 pcs,cc','pcs',8.000,22000.000,30960.000),(60,14192,'803067020','calista gls ice 5 pcs,cc','pcs',6.000,22000.000,30960.000),(60,14193,'803067021','octanico mk 2 pcs,cc','pcs',12.000,7000.000,9960.000),(60,14194,'803067022','alberta mk 6 pcs,cc','pcs',12.000,18000.000,25460.000),(60,14195,'803067023','sweet pacific mk 2 pcs,cc','pcs',4.000,7000.000,9960.000),(60,14196,'803067024','ashanti mk 2 pcs,cc','pcs',12.000,7000.000,9960.000),(60,14197,'803067025','barcelona mk 2 pcs,cc','pcs',8.000,7000.000,9960.000),(60,14198,'803067026','strawberry mk 4 pcs,cc','pcs',6.000,12500.000,17460.000),(60,14199,'803067027','peony mk apple 4 pcs,cc','pcs',6.000,15500.000,21960.000),(60,14200,'803067028','flora mk 2 pcs,cc','pcs',12.000,6500.000,9460.000),(60,14201,'803067029','modena mk 1 pc,cc','pcs',12.000,12000.000,16960.000),(60,14202,'803067030','crystal mk 1 pc,cc','pcs',6.000,16500.000,22960.000),(60,14203,'803067031','nakato kanset 4 pcs,cc','pcs',4.000,35000.000,48960.000),(60,14204,'803067032','napoleon kanset 4 pcs (k),cc','pcs',2.000,32500.000,45460.000),(60,14205,'803067033','napoleon kanset 4 pcs (b),cc','pcs',3.000,37500.000,52460.000),(60,14206,'803067034','flamingo ckr 8 pcs,cc','pcs',12.000,17500.000,24460.000),(60,14207,'803067035','splash ckr 8 pcs,cc','pcs',8.000,17500.000,24460.000),(60,14208,'803067036','monalisa ckr 8 pcs,cc','pcs',8.000,17000.000,23960.000),(60,14209,'803067037','sun flower ckr 8 pcs,cc','pcs',12.000,17500.000,24460.000),(60,14210,'803067038','hibicus ckr 8 pcs,cc','pcs',12.000,17500.000,24460.000),(60,14211,'803067039','manzana ckr 8 pcs,cc','pcs',12.000,17500.000,24460.000),(60,14212,'803067040','tulip ckr 8 pcs,cc','pcs',12.000,17500.000,24460.000),(60,14213,'803067041','rose ckr 8 pcs,cc','pcs',8.000,17000.000,23960.000),(60,14214,'803067042','rosalia ckr 8 pcs,cc','pcs',12.000,17000.000,23960.000),(60,14215,'803067043','rosette ckr 8 pcs,cc','pcs',16.000,17000.000,23960.000),(60,14216,'803067044','rosella ckr 8 pcs,cc','pcs',16.000,17000.000,23960.000),(60,14217,'803067045','sun flower ckr 12 pcs,cc','pcs',6.000,24000.000,33460.000),(60,14218,'803067046','flamingo ckr 12 pcs,cc','pcs',10.000,24000.000,33460.000),(60,14219,'803067047','tulip ckr 12 pcs,cc','pcs',6.000,24000.000,33460.000),(60,14220,'803067048','cassablanca ckr 12 pcs,cc','pcs',6.000,24000.000,33460.000),(60,14221,'803067049','splash ckr 12 pcs,cc','pcs',10.000,24000.000,33460.000),(60,14222,'803067050','manzana ckr 12 pcs,cc','pcs',4.000,24000.000,33460.000),(60,14223,'803067051','hibicus ckr 12 pcs,cc','pcs',4.000,24000.000,33460.000),(60,14224,'803067052','karin mug 2 pcs,cc','pcs',6.000,7500.000,10460.000),(60,14225,'803067053','rossa ckr 12 pcs,cc','pcs',8.000,22000.000,30960.000),(60,14226,'803067054','roses ckr 12 pcs,cc','pcs',6.000,22000.000,30960.000),(60,14227,'803067055','gift package ckr 12 pcs,cc','pcs',20.000,22000.000,30960.000),(60,14228,'803067056','gelato gls 6 pcs,cc','pcs',24.000,22000.000,30960.000),(60,14229,'803067057','p/m kl-688 mug asbak 3 pcs,cc','pcs',8.000,17500.000,24460.000),(60,14230,'803067058','p/m omega mug 2 pcs,cc','pcs',6.000,13000.000,18460.000),(60,14231,'803067059','p/m fang2 classic mug 2 pcs,cc','pcs',8.000,13000.000,18460.000),(60,14232,'803067060','p/m kl-368 mug 2 pcs,cc','pcs',8.000,16000.000,22460.000),(60,14233,'803067061','blossom kanset 5 pcs,cc','pcs',4.000,45000.000,62460.000),(60,14234,'803067062','rose ckr 12 pcs,cc','pcs',8.000,22000.000,30460.000),(60,14235,'803067063','marissa ckr 8 pcs,cc','pcs',12.000,17000.000,23960.000),(60,14258,'803070001','serutan cosmetic','pcs',100.000,2500.000,3990.000),(60,14272,'803070003','PINSET BOX','pcs',48.000,6667.000,9990.000),(60,14273,'803070004','SPON MNDI (B)','pcs',72.000,3334.000,4990.000),(60,14274,'803070005','SPON BSH WAJIK SHIMEIYI','pcs',48.000,10000.000,14990.000),(60,14275,'803070006','SPON BSH YU HUAN 8 PCS','pcs',96.000,10000.000,14990.000),(60,14276,'803070007','SISIR BLOW LAI MEI','pcs',24.000,6667.000,9990.000),(60,14277,'803070008','LIANG LI EYELASH CRLR','pcs',96.000,6334.000,9490.000),(60,14278,'803070009','SPON MAKE UP SILICONE','pcs',48.000,10000.000,14990.000),(60,14279,'803070010','KUAS MASKER EBM','pcs',24.000,5000.000,7490.000),(60,14280,'803070011','KACA SEGI A3 KRKTR','pcs',60.000,5000.000,7490.000),(60,14255,'803073001','bulu mata maxfector duz','pcs',96.000,3750.000,6900.000),(60,14256,'803073002','bulu mata yu huan mika','pcs',96.000,10000.000,14990.000),(60,14257,'803073003','bulu mata mac mika','pcs',180.000,4500.000,6900.000),(61,14720,'803006009','X-TWO BLUS SP LIST WRN PDK','pcs',54.000,25000.000,32500.000),(61,14721,'803006020','WHY BOLLERO KTN WRN','pcs',12.000,39000.000,52500.000),(61,14722,'803006021','WHY BOLLERO KTN (XL)','pcs',24.000,41000.000,54950.000),(61,14723,'803009022','DENNDEV OB KOMB TGN PDK','pcs',18.000,25000.000,32500.000),(61,14724,'803009023','DENNDEV OB PRINT PDK','pcs',12.000,25000.000,32500.000),(61,14725,'803009024','DENNDEV OB KOMB4 PDK','pcs',12.000,25000.000,32500.000),(61,14726,'803009025','DENNDEV OB KOMB2 PDK','pcs',12.000,25000.000,32500.000),(61,14731,'803032006','OCEAN STL KMJ MTF PDK 4/8','pcs',6.000,52000.000,69950.000),(61,14735,'803032007','OCEAN STL KMJ MTF PDK 10/14','pcs',6.000,58000.000,77500.000),(61,14739,'803032008','OCEAN STL KMJ FANEL PJG 4/8','pcs',6.000,63000.000,84950.000),(61,14730,'803036004','OCEAN STL KMJ MTF PDK 1/3','pcs',6.000,46000.000,61500.000),(61,14738,'803036005','OCEAN STL KMJ FANEL PJG 1/3','pcs',6.000,57000.000,76500.000),(61,14740,'803036006','ENRICA STL OB GMBR PTH PDK','pcs',36.000,15500.000,19950.000),(61,14741,'803036007','ENRICA STL OB GMBR WRN PDK','pcs',24.000,15500.000,19950.000),(61,14742,'803036008','ENRICA STL SINGLET GMBR PTH','pcs',12.000,15000.000,19950.000),(61,14743,'803036009','ENRICA STL SINGLET GMBR WRN','pcs',12.000,15000.000,19950.000),(61,14744,'803036012','ALF & OMG STL ROK KDK KEMBANG','pcs',36.000,26000.000,34950.000),(61,14745,'803036013','ALF & OMG STL ROK KDK KEMBANG 1/4','pcs',12.000,29000.000,38500.000),(61,14746,'803036014','ALF & OMG STL ROK KDK KAOS','pcs',6.000,25000.000,34950.000),(61,14747,'803036015','ALF & OMG JUMPER BRDR CELMEK','pcs',12.000,25000.000,34950.000),(61,14748,'803036016','ALF & OMG STL DSTR CREAM','pcs',6.000,24000.000,32500.000),(61,14749,'803036017','ALF & OMG DSTR BRKT KEMBANG','pcs',6.000,28000.000,37500.000),(61,14778,'803045001','TAS TENTENG MDL KLP,ALX','pcs',6.000,37000.000,54950.000),(61,14779,'803045002','TAS RNSL MDL KLP,ALX','pcs',6.000,37000.000,54950.000),(61,14780,'803045003','TAS SLMP MDL KLP,ALX','pcs',24.000,37000.000,54950.000),(61,14781,'803045004','TAS SLMP MDL KTK,ALX','pcs',6.000,32000.000,49950.000),(61,14757,'803068001','KESET KAIN MTF,MS','pcs',120.000,2900.000,4490.000),(61,14758,'803068002','KESET TENUN MHL,MS','pcs',160.000,3900.000,5990.000),(61,14769,'803068028','SAPU IJUK DRGN,JKR','pcs',24.000,13889.000,19990.000),(61,14770,'803068029','SKT WC DRAGON,JKR','pcs',30.000,2500.000,3990.000),(61,14771,'803068030','SAPU SENAR PADI,JKR','pcs',24.000,7084.000,10990.000),(61,14772,'803068031','SAPU IJUK,JKR','pcs',12.000,5667.000,8990.000),(61,14773,'803068033','PEL SEGI JKR 20CM,JKR','pcs',6.000,11251.000,17490.000),(61,14774,'803068034','HNGR INDOPROSPER WRN,JKR','pcs',50.000,6500.000,9990.000),(61,14775,'803068035','WIPER LANTAI,JKR','pcs',6.000,10000.000,15490.000),(61,14776,'803068036','KEMOCENG SINTETIS,JKR','pcs',8.000,6667.000,10490.000),(61,14777,'803068037','KEMOCENG BENANG,JKR','pcs',8.000,3334.000,5490.000),(61,14727,'803073004','FRUITY MASKER SET','pcs',33.000,14000.000,19900.000),(61,14728,'803073005','RDL HDRQNNE BF 3 60ML','pcs',72.000,32500.000,39990.000),(61,14729,'803073006','RDL HDRQNNE BF 2 60ML','pcs',36.000,32500.000,39990.000),(61,14732,'803073007','NATURGO GOLD MASKER SET','pcs',100.000,15000.000,19990.000),(61,14733,'803073008','NATURGO HANASUI MASKER SET','pcs',60.000,15000.000,19990.000),(61,14734,'803073009','HARE LIPSTICK','pcs',150.000,3334.000,4940.000),(61,14736,'803073010','QUINA EYELNR 6ML DUZ','pcs',60.000,11667.000,15990.000),(61,14737,'803073011','MBL BABY LIP CANDY WOW','pcs',36.000,15000.000,19990.000),(61,14750,'803073012','MAC EYESHDW LADY GAGA 758','pcs',24.000,19167.000,28990.000),(61,14751,'803073014','OZERA LIPSTICK PNSL','pcs',30.000,10417.000,14970.000),(61,14752,'803073016','QIANSOTO MASKER COFFEE','pcs',12.000,7500.000,9500.000),(61,14753,'803073017','QIANSOTO MASKER GOLD','pcs',12.000,7500.000,9500.000),(61,14754,'803073018','GIZI TL CREAM NIGHT','pcs',12.000,11250.000,14990.000),(61,14755,'803073019','NICHII BABY PWDR 40G','pcs',12.000,9584.000,12990.000),(61,14756,'803073020','VASELINE LIP THERAPY','pcs',37.000,20000.000,27990.000),(61,14759,'803073021','JM EYELNR 5ML DUZ','pcs',18.000,15834.000,21900.000),(61,14760,'803073022','MUKKA MSC SENSATIONAL DUZ','pcs',18.000,13750.000,19900.000),(61,14761,'803073023','OZERA MSC OZ307 DUZ','pcs',18.000,13334.000,17900.000),(61,14762,'803073024','CASANDRA MSC 3ML DUZ','pcs',30.000,13334.000,18990.000),(61,14763,'803073025','MUKKA LIP CREAM MATTE','pcs',24.000,11250.000,16980.000),(61,14764,'803073026','MY DARLING MSC 9ML DUZ','pcs',24.000,14167.000,18990.000),(61,14765,'803073027','SIEJLA MSC S002 DUZ','pcs',12.000,15417.000,21990.000),(61,14766,'803073028','JM MSC 10ML DUZ','pcs',24.000,18334.000,24900.000),(61,14767,'803073029','JM LIPSTICK PNSL GOLD','pcs',48.000,10417.000,13980.000),(61,14768,'803073030','KELLY PEARL CREAM 5G','pcs',24.000,3000.000,4900.000),(62,15071,'803035006','aa gend baby pls,jtp','pcs',6.000,14200.000,19950.000),(62,15072,'803035007','OKIYO GEND BABY PLS,JTP','pcs',6.000,15500.000,19950.000),(62,15073,'803035008','LISTA GEND BABY PLS,JTP','pcs',6.000,19200.000,24950.000),(62,15074,'803035010','BESS GEND DPN MD,JTP','pcs',2.000,30000.000,39950.000),(62,15075,'803035011','BESS GEND DPN BONEKA TUA,JTP','pcs',2.000,41700.000,55600.000),(62,15076,'803035012','BESS GEND DPN MD (K),JTP','pcs',2.000,25900.000,34950.000),(62,15077,'803035013','KIDKA GEND DPN TULANG,JTP','pcs',2.000,51500.000,68500.000),(62,15078,'803035024','JESSI PERLAK BABY (B),JTP','pcs',6.000,17000.000,22500.000),(62,15079,'803035025','JESSI PERLAK BABY (K),JTP','pcs',6.000,11300.000,14950.000),(62,15080,'803035026','SPTU BABY BULU MIKA,JTP','pcs',20.000,13100.000,17500.000),(62,15097,'803035031','KIDKA GEND DPN MD,JTP','pcs',2.000,26500.000,34950.000),(62,15098,'803035039','HAPPY CD BABY DUZ,JTP','pcs',20.000,21500.000,28500.000),(62,15024,'803068003','GYNG TRIXY WRN,ELZ','pcs',18.000,2750.000,4470.000),(62,15025,'803068004','GYNG BUAH LOVENIA,ELZ','pcs',24.000,2750.000,4470.000),(62,15026,'803068005','MK BAWANG CORNELIUS,ELZ','pcs',30.000,2084.000,3470.000),(62,15027,'803068006','GYNG CORNELIUS GG PJG (K),ELZ','pcs',12.000,2084.000,3470.000),(62,15028,'803068007','GYNG CORNELIUS GG PJG (B),ELZ','pcs',12.000,2500.000,3970.000),(62,15029,'803068008','BANGKU ANAK BLT,ELZ','pcs',24.000,3334.000,5470.000),(62,15030,'803068009','BANGKU ANAK SEGI,ELZ','pcs',24.000,4167.000,6470.000),(62,15031,'803068011','NAMPAN SEGI BP 1,ELZ','pcs',12.000,1667.000,2970.000),(62,15032,'803068013','NAMPAN SEGI BP 3,ELZ','pcs',8.000,2500.000,3970.000),(62,15033,'803068014','NAMPAN SEGI BP 4,LEZ','pcs',12.000,3084.000,4970.000),(62,15034,'803068015','BABY CUP PENGUIN,ELZ','pcs',12.000,3334.000,5470.000),(62,15035,'803068018','CTKN AGAR2 DRGN,ELZ','pcs',12.000,3750.000,5970.000),(62,15036,'803068019','EMBER TTP EXC 4GL,ELZ','pcs',6.000,16667.000,25970.000),(62,15037,'803068020','FLDNG HNGR APOLLO 30 STICK,ELZ','pcs',6.000,21667.000,33470.000),(62,15038,'803068023','RAK SEGI 3T (B),ELZ','pcs',3.000,18000.000,27970.000),(62,15039,'803068025','PENGKI SPR WRN,ELZ','pcs',4.000,2917.000,4470.000),(62,15040,'803068026','PENGKI APPOLO WRN,ELZ','pcs',4.000,6000.000,9470.000),(62,15041,'803068027','GLS NANAS CORNELIUS,ELZ','pcs',36.000,2167.000,3470.000),(62,15042,'803068039','BTL AIR RAPTOR 600ML,OSC','pcs',24.000,8750.000,13490.000),(62,15043,'803068040','BTL AIR PANDA 500CC,OSC','pcs',12.000,9542.000,14990.000),(62,15044,'803068041','BTL AIR PANDA 600CC,OSC','pcs',12.000,10459.000,16490.000),(62,15045,'803068042','BTL COOL POT BONIA (L),OSC','pcs',12.000,6542.000,10490.000),(62,15046,'803068043','BTL KECAP VIOLA 500ML,OSC','pcs',24.000,3042.000,4990.000),(62,15047,'803068044','ESKAM AYAKO 1,4LT,OSC','pcs',18.000,5250.000,8490.000),(62,15048,'803068046','KACA INOVA,OSC','pcs',3.000,27000.000,41990.000),(62,15049,'803068047','KERANJANG BUAH TWN (B),OSC','pcs',48.000,6250.000,9990.000),(62,15050,'803068048','KERANJANG BUAH TWN (K),OSC','pcs',12.000,3500.000,5490.000),(62,15051,'803068049','KERANJANG BUAH FUJI,OSC','pcs',24.000,3875.000,5990.000),(62,15052,'803068051','KERANJANG SALLY (B),OSC','pcs',24.000,10084.000,15990.000),(62,15053,'803068052','SKT WC GIANT MUM LOVE,OSC','pcs',36.000,3000.000,4990.000),(62,15054,'803068053','TALENAN APEL,OSC','pcs',12.000,8000.000,12490.000),(62,15055,'803068054','KERANJANG SMPH RAJAWALI,OSC','pcs',17.000,9000.000,13990.000),(62,15056,'803068055','MK APEL LEMONY,OSC','pcs',36.000,2084.000,3490.000),(62,15057,'803068056','THERMOST LS CORONA HP-9,OSC','pcs',4.000,57167.000,84490.000),(62,15058,'803068057','KITCHEN SET NATASHA,OSC','pcs',4.000,15500.000,23990.000),(62,15059,'803068058','NAMPAN SEGI ANYAM CAL,OSC','pcs',24.000,4084.000,6490.000),(62,15060,'803068059','PEL SEGI NAGOYA (M),OSC','pcs',6.000,13250.000,20490.000),(62,15061,'803068060','PEL SEGI NAGOYA (L),OSC','pcs',6.000,15500.000,23990.000),(62,15062,'803068061','PEL OBOR NAGOYA (S),OSC','pcs',6.000,13000.000,19990.000),(62,15063,'803068062','RAK SPTU S/3 TS,OSC','pcs',6.000,20000.000,30990.000),(62,15064,'803068063','RAK SPTU S/4 TS,OSC','pcs',8.000,25000.000,38490.000),(62,15065,'803068065','HNGR CHESKA WRN (K),OSC','pcs',12.000,4084.000,6490.000),(62,15066,'803068067','MK TTP BIGGY,OSC','pcs',36.000,2250.000,3490.000),(62,15067,'803068068','KERANJANG SEGI VIOLA,OSC','pcs',24.000,4167.000,6490.000),(62,15068,'803068070','MK ROSSY 116,OSC','pcs',24.000,3042.000,4990.000),(62,15069,'803068071','RAK WITA S/3 SEGI3 ORI,OSC','pcs',2.000,17334.000,26990.000),(62,15070,'803068072','RAK WITA S/3 OVALE,OSC','pcs',3.000,14250.000,21990.000),(62,15081,'803068073','THERMOST LS SOLARIS SN-8,OSC','pcs',4.000,52250.000,75490.000),(62,15082,'803068074','THERMOST HARMONY SIP-336,OSC','pcs',2.000,32250.000,47990.000),(62,15083,'803068075','TUDUNG SAJI BLT TWN,OSC','pcs',6.000,5427.000,8490.000),(62,15084,'803068076','BTL COOL POT TENNY,OSC','pcs',24.000,3417.000,5490.000),(62,15085,'803068077','BTL COOL POT MCKY (L),OSC','pcs',24.000,3334.000,5490.000),(62,15086,'803068078','BTL KECAP NP 1000ML,OSC','pcs',18.000,3750.000,5990.000),(62,15087,'803068080','SKT CC TAIWAN TS-209,OSC','pcs',24.000,3250.000,4990.000),(62,15088,'803068081','MK SEGI BP PM-08,OSC','pcs',12.000,2917.000,4490.000),(62,15089,'803068082','MK CALISTA (K),OSC','pcs',12.000,2584.000,3990.000),(62,15090,'803068084','KERANJANG LUCKY BIRDS L-605,OSC','pcs',12.000,12500.000,19490.000),(62,15091,'803068085','GYNG LOVE TAIWAN (K),OSC','pcs',12.000,3667.000,5990.000),(62,15092,'803068086','PRNG SEGI SQUARE,OSC','pcs',36.000,4417.000,6990.000),(62,15093,'803068088','MUG TTP CALISTA,OSC','pcs',24.000,3334.000,5490.000),(62,15094,'803068089','BTL AIR H.KITTY,OSC','pcs',18.000,2917.000,4490.000),(62,15095,'803068090','TTP GLS MAHKOTA 24 PCS,OSC','pcs',24.000,6500.000,9990.000),(62,15096,'803068092','TP,TISSUE SEGI PUP 179,OSC','pcs',6.000,8834.000,13990.000),(62,15099,'803068093','KACA KMR MANDI JM-88,OSC','pcs',12.000,14250.000,21990.000),(62,14984,'803073031','PLACENTA HBL 600ML','pcs',36.000,14000.000,15990.000),(62,14985,'803073032','MAMAYA RICE MILK SOAP 60G','pcs',36.000,4584.000,7990.000),(62,14986,'803073033','POMPIA SBN SERE 160G','pcs',18.000,6250.000,7990.000),(62,14987,'803073034','POMPIA SBN SERE 80G','pcs',12.000,3750.000,4990.000),(62,14988,'803073035','NATURAL TL FCL FOAM 100G','pcs',30.000,14584.000,19990.000),(62,14989,'803073036','NATURAL TL EXFLTNG GEL 100G','pcs',30.000,14584.000,19990.000),(62,14990,'803073037','NATURAL TL WHT TONER 100ML','pcs',30.000,13750.000,19900.000),(62,14991,'803073038','NATURAL TL WHT TONER 60ML','pcs',30.000,13750.000,19900.000),(62,14992,'803073039','NATURAL TL WHT CREAM DAY','pcs',24.000,22084.000,27900.000),(62,14993,'803073040','NATURAL TL WHT CREAM NIGHT','pcs',36.000,22084.000,27900.000),(62,14994,'803073041','NATURAL TL BRGHTNG SOAP 80G','pcs',60.000,5250.000,6990.000),(62,14995,'803073042','THE FACE TL CREAM S/M','pcs',48.000,13750.000,19990.000),(62,14996,'803073043','WIDYA TL WHT SOAP 115G','pcs',60.000,4584.000,6990.000),(62,14997,'803073044','MAKARIZO CREAMBATH ALOE MELON (B)','pcs',12.000,9584.000,13900.000),(62,14998,'803073045','MAKARIZO CREAMBATH MADU (B)','pcs',12.000,9584.000,13900.000),(62,14999,'803073046','MAKARIZO CREAMBATH KIWI (B)','pcs',12.000,9584.000,13900.000),(62,15000,'803073047','MAKARIZO CREAMBATH OLIVE (B) ','pcs',12.000,9584.000,13900.000),(62,15001,'803073048','MAKARIZO CREAMBATH MADU (K)','pcs',24.000,5000.000,5990.000),(62,15002,'803073049','MAKARIZO CREAMBATH KIWI (K)','pcs',24.000,5000.000,5990.000),(62,15003,'803073050','MAKARIZO CREAMBATH OLIVE (K)','pcs',24.000,5000.000,5990.000),(62,15004,'803073051','MAKARIZO CREAMBATH ALOE MELON (k)','pcs',24.000,5000.000,5990.000),(62,15005,'803073052','MAKARIZO HAIR REPAIR MASK','pcs',24.000,3334.000,4999.000),(62,15006,'803073053','KELLY LEMON SOAP 75G','pcs',48.000,9500.000,12900.000),(62,15007,'803073054','KELLY LEMON SOAP 25G','pcs',36.000,4584.000,7490.000),(62,15008,'803073055','KELLY LEMON SOAP 15G','pcs',24.000,3167.000,5900.000),(62,15009,'803073056','KELLY PEARL CREAM 15G','pcs',48.000,5584.000,7490.000),(62,15010,'803073057','KELLY BTY PWDR 22,5G','pcs',36.000,5417.000,7990.000),(62,15011,'803073058','CAMELEON MSC & EYE','pcs',36.000,15834.000,19900.000),(62,15012,'803073059','LEM BULU MATA MAC','pcs',24.000,8334.000,12490.000),(62,15013,'803073060','MAMAYA BRGHTNG SOAP 135G','pcs',24.000,6459.000,8990.000),(62,15014,'803073062','GIZI TL CREAM NIGHT','pcs',24.000,11250.000,14990.000),(62,15015,'803073064','HANASUI EGG WHITE MASK 85G','pcs',24.000,18000.000,22900.000),(62,15016,'803073065','SPA EXFLTNG GEL 300ML','pcs',24.000,18000.000,27900.000),(62,15017,'803073066','HOME SNOW VANISHING CREAM 39G','pcs',12.000,7167.000,8900.000),(62,15018,'803073067','EAGLES BLACK HENNA','pcs',42.000,4500.000,6900.000),(62,15019,'803073068','MECO PEARL CREAM 12G','pcs',24.000,11667.000,16900.000),(62,15020,'803073069','JM LIPSTICK PNSL','pcs',12.000,9584.000,12990.000),(62,15021,'803073070','MUKKA EYESHDW 802','pcs',24.000,25834.000,34990.000),(62,15022,'803073071','MUKKA EYESHDW 903','pcs',24.000,23334.000,31490.000),(62,15023,'803073072','MUKKA EYESHDW 7018','pcs',24.000,19167.000,25990.000),(63,15500,'803006065','BENEVA DRESS REST BUNGA PDK','pcs',36.000,34000.000,44950.000),(63,15796,'803006069','NUBIE BLUS KIM GMBR PJG','pcs',24.000,11000.000,14950.000),(63,15797,'803006070','NUBIE BLUS KIM GMBR PDK','pcs',24.000,11000.000,14950.000),(63,15798,'803006071','NUBIE BLUS KIM GMBR 3/4','pcs',24.000,11000.000,14950.000),(63,15799,'803006072','NUBIE BLUS KIM ABU PJG','pcs',24.000,11000.000,14950.000),(63,15800,'803006073','DEVIREN BLUS WRN PJG','pcs',36.000,11500.000,14950.000),(63,15801,'803006074','DEVIREN BLUS WRN PDK','pcs',60.000,11500.000,14950.000),(63,15769,'803009061','BANDIT OB CASUAL WRN PDK','pcs',12.000,27000.000,36500.000),(63,15770,'803009062','BANDIT OB CASUAL IMFORT PDK','pcs',12.000,27000.000,36500.000),(63,15771,'803009074','MONKL KRH WRN PDK','pcs',24.000,52500.000,69950.000),(63,15772,'803009075','MONKL KRH KOMB WRN PDK','pcs',39.000,56000.000,74950.000),(63,15793,'803009077','MONKL OB PLS WRN PJG','pcs',18.000,31000.000,42500.000),(63,15794,'803009078','MONKL OB PLS WRN PDK','pcs',24.000,26000.000,36500.000),(63,15795,'803024002','MONKL OBL WRN PJG','pcs',6.000,65000.000,84950.000),(63,15773,'803032058','X3 OB KJN WRN (S) PDK','pcs',12.000,12917.000,17500.000),(63,15774,'803032059','X3 OB KJN WRN (M) PDK','pcs',12.000,13750.000,18500.000),(63,15775,'803032060','X3 OB KJN WRN (L) PDK','pcs',12.000,14584.000,19950.000),(63,15776,'803032061','X3 OB KJN WRN (XL) PDK','pcs',12.000,15417.000,19950.000),(63,15777,'803032062','X3 OB KJN WRN (S) 3/4','pcs',12.000,13750.000,18500.000),(63,15778,'803032063','X3 OB KJN WRN (M) 3/4','pcs',12.000,14584.000,19950.000),(63,15779,'803032064','X3 OB KJN WRN (L) 3/4','pcs',12.000,16250.000,19950.000),(63,15780,'803032065','X3 OB KJN WRN (XL) 3/4','pcs',12.000,17084.000,22500.000),(63,15781,'803032066','X3 OB KJN WRN (S) PJG','pcs',12.000,16667.000,22500.000),(63,15782,'803032067','X3 OB KJN WRN (M) PJG','pcs',12.000,17500.000,24950.000),(63,15783,'803032068','X3 OB KJN WRN (L) PJG','pcs',12.000,18334.000,24950.000),(63,15784,'803032069','X3 OB KJN WRN (XL) PJG','pcs',12.000,19584.000,26500.000),(63,15785,'803032070','X3 OB PAMA WRN (S) PDK','pcs',12.000,10834.000,14950.000),(63,15786,'803032071','X3 OB PAMA WRN (M) PDK','pcs',12.000,11667.000,14950.000),(63,15787,'803032072','X3 OB PAMA WRN (L) PDK','pcs',12.000,12500.000,16500.000),(63,15788,'803032073','X3 OB PAMA WRN (XL) PDK','pcs',12.000,13334.000,17500.000),(63,15789,'803032074','DARBEES OB KIMONO WRN (S) 3/4','pcs',24.000,15000.000,19950.000),(63,15790,'803032075','DARBEES OB KIMONO WRN (M) 3/4','pcs',24.000,15834.000,19950.000),(63,15791,'803032076','DARBEES OB KIMONO WRN (L) 3/4','pcs',24.000,16667.000,22500.000),(63,15792,'803032077','DARBEES OB KIOMONO WRN (XL)3/4','pcs',24.000,17500.000,24950.000),(63,15508,'803035053','DOT BABY PLS','pcs',96.000,2526.000,3990.000),(63,15708,'803035054','GIGITAN BABY YEO2','pcs',8.000,7500.000,11490.000),(63,15709,'803035055','DOT BABY PIGEON S-L','pcs',18.000,6556.000,8965.000),(63,15710,'803035056','DOT BABY HUKI MIX','pcs',18.000,4445.000,6985.000),(63,15711,'803035057','DOT BABY PLS','pcs',50.000,1860.000,3990.000),(63,15509,'803038077','TRUCK TRAILER 6 MBL 2089 MIKA,MT','pcs',4.000,25000.000,37490.000),(63,15510,'803038078','PISTOL AIR 1 TBG P007 KTG,MT','pcs',36.000,14250.000,21990.000),(63,15511,'803038079','MBL GOLF RKC02036 KTG,MT','pcs',36.000,9500.000,14990.000),(63,15512,'803038080','RBT MBL CHALLENGER MIKA,MT','pcs',12.000,12000.000,18490.000),(63,15513,'803038081','DOCTOR PLAY SET 164 KTG,MT','pcs',12.000,12000.000,18490.000),(63,15514,'803038082','TRACK ATTACK ST-2461,MT','pcs',8.000,10500.000,16490.000),(63,15515,'803038083','PIANO 5 LAMPU B/O KTG,MT','pcs',5.000,17500.000,26990.000),(63,15516,'803038084','SENAPAN PLANET WRN,MT','pcs',6.000,13000.000,19990.000),(63,15517,'803038085','I-PAD BHS ARAB B/O DUZ,MT','pcs',3.000,40000.000,59990.000),(63,15518,'803038086','MANDI BOLA 23 PCS JRG,MT','pcs',8.000,7000.000,10990.000),(63,15519,'803038087','TRUCK CNSTRCTN B-154 KTG,DM','pcs',8.000,20000.000,29990.000),(63,15520,'803038088','TRUCK PANTAI P-04 JRG,DM','pcs',6.000,16834.000,25990.000),(63,15521,'803038089','BUS TAYO MB-32 KTG,DM','pcs',12.000,17625.000,27490.000),(63,15522,'803038090','BUS TAYO MB-107 KTG,DM','pcs',28.000,11586.000,17990.000),(63,15523,'803038091','MBL BATMAN RKC-02066 KTG,CT','pcs',7.000,11000.000,16990.000),(63,15524,'803038092','SENAPAN RBT YUGI 1062,CT ','pcs',6.000,8250.000,12990.000),(63,15525,'803038093','WHITE BOARD + SPIDOL KTG (B),CT','pcs',12.000,10250.000,15990.000),(63,15526,'803038094','KERETA H.KITTY SET,CT','pcs',12.000,11500.000,17990.000),(63,15527,'803038095','FISHING GAME 001,CT','pcs',4.000,8250.000,12990.000),(63,15528,'803038096','MBL RALLY 4 PCS DUZ,CT','pcs',4.000,10500.000,16490.000),(63,15529,'803038097','PSWT BOEING ST-309 KTG,CT','pcs',8.000,8500.000,13490.000),(63,15530,'803038098','TRUCK TANGKI GDG MB 28 KTG,HT','pcs',6.000,17500.000,26990.000),(63,15531,'803038099','TRUCK PEMADAM YM-B32 MIKA,HT','pcs',6.000,5500.000,8490.000),(63,15532,'803038100','GUITAR PLAYER 9827,HT','pcs',3.000,4750.000,7490.000),(63,15533,'803038101','BLOCK INTELLECT ST-309 KTG,SM','pcs',6.000,6750.000,10950.000),(63,15534,'803038102','TONGKAT BULAN SABIT B/O KTG,SM','pcs',6.000,15500.000,24450.000),(63,15535,'803038103','TONGKAT ANGSA B/O KTG,SM','pcs',6.000,15500.000,24450.000),(63,15536,'803038104','MBL SEDAN SWAT 2016 KTG,SM','pcs',3.000,20500.000,30950.000),(63,15537,'803038105','MBL SPR POLICE 12 PCS,SM','pcs',6.000,21000.000,31490.000),(63,15538,'803038106','MTR CROSS + ORG 5701,SM','pcs',3.000,13000.000,20950.000),(63,15539,'803038107','PANAHAN SET ST-302,SM','pcs',3.000,14500.000,22950.000),(63,15540,'803038108','KULKAS MINI 2403 KTG,SM','pcs',3.000,11250.000,17950.000),(63,15541,'803038109','GAJAH PUZZLE RODA KTG,SM','pcs',3.000,12000.000,18950.000),(63,15542,'803038110','SENAPAN RIFLE PJG 518,SM','pcs',6.000,14000.000,22450.000),(63,15543,'803038112','MNL POLICE CARS 12 PCS,SM','pcs',6.000,18000.000,28450.000),(63,15544,'803038113','MBL FAST FURIOUS 12 PCS,SM','pcs',6.000,20500.000,30950.000),(63,15545,'803038114','BONEKA PISANG (S),MAN','pcs',3.000,17500.000,26490.000),(63,15546,'803038115','BONEKA PISANG (M),MAN','pcs',3.000,24500.000,36990.000),(63,15547,'803038116','BONEKA DORAEMON LOVE (L),MAN','pcs',3.000,27500.000,41490.000),(63,15548,'803038117','BONEKA DORAEMON LOVE (M),MAN','pcs',3.000,21500.000,32490.000),(63,15549,'803038118','BONEKA HK LOVE ARI (M),MAN','pcs',3.000,20500.000,30990.000),(63,15550,'803038119','BONEKA BABI PITA (S),MAN','pcs',2.000,14500.000,21990.000),(63,15551,'803038120','BONEKA BABI PITA (M),MAN','pcs',2.000,19500.000,29490.000),(63,15552,'803038121','BONEKA MARSHA (K),MAN','pcs',2.000,26000.000,38990.000),(63,15553,'803038122','BONEKA POKEMON (L),MAN','pcs',2.000,25500.000,38490.000),(63,15554,'803038123','BONEKA MARIO (M),MAN','pcs',2.000,22000.000,32990.000),(63,15555,'803038124','BONEKA MARIO (S),MAN','pcs',2.000,16000.000,23990.000),(63,15556,'803038125','BOLA KERINCINGAN,MAN','pcs',2.000,10500.000,15990.000),(63,15557,'803038126','BNTL LEHER KRKTR,MAN','pcs',2.000,16000.000,23990.000),(63,15558,'803038127','BONEKA HK DRESS (L),MAN','pcs',2.000,26000.000,38990.000),(63,15559,'803038128','BONEKA CINDY ROMPI (S),MAN','pcs',3.000,22000.000,32990.000),(63,15560,'803038129','BONEKA DOLPHIN (S),MAN','pcs',2.000,16000.000,23990.000),(63,15561,'803038130','BONEKA HK LOVE ARI (l),MAN','pcs',2.000,30500.000,45990.000),(63,15562,'803038131','BONEKA HK SWEET (l),MAN','pcs',2.000,28000.000,41990.000),(63,15587,'803038132','PANAHAN 8100,168','pcs',3.000,5500.000,8468.000),(63,15588,'803038133','HULA HOOP KTG,168','pcs',3.000,14000.000,21968.000),(63,15589,'803038134','FUNNY CHESS KTG,168','pcs',6.000,10000.000,15468.000),(63,15590,'803038135','TENTARA SET PL-04 KTG,168','pcs',6.000,9500.000,14968.000),(63,15591,'803038136','TEFLON SAYURAN JRG,168','pcs',6.000,9000.000,13968.000),(63,15592,'803038137','MBL TUMBLING LOVABLE DUZ,LM','pcs',6.000,12500.000,19490.000),(63,15593,'803038138','SEMPOA SET DT-1010,LM','pcs',6.000,11000.000,16990.000),(63,15594,'803038139','KERETA ANIMAL MIKA,LM','pcs',6.000,27500.000,41490.000),(63,15595,'803038140','MTR ATV + ORG 909 KTG,LM','pcs',1.000,32500.000,48990.000),(63,15596,'803038141','KERETA THOMAS B/O DUZ,LM','pcs',2.000,15000.000,23490.000),(63,15597,'803038142','KERETA TRANSFORMERS B/O DUZ,LM','pcs',12.000,15000.000,23490.000),(63,15598,'803038143','PEDANG IMAGE LAMPU 961 KTG,LM','pcs',6.000,11000.000,16990.000),(63,15599,'803038144','BUBBLE GUN DPHN 4 MATA,LM','pcs',24.000,12000.000,18490.000),(63,15600,'803038145','TRUCK MOLEN MB-86 KTG,LM','pcs',12.000,7500.000,11990.000),(63,15601,'803038146','FUNNY BLOCK RMH KTG,LM','pcs',12.000,4500.000,6990.000),(63,15602,'803038147','TRUCK MOLEN 8034 KTG,LM','pcs',6.000,22500.000,33990.000),(63,15603,'803038148','REBANA KTG,LM','pcs',6.000,5000.000,7990.000),(63,15604,'803038149','KERETA POKEMON B/O DUZ,LM','pcs',12.000,15000.000,23490.000),(63,15762,'803038150','SULING GUNINDO PTH,NS','pcs',3.000,10000.000,14990.000),(63,15763,'803038151','SULING GUNINDO TRANS,NS','pcs',3.000,10500.000,15990.000),(63,15764,'803038152','SULING GUNINDO KOMB,NS','pcs',3.000,10834.000,16490.000),(63,15804,'803038153','BOLA PANDA 8,ELZ','pcs',12.000,3750.000,5970.000),(63,15632,'803045005','DVL TAS RNSL GMBR PAUD','pcs',4.000,12000.000,19925.000),(63,15633,'803045006','DVL TAS RNSL GMBR SD','pcs',4.000,15000.000,22925.000),(63,15634,'803045007','DVL TAS RNSL GMBR KTG.3','pcs',4.000,20000.000,29925.000),(63,15635,'803045008','DVL TAS RNSL GMBR PRINT (K)','pcs',4.000,25000.000,39925.000),(63,15636,'803045009','DVL TAS RNSL GMBR PRINT (T)','pcs',4.000,30000.000,44925.000),(63,15637,'803045010','DVL TAS RNSL GMBR PRINT + JAS','pcs',4.000,35000.000,54925.000),(63,15638,'803045011','DVL TAS RNSL GMBR PRINT CWE','pcs',4.000,30000.000,44925.000),(63,15639,'803045012','DVL TAS RNSL GMBR PRINT (B)','pcs',6.000,38000.000,59925.000),(63,15640,'803045013','DVL TAS RNSL GMBR PRINT LIST','pcs',4.000,42000.000,64925.000),(63,15641,'803045015','DVL TAS RNSL EMBOS 2 IN 1 ','pcs',4.000,38000.000,59925.000),(63,15642,'803045016','DVL TAS RNSL EMBOS (B)','pcs',4.000,55000.000,84925.000),(63,15643,'803045017','DVL TAS RNSL GMBR ROK (B)','pcs',4.000,42000.000,64925.000),(63,15644,'803045019','DVL TAS RNSL BANANA ','pcs',4.000,30000.000,44925.000),(63,15645,'803045020','DVL TAS RNSL JANGSPORT OWL','pcs',4.000,30000.000,44925.000),(63,15646,'803045021','DVL TAS RNSL ALTO WRN','pcs',4.000,120000.000,159925.000),(63,15647,'803045022','DVL TAS RNSL GMBR LAMPU JAS','pcs',2.000,105000.000,139925.000),(63,15648,'803045023','DVL TAS RNSL PALAZZO TRACKER','pcs',4.000,100000.000,134925.000),(63,15649,'803045025','DVL TAS RNSL POLO','pcs',4.000,22000.000,34925.000),(63,15650,'803045026','DVL TAS RNSL POLO JAS','pcs',4.000,40000.000,59925.000),(63,15651,'803045027','DVL TAS RNSL VARIOST','pcs',2.000,40000.000,59925.000),(63,15652,'803045028','DVL TAS RNSL DUERPAK CPR','pcs',4.000,48000.000,69925.000),(63,15653,'803045029','DVL TAS RNSL DUERPAK (B)','pcs',2.000,65000.000,99925.000),(63,15654,'803045030','DVL TAS RNSL POLO JAS','pcs',2.000,55000.000,84925.000),(63,15655,'803045031','DVL TAS RNSL VIRTAGO EMBOS','pcs',2.000,55000.000,84925.000),(63,15656,'803045032','DVL TAS RNSL POLO NACKERS','pcs',4.000,50000.000,74925.000),(63,15657,'803045033','DVL TAS RNSL POLO WATER','pcs',4.000,55000.000,84925.000),(63,15658,'803045034','DVL TAS RNSL POLO BARENO SLR','pcs',4.000,65000.000,99925.000),(63,15659,'803045035','DVL TAS RNSL LANCER WRN','pcs',2.000,60000.000,89925.000),(63,15660,'803045036','DVL TAS RNSL POLO JAS','pcs',2.000,60000.000,89925.000),(63,15661,'803045037','DVL TAS RNSL POLO BARENO WRN','pcs',2.000,70000.000,104925.000),(63,15662,'803045038','DVL TAS RNSL POLO HTM','pcs',2.000,70000.000,104925.000),(63,15663,'803045039','DVL TAS RNSL VIRTAGO (K)','pcs',2.000,65000.000,99925.000),(63,15664,'803045040','DVL TAS RNSL VIRTAGO WRN','pcs',4.000,75000.000,109925.000),(63,15665,'803045041','DVL TAS RNSL POLO BARENO GRS','pcs',2.000,70000.000,104925.000),(63,15666,'803045042','DVL TAS RNSL KANV SPORT','pcs',2.000,70000.000,104925.000),(63,15667,'803045043','DVL TAS RNSL POLO LIST','pcs',2.000,45000.000,69925.000),(63,15668,'803045044','DVL TAS RNSL POLO DUERPAK','pcs',2.000,90000.000,134925.000),(63,15669,'803045045','DVL TAS RNSL NACKERS WRN','pcs',2.000,32000.000,49925.000),(63,15670,'803045046','DVL TAS RNSL NACKERS','pcs',2.000,35000.000,54925.000),(63,15671,'803045047','DVL TAS RNSL LANCER SBLN','pcs',2.000,55000.000,84925.000),(63,15672,'803045048','DVL TAS RNSL POLO (K)','pcs',2.000,20000.000,29925.000),(63,15563,'803050020','SANEX IRON S-112,DS','pcs',6.000,75000.000,94950.000),(63,15564,'803050021','MODXTA BOX KABEL 10M,DS','pcs',8.000,14500.000,19999.000),(63,15565,'803050022','MODXTA BOX KABEL 15M,DS','pcs',8.000,17000.000,22999.000),(63,15566,'803050023','MODXTA BOX KABEL 3M,DS','pcs',18.000,5000.000,6999.000),(63,15567,'803050024','SENTER FOX GE-110A,DS','pcs',4.000,23500.000,32490.000),(63,15568,'803050025','SENTER PUSH OB FL-1004,DS','pcs',6.000,15000.000,19990.000),(63,15569,'803050026','SENTER PUSH ON FL-1008,DS','pcs',6.000,14500.000,19490.000),(63,15570,'803050027','TEST PEN GTG KOSS 17150,DS','pcs',6.000,3000.000,3965.000),(63,15571,'803050028','TEST PEN MEIKO 3001,DS','pcs',6.000,2250.000,3965.000),(63,15572,'803050029','STEKER T SERBAGUNA TRM,DS','pcs',6.000,8000.000,10985.000),(63,15573,'803050030','STEKER T ARDE YADI,DS','pcs',4.000,7000.000,9490.000),(63,15574,'803050031','STEKER T ARDE SWITCH LYL,DS','pcs',4.000,19000.000,25480.000),(63,15575,'803050032','SOLDERING IRON PLSTK ITAMI,DS','pcs',8.000,9500.000,12990.000),(63,15576,'803050033','STEKER ARDE VYBA,DS','pcs',8.000,4750.000,6435.000),(63,15577,'803050034','RKT NYAMUK KAWACHI 622,DS','pcs',2.000,42500.000,56940.000),(63,15578,'803050035','FITTING GTG SWITCH PALLAS,DS','pcs',8.000,10000.000,13455.000),(63,15705,'803050036','ROSE LAP PLS,FJY','pcs',10.000,7000.000,9950.000),(63,15706,'803050037','SCREWDRIVER HOSHE 16 PCS,FJY','pcs',10.000,8500.000,12950.000),(63,15707,'803050038','TEST PEN 2 IN 1 (B),FJY','pcs',13.000,4000.000,5980.000),(63,15579,'803062012','RING BOOK XQ95K703,MB','pcs',4.000,5800.000,7980.000),(63,15580,'803062013','RING BOOK XQ86K645,MB','pcs',4.000,6800.000,9480.000),(63,15581,'803062014','RING BOOK XQ86K641,MB','pcs',4.000,6800.000,9480.000),(63,15582,'803062015','RING BOOK 95K762,MB','pcs',4.000,5800.000,7980.000),(63,15583,'803062016','RING BOOK XQ95K654,MB','pcs',4.000,5800.000,7980.000),(63,15584,'803062017','RING BOOK XQ95K731,MB','pcs',4.000,5800.000,7980.000),(63,15585,'803062018','NOTE BOOK + PEN 503627,MB','pcs',3.000,8200.000,11480.000),(63,15586,'803062019','NOTE BOOK + PEN 503635,MB','pcs',3.000,8200.000,11480.000),(63,15749,'803062020','PNSL JOYKO 12 CLR PDK,NS','pcs',6.000,5250.000,7480.000),(63,15750,'803062021','PNSL JOYKO 12 CLR PJG,NS','pcs',12.000,8834.000,12980.000),(63,15751,'803062022','PNSL JOYKO 24 CLR PJG,NS','pcs',6.000,17500.000,23485.000),(63,15752,'803062023','PNSL KENKO 12 CLR PDK,NS','pcs',6.000,5417.000,7480.000),(63,15753,'803062024','PNSL KENKO 12 CLR PJG,NS','pcs',12.000,8750.000,12980.000),(63,15754,'803062025','PNSL KENKO 24 CLR PJG,NS','pcs',6.000,17500.000,23485.000),(63,15755,'803062026','CRAYON TITI 18CLR TAS,NS','pcs',3.000,22917.000,32990.000),(63,15756,'803062027','CRAYON TITI 24CLR TAS,NS','pcs',3.000,27917.000,39900.000),(63,15757,'803062028','CRAYON TITI PTR 12 CLR,NS','pcs',6.000,23500.000,31490.000),(63,15758,'803062029','CRAYON TITI PTR 24 CLR,NS','pcs',3.000,47000.000,58990.000),(63,15759,'803062030','FBR CASTEL PKT UN STANDARD,NS','pcs',12.000,17500.000,22990.000),(63,15760,'803062031','FBR CASTELL PKT UN MANTAP,NS','pcs',6.000,23000.000,28990.000),(63,15761,'803062032','TP,PNSL KENKO 0719,NS','pcs',12.000,4167.000,6490.000),(63,15765,'803062033','SPIDOL SNOWMAN 12 CLR,NS','pcs',12.000,9500.000,13990.000),(63,15766,'803062034','STABILO JOYKO,NS','pcs',6.000,2900.000,4455.000),(63,15767,'803062035','INDEX & MARK JOYKO IM-30,NS','pcs',36.000,4334.000,6490.000),(63,15768,'803062036','INDEX & MARK JOYKO IM-31,NS','pcs',36.000,5000.000,7490.000),(63,15610,'803067066','STRAWBERRY MK 4 PCS,CC','pcs',6.000,12500.000,17460.000),(63,15611,'803067069','MAWAR GLS 6 PCS,CC','pcs',8.000,10000.000,13960.000),(63,15612,'803067071','NEW JASMINE GLS 5 PCS,CC','pcs',4.000,18500.000,25960.000),(63,15613,'803067072','LEONARDO GLS 5 PCS,CC','pcs',6.000,15000.000,20960.000),(63,15614,'803067074','HONOLULU GLS 4 PCS,CC','pcs',3.000,14000.000,19460.000),(63,15615,'803067075','NEW ARTISTIC GLS 4 PCS,CC','pcs',4.000,15000.000,20960.000),(63,15616,'803067076','ONEMA KANSET 5 PCS,CC','pcs',6.000,43000.000,59960.000),(63,15617,'803067077','OKAMI KANSET 5 PCS,CC','pcs',4.000,43000.000,59960.000),(63,15618,'803067078','KANTONA KANSET 4 PCS,CC','pcs',6.000,24000.000,33460.000),(63,15619,'803067079','UNIQUE KANSET 8 PCS,CC','pcs',4.000,43000.000,59960.000),(63,15620,'803067080','PLATINUM KANSET 8 PCS,CC','pcs',3.000,30000.000,41960.000),(63,15621,'803067081','DONGHAI KANSET 7 PCS,CC','pcs',3.000,38000.000,52960.000),(63,15622,'803067083','NAPOLEON KANSET 4 PCS (K),CC','pcs',2.000,32500.000,45460.000),(63,15623,'803067084','NAPOLEON KANSET 4 PCS (B),CC','pcs',2.000,37500.000,52460.000),(63,15624,'803067085','ROSSY CKR 8 PCS,CC','pcs',15.000,17000.000,23960.000),(63,15625,'803067086','LA ROSE CKR 8 PCS,CC','pcs',6.000,17000.000,23960.000),(63,15626,'803067087','ROSELLA CKR 8 PCS,CC','pcs',12.000,17000.000,23960.000),(63,15627,'803067088','SUN FLOWER CKR 8 PCS,CC','pcs',8.000,17500.000,25960.000),(63,15628,'803067089','TULIP CKR 8 PCS,CC','pcs',12.000,17500.000,25960.000),(63,15629,'803067090','MANZANA CKR 8 PCS,CC','pcs',8.000,17500.000,25960.000),(63,15630,'803067091','WL CLASSIC KANSET 4 PCS,CC','pcs',4.000,33000.000,45960.000),(63,15631,'803067092','NAPOLEON KANSET 12 PCS,CC','pcs',2.000,67000.000,93460.000),(63,15675,'803067093','MERIDIEN CKR 8 PCS,CC','pcs',6.000,17000.000,23960.000),(63,15676,'803067094','CRYSTAL CKR 8 PCS,CC','pcs',6.000,17000.000,23960.000),(63,15680,'803067095','TIFFANY MUG 2 PCS,MTH','pcs',12.000,7500.000,11490.000),(63,15681,'803067096','FRUITY GLS 5 PCS,MTH','pcs',8.000,12000.000,17990.000),(63,15682,'803067097','KIM GLASS KANSET 7 PCS,MTH','pcs',12.000,22000.000,32990.000),(63,15683,'803067098','DIAMOND PRNG BUAH,MTH','pcs',6.000,15834.000,23990.000),(63,15503,'803068209','TAPLAK MEJA SEGI + OVALE,HS','pcs',36.000,8250.000,13990.000),(63,15605,'803068400','LAP WASTAFEL HNDK,MS','pcs',24.000,10834.000,15990.000),(63,15606,'803068401','LAP WASTAFEL HNDK BAJU,MS','pcs',12.000,15000.000,22490.000),(63,15607,'803068402','SNDK GARPU NOBLE 6 PCS,NS','pcs',40.000,10500.000,14990.000),(63,15608,'803068403','SNDK MKN NOBLE 6 PCS,MS','pcs',40.000,10500.000,14990.000),(63,15609,'803068404','SPON CC WRN,MS','pcs',60.000,1300.000,2490.000),(63,15673,'803068405','MANGKOK AYAM,MTH','pcs',71.000,4834.000,7490.000),(63,15674,'803068406','PIRING P-900,MTH','pcs',95.000,2500.000,3990.000),(63,15677,'803068407','PIRING P-950,MTH','pcs',96.000,2500.000,3990.000),(63,15678,'803068408','GLS GGNG M-1037,MTH','pcs',72.000,2153.000,3490.000),(63,15679,'803068409','GLS GGNG M-900,MTH','pcs',72.000,2223.000,3490.000),(63,15684,'803068410','ASBAK AT-401,MTH','pcs',24.000,1875.000,2990.000),(63,15685,'803068411','ASBAK AT-2,MTH','pcs',18.000,4584.000,7490.000),(63,15686,'803068412','ASBAK AT-4509,MTH','pcs',24.000,2917.000,4490.000),(63,15687,'803068413','ASBAK AT-145,MTH','pcs',12.000,5834.000,8990.000),(63,15688,'803068414','GLS GGNG GL-300,MTH','pcs',72.000,2778.000,4490.000),(63,15689,'803068415','GLS GGNG M-788KB,MTH','pcs',72.000,2223.000,3490.000),(63,15690,'803068416','GLS GGNG M-919HK,MTH','pcs',72.000,2500.000,3990.000),(63,15691,'803068417','GLS GGNG M-954,MTH','pcs',72.000,2223.000,3490.000),(63,15692,'803068420','GLS GGNG M-1221,MTH','pcs',48.000,3334.000,5490.000),(63,15693,'803068421','GLS GGNG M-1222,MTH','pcs',48.000,3334.000,5490.000),(63,15694,'803068422','GLS GGNG M-1322,MTH','pcs',48.000,3125.000,4990.000),(63,15695,'803068423','GLS GGNG KJ-663,MTH','pcs',72.000,3646.000,5990.000),(63,15696,'803068424','MANGKOK B-700,MTH','pcs',72.000,2153.000,3490.000),(63,15697,'803068426','MANGKOK CHR-6,75B,MTH','pcs',36.000,3667.000,5990.000),(63,15698,'803068427','MANGKOK BIB-7B,MTH','pcs',24.000,7500.000,11990.000),(63,15699,'803068428','MANGKOK B-899,MTH','pcs',18.000,5417.000,8490.000),(63,15700,'803068429','MANGKOK B-977,MTH','pcs',12.000,8334.000,12990.000),(63,15701,'803068430','MANGKOK B-954,MTH','pcs',24.000,6250.000,9990.000),(63,15702,'803068431','MANGKOK B-992,MTH','pcs',12.000,8334.000,12990.000),(63,15703,'803068432','MANGKOK WAS-2400,MTH','pcs',12.000,11250.000,17490.000),(63,15704,'803068433','MANGKOK B-988,MTH','pcs',24.000,5834.000,8990.000),(63,15712,'803068434','COBEK KAYU SET (M),STA','pcs',8.000,6000.000,9490.000),(63,15713,'803068435','COBEK KAYU SET (K),STA','pcs',8.000,7500.000,11990.000),(63,15714,'803068436','COBEK KAYU SET (S),STA','pcs',8.000,8500.000,13490.000),(63,15715,'803068437','COBEK KAYU SET (B),STA','pcs',6.000,9500.000,14990.000),(63,15716,'803068438','COBEK KAYU SET (J),STA','pcs',6.000,11500.000,17990.000),(63,15717,'803068439','TALENAN KAYU (k),STA','pcs',20.000,5250.000,8490.000),(63,15718,'803068440','TALENAN KAYU SETIA (K),STA','pcs',20.000,6000.000,9490.000),(63,15719,'803068441','TATAKAN KOMPOR KAKI 4,STA','pcs',6.000,12500.000,19490.000),(63,15720,'803068442','TATAKAN KOMPOR KAKI 5,STA','pcs',2.000,12500.000,19490.000),(63,15721,'803068443','SPATULA TPS,STA','pcs',4.000,8500.000,13490.000),(63,15722,'803068444','CTKN AGAR2 ATMA,STA','pcs',6.000,4000.000,6490.000),(63,15723,'803068445','CTKN CARA STNLS IKAN 7L,STA','pcs',4.000,13500.000,20990.000),(63,15724,'803068446','SPAREPART ROASTER (K),STA','pcs',6.000,9000.000,13490.000),(63,15725,'803068447','SEROK GGNG POLKA 18CM,KJ','pcs',6.000,13334.000,20980.000),(63,15726,'803068448','SEROK GGNG POLKA 20CM,KJ','pcs',6.000,14584.000,22480.000),(63,15727,'803068449','SEROK GGNG POLKA 22CM,KJ','pcs',6.000,15417.000,23980.000),(63,15728,'803068450','SEROK STNLS DLXE 18CM,KJ','pcs',6.000,10417.000,16480.000),(63,15729,'803068451','SEROK STNLS DLXE 20CM,KJ','pcs',6.000,11250.000,17480.000),(63,15730,'803068453','SODET KPS TBL POLKA,KJ ','pcs',24.000,5000.000,7980.000),(63,15731,'803068454','SODET BLG TBL POLKA,KJ','pcs',24.000,5000.000,7980.000),(63,15732,'803068455','SODET KPS TBL APEL,KJ','pcs',24.000,4167.000,7980.000),(63,15733,'803068456','SODET BLG TBL APEL,KJ','pcs',24.000,4167.000,7980.000),(63,15734,'803068457','SODET KPS TBL CKLT,KJ','pcs',12.000,10417.000,16480.000),(63,15735,'803068458','SODET BLG TBL CKLT,KJ','pcs',12.000,10417.000,16480.000),(63,15736,'803068459','IRUS BAKSO STNLS PJG,KJ','pcs',2.000,14167.000,21980.000),(63,15737,'803068460','PARUTAN KEJU GG PLSTK,KJ','pcs',24.000,2500.000,3980.000),(63,15738,'803068461','IRUS TPS APEL (T),KJ','pcs',24.000,1800.000,2980.000),(63,15739,'803068462','IRUS TPS STNLS (T),KJ','pcs',24.000,1800.000,2980.000),(63,15740,'803068463','IRUS TPS JAGUNG (T),KJ','pcs',24.000,1800.000,2980.000),(63,15741,'803068464','KOCOKAN JAMU (L),KJ','pcs',6.000,4584.000,7480.000),(63,15742,'803068465','KOCOKAN JAMU (M),KJ','pcs',6.000,4167.000,6480.000),(63,15743,'803068466','KOCOKAN JAMU (S),KJ','pcs',6.000,3750.000,5980.000),(63,15744,'803068467','KOCOKAN JAMU (XS),KJ','pcs',6.000,2500.000,3980.000),(63,15745,'803068468','KUALI STNLS DLM 28CM,KJ','pcs',6.000,27500.000,42480.000),(63,15746,'803068469','TEFLON VALENTINO 20CM,KJ','pcs',6.000,49000.000,64935.000),(63,15747,'803068470','TEFLON VALENTINO 24CM,KJ','pcs',4.000,65500.000,84945.000),(63,15748,'803068471','TEFLON VALENTINO 22CM,KJ','pcs',6.000,55500.000,74945.000),(63,15802,'803068474','SKT BOTOL (b),ELZ','pcs',8.000,2917.000,4470.000),(63,15803,'803068475','KERANJANG SEGI CD,ELZ','pcs',24.000,2500.000,3970.000),(63,15805,'803068476','GYNG ANAK VIOLA,ELZ','pcs',24.000,2167.000,3470.000),(63,15806,'803068477','KERANJANG SMPH NICE (K),ELZ','pcs',36.000,2500.000,3970.000),(63,15807,'803068478','RAK PRNG S/2 (B),ELZ','pcs',4.000,14000.000,21970.000),(63,15808,'803068479','CTKN AGAR2 HATI,ELZ','pcs',12.000,2334.000,3970.000),(63,15809,'803068480','TP,TISSUE SEGI DIANA (L),ELZ','pcs',6.000,5834.000,8970.000),(63,15810,'803068481','OMPRENG POKEMON,ELZ','pcs',12.000,4584.000,7470.000),(63,15811,'803068482','OMPRENG PCA KRKTR,ELZ','pcs',12.000,2500.000,3970.000),(63,15812,'803068483','TP,TSK GIGI BIGGY,ELZ','pcs',18.000,2500.000,3970.000),(63,15813,'803068484','TP,TSK GIGI HOMMY,ELZ','pcs',8.000,1667.000,3470.000),(63,15814,'803068485','PRNG ROTAN SL,ELZ','pcs',36.000,2084.000,3470.000),(63,15815,'803068486','CNTNG TRIXY,ELZ','pcs',18.000,1000.000,2970.000),(63,15816,'803068487','BASKOM TRIXY 330 (K),ELZ','pcs',12.000,2500.000,3970.000),(63,15501,'803070012','SPON BSH KENI RABBIT 2 PCS','pcs',24.000,10000.000,14990.000),(63,15502,'803070013','SISIR GGNG H.KITTY','pcs',80.000,2900.000,4990.000),(63,15506,'803070014','MAXI KAMPER 3 PCS JRG','pcs',12.000,6000.000,8990.000),(63,15507,'803070015','MAXI KAMPER 1 PC JRG','pcs',12.000,5834.000,8990.000),(63,15504,'803073073','SELECTION KPS KCNTKN 35G','pcs',120.000,4084.000,5500.000),(63,15505,'803073074','PRADASARI KPS KCNTKN','pcs',48.000,3584.000,4990.000),(64,4770,'313063052','KERTAS KD JMB,SSW','pcs',600.000,2200.000,3499.000),(64,16450,'803005016','ESSE CD (M) 36,AP','pcs',60.000,3000.000,4950.000),(64,16451,'803005017','ESSE CD (L) 38,AP','pcs',60.000,3167.000,4950.000),(64,16452,'803005018','ESSE CD (XL) 40,AP','pcs',60.000,3334.000,4950.000),(64,16453,'803005019','ESSE CD (XXL) 42,AP','pcs',60.000,3500.000,4950.000),(64,16454,'803005020','SAYYES CD (L) 50,AP','pcs',60.000,4167.000,6950.000),(64,16455,'803005021','SAYYES CD (XL) 52,AP','pcs',60.000,4334.000,6950.000),(64,16456,'803005022','SAYYES CD (XXL) 54,AP','pcs',60.000,4500.000,6950.000),(64,16457,'803005023','SAYYES CD (XXXL) 56,AP','pcs',60.000,4667.000,6950.000),(64,16458,'803005024','TAMARINDA CD (M) 42,AP','pcs',12.000,3500.000,4950.000),(64,16459,'803005025','TAMARINDA CD (L),AP','pcs',12.000,3667.000,4950.000),(64,16460,'803005026','TAMARINDA CD (XL) 46,AP','pcs',12.000,3834.000,4950.000),(64,16461,'803005027','TAMARINDA CD (XXL) 48,AP','pcs',12.000,4000.000,4950.000),(64,16462,'803005028','CD HK 30 CMPR,AP','pcs',60.000,2500.000,3950.000),(64,16463,'803005029','BRA MINISET 44 HK,AP','pcs',36.000,3667.000,4950.000),(64,16464,'803005030','BRA MINISET 48 HK,AP','pcs',36.000,4000.000,4950.000),(64,16465,'803005031','CORSET GOLDEN NICK,AP','pcs',12.000,10834.000,14950.000),(64,16466,'803005032','BRA HK 270 CMPR,AP','pcs',6.000,22500.000,33950.000),(64,16467,'803005033','BRA HK 180 CMPR,AP','pcs',12.000,15000.000,22950.000),(64,16468,'803005034','BRA HK 180 MENYUSUI,AP','pcs',6.000,15000.000,22950.000),(64,16469,'803005035','BRA HK 190 CMPR,AP','pcs',12.000,15834.000,23950.000),(64,16470,'803005036','BRA HK 200 CMPR,AP','pcs',12.000,16667.000,24950.000),(64,16471,'803005037','BRA HK 170 CMPR,AP','pcs',6.000,14167.000,21950.000),(64,16472,'803005038','BRA HK 160 CMPR,AP','pcs',6.000,13334.000,19950.000),(64,16473,'803005039','BRA HK 260 CMPR,AP','pcs',6.000,21667.000,32950.000),(64,16474,'803005040','BRA HK 350 CMPR,AP','pcs',12.000,29167.000,43950.000),(64,16475,'803005041','BRA HK 310 CMPR,AP','pcs',6.000,25834.000,38950.000),(64,16476,'803005042','BRA HK 240 CMPR,AP','pcs',6.000,20000.000,29950.000),(64,16477,'803005043','BRA HK 185 CMPR,AP','pcs',6.000,15417.000,23950.000),(64,16478,'803005044','BRA HK 90 CMPR,AP','pcs',12.000,7500.000,11950.000),(64,16479,'803005047','BRA HK 80 CMPR,AP','pcs',12.000,6667.000,9950.000),(64,16480,'803005048','BRA HK 88 CMPR,AP','pcs',12.000,7334.000,9950.000),(64,16481,'803005049','BRA HK 300 CMPR,AP','pcs',6.000,25000.000,37950.000),(64,16482,'803005050','BRA HK 54 CMPR,AP','pcs',12.000,4500.000,6950.000),(64,16483,'803005051','BRA HK 230 CMPR,AP','pcs',12.000,19167.000,28950.000),(64,16484,'803005052','BRA HK 210 CMPR,AP','pcs',6.000,17500.000,26950.000),(64,16485,'803005053','BRA HK 220 CMPR,AP','pcs',6.000,18334.000,27950.000),(64,16387,'803007023','liana cln mtf jmb 3/4','pcs',12.000,23000.000,34997.000),(64,16388,'803007025','LIANA CLN PLS LIST PJG','pcs',12.000,32000.000,47997.000),(64,16389,'803007026','LIANA CLN JOGER RYN PJG','pcs',12.000,29000.000,44997.000),(64,16390,'803007027','LIANA CLN KULOT RYN PJG','pcs',12.000,32000.000,47997.000),(64,16391,'803007030','LIANA CLN PLS LIST (XXL) PJG','pcs',6.000,34000.000,49997.000),(64,16392,'803007031','LIANA CLN PLS JMB PJG','pcs',6.000,30000.000,44997.000),(64,16393,'803007032','LIANA CLN JOGER PLS PJG','pcs',4.000,32000.000,47997.000),(64,16394,'803007033','LIANA CLN JOGER ARMY PJG','pcs',4.000,30000.000,44997.000),(64,16395,'803007034','LIANA CLN LGG ARMY PJG','pcs',4.000,28000.000,39997.000),(64,16417,'803016010','LEOPARD BED SHEET 180,GY3','pcs',40.000,35000.000,54999.000),(64,16418,'803016011','BONITA BED SHEET 180,GY3','pcs',10.000,79500.000,104999.000),(64,16419,'803016012','CALIFORNIA BED SHEET 180,GY3','pcs',10.000,76000.000,99999.000),(64,16420,'803016013','LADY ROSE BED SHEET 180,GY3','pcs',10.000,78000.000,104999.000),(64,16421,'803016014','DLUXE BED SHEET 180,GY3','pcs',10.000,78000.000,104999.000),(64,16422,'803016015','BONITA BED SHEET 120,GY3','pcs',10.000,56000.000,74999.000),(64,16423,'803016016','DELUXE BED SHEET 120,GY3','pcs',10.000,56000.000,74999.000),(64,16424,'803016017','FATA BED SHEET 120,GY3','pcs',10.000,50000.000,74999.000),(64,16384,'803024005','JKT LEVIS DILAN (L),DM','pcs',4.000,98000.000,149930.000),(64,16385,'803024006','JKT LEVIS DILAN (XL),DM','pcs',4.000,103000.000,149930.000),(64,16386,'803024007','JKT LEVIS FASHION (L),DM','pcs',4.000,95000.000,149930.000),(64,16401,'803032078','SAM SWT OBL KIM (XL) PJG','pcs',6.000,20000.000,26500.000),(64,16402,'803032079','SAM SWT OBL KIM (XXL) PJG','pcs',6.000,21000.000,28500.000),(64,16406,'803032080','SAM SWT OBL GMBR (XXL) PJG','pcs',6.000,21000.000,28500.000),(64,16407,'803032081','SAM SWT OBL CWE (XL) PJG','pcs',6.000,20000.000,26500.000),(64,16408,'803032082','SAM SWT OBL CWE (XXL) PJG','pcs',6.000,21000.000,28500.000),(64,16412,'803032083','SAM SWT OBL KIM CO (XL) PJG','pcs',6.000,20000.000,26500.000),(64,16413,'803032084','SAM SWT OBL KIM CO (XXL) PJG','pcs',6.000,21000.000,28500.000),(64,16414,'803032085','SAM SWT OBL KIM CO (XXL) PJG','pcs',6.000,21000.000,28500.000),(64,16415,'803032086','SAM SWT OBL GMBR (XXL) PJG','pcs',6.000,21000.000,28500.000),(64,16432,'803035066','BRAYAN BLANKET BABY BULU,CR','pcs',12.000,31250.000,44950.000),(64,16433,'803035067','ELSE BABY SET,CR','pcs',6.000,17084.000,22500.000),(64,16434,'803035068','I-OL BABY SET,CR','pcs',12.000,16250.000,22500.000),(64,16435,'803035069','STELLA SRG TGN BABY,CR','pcs',12.000,1375.000,1950.000),(64,16436,'803035070','I-OL SRG TGN BABY,CR','pcs',12.000,2084.000,2950.000),(64,16437,'803035071','OKEBOO SRG TGN BABY,CR','pcs',12.000,2834.000,3950.000),(64,16438,'803035072','YON YAN SRG TGN BABY,CR','pcs',12.000,3084.000,4950.000),(64,16439,'803035073','IMOET SRG TGN BABY,CR','pcs',12.000,3084.000,5950.000),(64,16440,'803035074','RAINBOW SRG TGN BABY,CR','pcs',12.000,4084.000,4950.000),(64,16441,'803035075','TUTU SRG TGN BABY,CR','pcs',12.000,3750.000,4950.000),(64,16442,'803035076','OKIYO SRG TGN BABY,CR','pcs',12.000,4500.000,6950.000),(64,16443,'803035077','GIGITAN BAYI BOCA,CR','pcs',12.000,6500.000,8950.000),(64,16444,'803035078','GIGITAN BABY YUKI,CR','pcs',12.000,8667.000,11500.000),(64,16445,'803035079','LITTLE TOPI BABY SET,CR','pcs',12.000,12084.000,16500.000),(64,16446,'803035080','OKIYO TOPI BABY SET,CR','pcs',12.000,14584.000,19950.000),(64,16447,'803035089','KIDKA CELMEK BABY,CR','pcs',12.000,3584.000,4950.000),(64,16448,'803035090','OKIYO WASLAP KTK,CR','pcs',12.000,3084.000,4950.000),(64,16449,'803035091','OKIYO WASLAP TGN,CR','pcs',12.000,3250.000,4950.000),(64,16396,'803036036','SAM SWT OBL GMBR (S) PJG','pcs',6.000,16000.000,19950.000),(64,16397,'803036037','SAM SWT OBL GMBR (M) PJG','pcs',6.000,16500.000,22500.000),(64,16398,'803036038','SAM SWT OBL GMBR (L) PJG','pcs',6.000,17000.000,22500.000),(64,16399,'803036039','SAM SWT OBL CWE (S) PJG','pcs',6.000,17000.000,22500.000),(64,16400,'803036040','SAM SWT OBL CWE (M) PJG','pcs',6.000,17500.000,24950.000),(64,16403,'803036041','SAM SWT OBL WRN (S) PJG','pcs',6.000,16000.000,19950.000),(64,16404,'803036042','SAM SWT OBL WRN (M) PJG','pcs',6.000,16500.000,22500.000),(64,16405,'803036043','SAM SWT OBL WRN (L) PJG','pcs',6.000,17000.000,22500.000),(64,16409,'803036044','SAM SWT OBL KIM CO (S) PJG','pcs',6.000,17000.000,22500.000),(64,16410,'803036045','SAM SWT OBL KIM CO (M) PJG','pcs',6.000,17500.000,24950.000),(64,16411,'803036046','SAM SWT OBL KIM CO (L) PJG','pcs',6.000,18000.000,24950.000),(64,16425,'803036088','ENRICA STL OB PTH PDK','pcs',12.000,15500.000,19950.000),(64,16426,'803036089','ENRICA STL OB WRN PDK','pcs',12.000,15500.000,19950.000),(64,16427,'803036090','ENRICA STL OB FULL PDK','pcs',12.000,17000.000,22500.000),(64,16428,'803036091','ENRICA STL SNGLT PTH','pcs',12.000,15000.000,19950.000),(64,16429,'803036092','ENRICA STL SNGLT WRN','pcs',12.000,15000.000,19950.000),(64,16430,'803036093','ENRICA STL SNGLT FULL','pcs',12.000,16500.000,19950.000),(64,16431,'803036094','ENRICA STL PIAMA PTH PJG','pcs',12.000,20000.000,26500.000),(64,16332,'803043003','GT,KNCI STRAWBERRY,MAN','pcs',10.000,6500.000,9990.000),(64,16333,'803043004','GT,KNCI ROTI EMOTION,MAN','pcs',10.000,6500.000,9990.000),(64,16334,'803043005','GT,KNCI PALA H.KITTY,MAN','pcs',12.000,6000.000,9490.000),(64,16335,'803043006','GT,KNCI ROTI TAWAR,MAN','pcs',10.000,6500.000,9990.000),(64,16336,'803043008','GT,KNCI ICE CREAM,MAN','pcs',3.000,9000.000,13990.000),(64,16337,'803068488','SKT BTL 2 PCS BUSA,OSC','pcs',12.000,5000.000,7990.000),(64,16338,'803068489','SKT BTL 2 PCS MRH,OSC','pcs',12.000,4750.000,7490.000),(64,16339,'803068490','SKT WC CATALIA,OSC','pcs',4.000,14500.000,22490.000),(64,16340,'803068491','MK KH WRN (S),OSC','pcs',24.000,1500.000,2490.000),(64,16341,'803068492','MK KH WRN (M),OSC','pcs',24.000,2500.000,3990.000),(64,16342,'803068493','MK KH WRN (L),OSC','pcs',12.000,3584.000,5990.000),(64,16343,'803068494','TP,TISSUE SEGI CORAL (L),OSC','pcs',8.000,9000.000,13990.000),(64,16344,'803068495','TP,TISSUE SEGI CORAL (S),OSC','pcs',8.000,8375.000,12990.000),(64,16345,'803068496','TP,TISSUE ROMEO,OSC','pcs',6.000,2834.000,4490.000),(64,16346,'803068497','TP,TISSUE SEGI CALISTA (L),OSC','pcs',6.000,6500.000,9990.000),(64,16347,'803068498','TP,TISSUE GLF 1257,OSC','pcs',12.000,10500.000,16490.000),(64,16348,'803068499','TP,TISSUE SEGI PUP 180,OSC','pcs',4.000,7500.000,11990.000),(64,16349,'803068500','TP,SNDK KRISTA,OSC','pcs',12.000,5667.000,8990.000),(64,16350,'803068501','TP,SNDK SIENNA,OSC','pcs',12.000,6250.000,9990.000),(64,16351,'803068502','TP,SNDK TWIN,OSC','pcs',12.000,5667.000,8990.000),(64,16352,'803068503','TP,SNDK RANDY,OSC','pcs',12.000,5917.000,9490.000),(64,16353,'803068504','TP,SNDK FREEBOX,OSC','pcs',8.000,4584.000,7490.000),(64,16354,'803068505','TP,SMPH KMT 5LT,OSC','pcs',4.000,12000.000,18490.000),(64,16355,'803068506','TP,SMPH KMT 10L,OSC','pcs',4.000,15000.000,23490.000),(64,16356,'803068507','TP,SMPH KMT 15L,OSC','pcs',4.000,20500.000,31990.000),(64,16357,'803068508','SAPU MAXS TIGER,OSC','pcs',4.000,13000.000,19990.000),(64,16358,'803068509','SAPU MAXS COW,OSC','pcs',4.000,13000.000,19990.000),(64,16359,'803068510','SAPU MAXS BLUEBERRY,OSC','pcs',4.000,13000.000,19990.000),(64,16360,'803068511','SAPU MAXS STRAWBERRY,OSC','pcs',4.000,13000.000,19990.000),(64,16361,'803068512','MK MASTER CCA (B),OSC','pcs',24.000,3917.000,6490.000),(64,16362,'803068513','MK SEGI RAMEN,OSC','pcs',24.000,2917.000,4490.000),(64,16363,'803068514','MK LUNAR SEGI,OSC','pcs',24.000,1417.000,2490.000),(64,16364,'803068515','MK TRIXY 302,OSC','pcs',24.000,2417.000,3990.000),(64,16365,'803068516','MK TRIXY PM-359,OSC','pcs',24.000,2584.000,3990.000),(64,16366,'803068517','MUG APEL TTP GOLDEN,OSC','pcs',24.000,7500.000,11990.000),(64,16367,'803068518','BASKOM TRIXY 307,OSC','pcs',12.000,6500.000,9990.000),(64,16368,'803068519','CTKN ES PUP PTH,OSC','pcs',12.000,4334.000,6990.000),(64,16369,'803068520','CTKN CKLT KERANG,OSC','pcs',6.000,5500.000,8490.000),(64,16370,'803068521','BTL KECAP NP 550ML,OSC','pcs',12.000,2500.000,3990.000),(64,16371,'803068522','CORONG WRN (K),OSC','pcs',12.000,667.000,1990.000),(64,16372,'803068523','CORONG WRN (T),OSC','pcs',12.000,1000.000,2490.000),(64,16373,'803068524','CNTNG ESTEEM,OSC','pcs',6.000,2917.000,4490.000),(64,16374,'803068525','CNTNG RABBIT,OSC','pcs',18.000,1250.000,2990.000),(64,16375,'803068526','CNTNG JEPANG,OSC','pcs',18.000,1000.000,2990.000),(64,16376,'803068527','PRNG CALISTA (S),OSC','pcs',12.000,2917.000,4490.000),(64,16377,'803068528','PRNG DAUN ASV (B),OSC','pcs',12.000,6084.000,9490.000),(64,16378,'803068529','PRNG DAUN ASV BLT,OSC','pcs',24.000,4000.000,6490.000),(64,16379,'803068530','GYNG LOVE TAIWAN (B),OSC','pcs',24.000,4250.000,6990.000),(64,16380,'803068531','GYNG LOVE TAIWAN (K),OSC','pcs',24.000,3667.000,5990.000),(64,16381,'803068532','GYNG TAIWAN BADUT,OSC','pcs',12.000,2834.000,4490.000),(64,16382,'803068533','RANTANG KH S/2,OSC','pcs',8.000,16000.000,23990.000),(64,16383,'803068534','SKT WC MIRADO,OSC','pcs',12.000,4750.000,7490.000),(65,52,'106105025','TEH CELUP BENDERA','PCS',48.000,4083.000,3990.000),(65,55,'106105046','GARAM MILLENIUM SM 275 GR','PCS',40.000,2200.000,2600.000),(65,68,'106105136','OPLET KOPI+GULA 5X25G','PCS',40.000,3600.000,3390.000),(65,85,'106105235','ENERGEN CEREAL COKLAT 30GX5','PCS',32.000,5484.000,5900.000),(65,87,'106105237','ENERGEN KACANG HIJAU 5X31 GR','PCS',32.000,5484.000,5900.000),(65,88,'106105238','ENERGEN VANILA 5X30 GR','PCS',32.000,5484.000,5900.000),(65,89,'106105241','KOPI TORABIKA DUO+SUSU33G','PCS',24.000,4542.000,4900.000),(65,101,'106105315','SUN KARA SANTAN KELAPA 65ML','PCS',36.000,2333.000,2600.000),(65,125,'106105462','MASAKO RASA AYAM 6X11G','PCS',36.000,2740.000,2500.000),(65,137,'106105513','MASAKO DAGING SAPI 6X11GR','PCS',36.000,2740.000,2500.000),(65,16835,'106110023','MIZONE APPLE GUAVA 500ML','PCS',12.000,2750.000,2700.000),(65,147,'106110031','MIZONE ORANELIME 500ML','PCS',24.000,2750.000,2700.000),(65,148,'106110040','MIZONE RS LYCHEE LEMON 500 ML','PCS',24.000,2750.000,2700.000),(65,153,'106110836','AQUA AIR MINERAL 1500ML','PCS',36.000,3333.000,3700.000),(65,16839,'106110838','AQUA AIR MINERAL BOTOL 600 ML','PCS',72.000,1625.000,1800.000),(65,234,'109115005','DODO BABY BUDS C-132 50PC','PCS',36.000,2550.000,2900.000),(65,235,'109115006','DODO COTTON BUDS 150S','PCS',24.000,5700.000,6400.000),(65,249,'109115055','DODO COTTON BUDS 100S','PCS',12.000,7300.000,8300.000),(65,250,'109115056','DODO BABY BUDS 100S','PCS',12.000,7400.000,8400.000),(65,266,'109115184','DODO COTTON BUDS 121 50S','PCS',36.000,2200.000,2500.000),(65,267,'109115185','DODO COTTON BUDS E/FINE 36S','PCS',16.000,6000.000,6500.000),(65,274,'109115226','DODO COTTON BUDS 123 BSR 100PC','PCS',48.000,4100.000,4600.000),(65,277,'109115248','DODO COTTON BUDS 133 KCL 100PC','PCS',36.000,4400.000,5000.000),(65,287,'109120300','DODO CTN BUDS DWI FUNGSI 143','PCS',24.000,16000.000,15350.000),(65,303,'111105020','SARIWANGI TEH ASLI KOTAK 25C','PCS',48.000,4375.000,4800.000),(65,15106,'114115001','CASABLANCA B.MIST ELEGANCE 50M','PCS',4.000,6480.000,7400.000),(65,843,'114115002','CASABLANCA B.MIST ROYALE 50ML','PCS',4.000,6480.000,7400.000),(65,14947,'114115004','CASABLANCA FOR WOMEN UNGU 50ML','PCS',4.000,10080.000,11500.000),(65,15107,'114115006','CASABLANCA BODY SPRAY CKLT 100','PCS',4.000,14400.000,16300.000),(65,15108,'114115007','CASABLANCA ROLL ON FOR MEN50ML','PCS',4.000,10080.000,11500.000),(65,15109,'114115008','CASABLANCA A/T PRSPRNT MEN50ML','PCS',4.000,10080.000,11500.000),(65,15110,'114115009','CASABLANCA AMBITIQIOUS50ML','PCS',4.000,6480.000,7400.000),(65,15111,'114115010','CASABLANCA AQUA CLGN 50 ML','PCS',4.000,6480.000,7400.000),(65,14948,'114115011','CASABLANCA B.M CLGN SPORTY 50M','PCS',4.000,6480.000,7400.000),(65,845,'114115012','CASABLANCA B.MIST AMBITIS 100M','PCS',6.000,11520.000,13100.000),(65,14949,'114115013','CASABLANCA B.MIST AQUA 100 ML','PCS',6.000,11520.000,13100.000),(65,846,'114115014','CASABLANCA B.MIST CLASSIC 100M','PCS',6.000,11520.000,13100.000),(65,14950,'114115015','CASABLANCA B.MIST DYNAMIC 100M','PCS',6.000,11520.000,13100.000),(65,14951,'114115018','CASABLANCA B.MIST DYNAMIC 50ML','PCS',4.000,6480.000,7400.000),(65,849,'114115020','CASABLANCA B.MIST ENRGTIC 100M','PCS',6.000,11520.000,13100.000),(65,14952,'114115021','CASABLANCA B.MIST FANTASY 100M','PCS',6.000,11520.000,13100.000),(65,14953,'114115022','CASABLANCA B.MIST ILUSION 100M','PCS',6.000,11520.000,13100.000),(65,14954,'114115023','CASABLANCA B.MIST INTENSE 100M','PCS',6.000,11520.000,13100.000),(65,16868,'114115024','CASABLANCA B.MIST ROMNTIS 100M','PCS',6.000,11520.000,13100.000),(65,16869,'114115025','CASABLANCA B.MIST SPORTY 100M','PCS',6.000,11520.000,13100.000),(65,16870,'114115026','CASABLANCA DEO WMN PINK 50 ML','PCS',4.000,10080.000,11500.000),(65,14955,'114115027','CASABLANCA CLASSIC CLGN 50 ML','PCS',4.000,6480.000,7400.000),(65,850,'114115029','CASABLANCA ENERGETIC CLGN 50 M','PCS',4.000,6480.000,7400.000),(65,851,'114115030','CASABLANCA FANTASY CLGN 50 ML','PCS',4.000,6480.000,7400.000),(65,16874,'114115031','CASABLANCA ILLUSION CLGN 50 ML','PCS',4.000,6480.000,7400.000),(65,14956,'114115034','CASABLANCA INTENS CLGN 50 ML','PCS',4.000,6480.000,7400.000),(65,852,'114115035','CASABLANCA KLNG PUTIH 100ML','PCS',4.000,14400.000,16300.000),(65,853,'114115036','CASABLANCA KLNG SILVER 100ML','PCS',4.000,14400.000,16300.000),(65,16878,'114115044','CASABLANCA ROLL  ON FOR MEN 50','PCS',4.000,10080.000,11500.000),(65,16879,'114115045','CASABLANCA DEO R.ON MEN 50 ML','PCS',4.000,10080.000,11500.000),(65,854,'114115046','CASABLANCA DEO WMN GOLD 50 ML','PCS',4.000,10080.000,11500.000),(65,16881,'114115047','CASABLANCA ROLL ON PUTIH 50 ML','PCS',4.000,10080.000,11500.000),(65,14957,'114115048','CASABLANCA ROMANTIC CLGN 50 ML','PCS',4.000,6480.000,7400.000),(65,16883,'114115051','CASABLANCA KLNG EMAS 100ML','PCS',4.000,14400.000,16300.000),(65,15112,'114115052','CASABLANCA KLNG HITAM 100ML','PCS',4.000,14400.000,16300.000),(65,855,'114115053','CASABLANCA KLNG MERAH 100ML','PCS',4.000,14400.000,16300.000),(65,856,'114115054','CASABLANCA KLNG PINK 100ML','PCS',4.000,14400.000,16300.000),(65,16887,'114115057','CASABLANCA WMN DEO AQUA 50ML','PCS',4.000,10080.000,11500.000),(65,857,'114115058','CASABLANCA MEN ROLL ON RED 50M','PCS',4.000,10080.000,11500.000),(65,16889,'114115060','CASABLANCA DEO WMN GREEN 50ML','PCS',4.000,10080.000,11500.000),(65,14960,'114115061','CASABLANCA KLG FEMME 100ML','PCS',4.000,14400.000,16300.000),(65,15115,'114115062','CASABLANCA KLNG VERT 100ML','PCS',4.000,14400.000,16300.000),(65,858,'114115063','CASABLANCA RO MEN DARK GREEN','PCS',4.000,10080.000,11500.000),(65,859,'114115064','CASABLANCA B.MIST ELGANCE 100M','PCS',6.000,11520.000,13100.000),(65,15116,'114115065','CASABLANCA B.MIST ROYALE 100M','PCS',6.000,11520.000,13100.000),(65,14961,'114115066','CASABLANCA KLNG PETUNIA 100ML','PCS',4.000,14400.000,16300.000),(65,860,'114115067','CASABLANCA KLNG TOSCA 100ML','PCS',4.000,14400.000,16300.000),(65,1579,'130105003','TEH CELUP SOSRO','PCS',30.000,4220.000,4400.000),(65,2539,'142115002','VIVA ASTRINGENT CUCUMBER 100 M','PCS',12.000,4750.000,4800.000),(65,16899,'142115003','VIVA CMPCT PWDR K.LANGSAT19GR','PCS',4.000,10375.000,11900.000),(65,16900,'142115004','VIVA FACE PWDR NATURAL 25G','PCS',36.000,1417.000,899.000),(65,16901,'142115005','VIVA CMPCT PWDR NTRL LLK 19GR','PCS',4.000,10125.000,12300.000),(65,16902,'142115006','VIVA CMPT PWDR NATURAL 19 GR','PCS',4.000,10375.000,11900.000),(65,16903,'142115007','VIVA COSMETIC LIQUIO 30ML','PCS',4.000,4583.000,5000.000),(65,2540,'142115008','VIVA COSMETIC MILK CLSER 100ML','PCS',12.000,5083.000,5800.000),(65,16905,'142115009','VIVA FACE MASK BKOANG 30 GR','PCS',12.000,4083.000,4500.000),(65,16906,'142115010','VIVA FACE MASK PAPAYA 30 GR','PCS',12.000,4083.000,4500.000),(65,16907,'142115012','VIVA FACE TONIC BKUANG 100 ML','PCS',12.000,5375.000,5557.000),(65,16908,'142115013','VIVA FACE TONIC GREN TEA 100ML','PCS',12.000,5375.000,5500.000),(65,16909,'142115014','VIVA FACE TONIC LEMON 100ML','PCS',12.000,5083.000,4800.000),(65,16910,'142115016','VIVA FACE TONIK MOISTURISER 10','PCS',12.000,4750.000,4800.000),(65,2542,'142115020','VIVA MILK CLNSR CUCUMBER 100 M','PCS',12.000,5083.000,5200.000),(65,2543,'142115021','VIVA MILK CLNSR LEMON 100 ML','PCS',12.000,4750.000,5200.000),(65,16913,'142115022','VIVA MILK CLENS BEKUANG 100 ML','PCS',12.000,5708.000,6800.000),(65,16914,'142115023','VIVA PELEMBAB BKOANG 30 ML','PCS',4.000,5708.000,6300.000),(65,2544,'142115024','VIVA PELEMBAB GREEN TEA 30 ML','PCS',4.000,5708.000,6300.000),(65,16916,'142115025','VIVA PELEMBAB UNDR MAKEUP 30 M','PCS',4.000,5333.000,5800.000),(65,16917,'142115028','VIVA SKIN FOOD 22 GR','PCS',6.000,6083.000,6800.000),(65,16918,'142115029','VIVA SKIN FOOD CREAM 30 GR','PCS',6.000,7000.000,7800.000),(65,16919,'142115126','VIVA LULUR MANDI BENGKOANG 225','PCS',3.000,10000.000,11000.000),(65,16920,'142115127','COMPACT POWDER LILAC K.LANGSAT','PCS',4.000,10125.000,11500.000),(65,16921,'148105024','GULAKU GULA TEBU  YELLOW 1 KG','PCS',48.000,11800.000,14500.000),(65,16922,'148105049','GULAKU MURNI GREEN 1 KG','PCS',48.000,11800.000,14500.000),(65,3138,'152110016','SOSRO TEH KOTAK 250 ML','PCS',24.000,2271.000,2600.000),(65,15182,'152110018','TEH BOTOL SOSRO KOTAK 200ML','PCS',24.000,2083.000,2400.000),(65,3139,'152110020','TEH BOTOL KOTAK 330ML','PCS',24.000,1625.000,2800.000),(65,3140,'152110022','TEBS TEA WITH SODA 550ML','PCS',24.000,5528.000,6100.000),(65,16927,'152110023','TEH BOTOL SOSRO 450ML','PCS',12.000,4667.000,5350.000),(65,3144,'152110029','TEBS KALENG 330ML','PCS',24.000,3417.000,3800.000),(65,3147,'152110035','SOSRO TEH BOTOL GREEN TEA 450M','PCS',24.000,4667.000,5200.000),(65,3148,'152110036','TEH BOTOL SOSRO JASMINTEA 350M','PCS',12.000,3250.000,3600.000),(65,3851,'175105003','SUSU KLG F.FLAG KRIMER 385GR','PCS',96.000,9021.000,9500.000),(65,3861,'175105054','SUSU KLG F.FLAG CHOCOLATE 385G','PCS',48.000,8708.000,9800.000),(65,3948,'177105013','ABC KOPI SUSU 5X31 GR','PCS',24.000,4667.000,5200.000),(65,3955,'177105023','GOOD DAY CARREBIAN NUT 20G','PCS',10.000,4800.000,5000.000),(65,3956,'177105024','GOOD DAY CHOCOCINNO 5X20G','PCS',10.000,4800.000,5000.000),(65,3959,'177105031','GOOD DAY MOCCACINO 20 GR','PCS',10.000,4800.000,4900.000),(65,3960,'177105033','GOOD DAY VANILA LATTE 5X20GR','PCS',10.000,4800.000,5000.000),(65,15379,'177105045','KAPAL API SPECIAL 165GR','PCS',20.000,10400.000,11600.000),(65,3967,'177105047','KAPAL API SPECIAL MIX 5X25GR','PCS',48.000,4875.000,5300.000),(65,4018,'179105019','KOPI TORABIKA DUO 5X25 GR','PCS',24.000,4021.000,3650.000),(65,16941,'803115098','VIVA LULUR MANDI AVOCADO 225G','PCS',3.000,10000.000,11400.000),(66,52,'106105025','TEH CELUP BENDERA','PCS',48.000,4083.000,3990.000),(66,89,'106105241','KOPI TORABIKA DUO+SUSU33G','PCS',24.000,4542.000,4900.000),(66,340,'111115117','CLOSEUP MENTOL CHILL 110G','PCS',48.000,9500.000,10600.000),(66,341,'111115118','CLOSEUP MENTHOL CHILI 65GR','PCS',48.000,5800.000,5800.000),(66,15238,'111115177','DOVE NOURISHING BLACK 160ML','PCS',6.000,18750.000,20500.000),(66,348,'111115203','DOVE SHMP TTL DMG TRTMNT 70ML','PCS',12.000,9800.000,10600.000),(66,352,'111115268','DOVE SHMP TOTAL TREATMENT 170M','PCS',6.000,18750.000,20500.000),(66,355,'111115289','DOVE SHMP DAILY SHINE 70ML','PCS',12.000,9800.000,10000.000),(66,356,'111115291','DOVE SHMP A.DANDRUFF 70ML','PCS',12.000,9800.000,10400.000),(66,371,'111115413','CITRA H&B LASTING WHITE UV 60','PCS',35.000,5250.000,5500.000),(66,372,'111115414','CITRA H&B LASTING GLOW 120ML','PCS',12.000,9000.000,10000.000),(66,375,'111115420','CITRA H&B LASTING WHITE UV 250','PCS',6.000,16000.000,17000.000),(66,15246,'111115462','DOVE SHMPO DAMAGE SOLUTION 160','PCS',6.000,18750.000,21200.000),(66,15247,'111115621','DOVE COND DAILY SHINE 160ML','PCS',6.000,19550.000,21200.000),(66,15248,'111115631','DOVE COND NOURISH OIL 160ML','PCS',6.000,19550.000,21200.000),(66,395,'111115657','CITRA H&B JAPANESE RICE 250ML','PCS',6.000,19300.000,19250.000),(66,435,'111115944','LIFEBUOY SHP HAIR FALL 170ML','PCS',12.000,13750.000,15500.000),(66,15188,'111115955','LIFEBUOY AD MILK FORMULA 70ML','PCS',24.000,6450.000,6400.000),(66,452,'111120017','RINSO ANTI NODA 450GR','PCS',24.000,9150.000,10000.000),(66,453,'111120030','WIPOL CLASSIC PINE REF 450ML','PCS',24.000,8450.000,9200.000),(66,460,'111120068','SUNLIGHT JRK NPS 800ML','PCS',12.000,12417.000,14500.000),(66,461,'111120070','VIXAL PMBRSH PORSLN HIJAU 500M','PCS',12.000,10850.000,11300.000),(66,546,'112115027','B&B KIDS SHMP&CON ORANGE 100ML','PCS',6.000,6205.000,7800.000),(66,15257,'112115033','ESKULIN THRUS DAY 100ML','PCS',6.000,10455.000,13000.000),(66,15178,'112115034','ESKULIN COLOGNE GEL SPORT DAY','PCS',12.000,10455.000,13000.000),(66,550,'112115038','ESKULIN CLG GEL SPECIAL DAY 50','PCS',12.000,6000.000,7600.000),(66,15260,'112115039','ESKULIN CLG GEL THURSDAY 50 ML','PCS',12.000,6000.000,7600.000),(66,15184,'112115040','RESIK-V SBN SRH ANGGREK 90 ML','PCS',6.000,6955.000,8800.000),(66,15262,'112115042','RESK-V SBN SRH EKS D/SRH 90 ML','PCS',6.000,6955.000,8100.000),(66,561,'112115057','B&B KIDS B.PWDR APPLE 60 GR','PCS',6.000,3818.000,4700.000),(66,563,'112115059','ESKULIN KIDS M/COL MINNIE 100M','PCS',6.000,10500.000,13300.000),(66,15181,'112115062','ESKULIN KIDS DSNY MINNIE 100 M','PCS',6.000,9307.000,7800.000),(66,15266,'112115078','MASTER KIDS S.CLG C.AMRC 100ML','PCS',6.000,10500.000,13100.000),(66,15267,'112115082','ESKULIN COLOGNE GEL DREAM DAY','PCS',12.000,10455.000,13000.000),(66,576,'112115083','ESKULIN COLOGNE GEL BEACH DAY','PCS',6.000,10455.000,13000.000),(66,578,'112115085','ESKULIN COLOGNE GEL SERIOUSDAY','PCS',12.000,10455.000,13000.000),(66,15194,'112115087','ESKULIN CLGN GEL BEACH DAY 50G','PCS',6.000,6000.000,7500.000),(66,580,'112115089','ESKULIN CLG GEL SATURDAY 50ML','PCS',6.000,6000.000,7600.000),(66,584,'112115095','RESIK-V KHST MANJAKANI 90ML','PCS',6.000,14227.000,17800.000),(66,602,'112115132','ESKULIN MIST COL.SPRAY CNDRELA','PCS',6.000,13318.000,16300.000),(66,614,'112115151','MASTER SPLASH COL.POWER 150ML','PCS',6.000,12136.000,14400.000),(66,620,'112115160','B&B KIDS SHMP STRAWBERRY 200ML','PCS',6.000,11455.000,14300.000),(66,622,'112115164','ESKLIN GOOD NIGHT KISS SPRY 65','PCS',6.000,8182.000,10200.000),(66,15277,'112115173','MASTER SPRAY COL AQU BLUE 100M','PCS',6.000,11955.000,14200.000),(66,15278,'112115174','MASTER SPARY COL RED WOOD 100M','PCS',6.000,11955.000,14200.000),(66,15279,'112115201','MASTER SPRAY COL.GRN FUOG 100M','PCS',3.000,11955.000,14200.000),(66,15280,'112115202','MASTER SPRAY COL.ELC AMBER 100','PCS',3.000,11955.000,14200.000),(66,642,'112115221','ESKULIN SPRAY SHAKE UNGU 105ML','PCS',6.000,11818.000,14800.000),(66,662,'112115268','B&B P.G. BARBIE STRW 50G','PCS',12.000,4273.000,5500.000),(66,667,'112115309','ESKULIN S.COL FIRST LOVE 70ML','PCS',12.000,6909.000,8600.000),(66,15172,'112115338','RESIK-V SPA AKAR WANGI 90ML','PCS',6.000,6955.000,7750.000),(66,15285,'112115339','RESIK-V SPA FRANGIPANI 90ML','PCS',6.000,6955.000,8800.000),(66,679,'112115354','ESKULIN KIDS S&C AVOCADO 100ML','PCS',6.000,6205.000,7800.000),(66,15287,'112115357','ESKULIN SHMP ROYAL JELLY 200M','PCS',6.000,11455.000,14500.000),(66,687,'112115390','MASTER KIDS STYLING GEL MRH 75','PCS',6.000,7159.000,9000.000),(66,694,'112115397','RESIK-V SBN KST WNGI ANGREK125','PCS',6.000,13409.000,16700.000),(66,15183,'112115418','OVALE FACIAL MASK LEMON 75GR','PCS',6.000,13818.000,17300.000),(66,705,'112115419','ESK.SHMP&COND SOFT&SILLKY200ML','PCS',6.000,12136.000,15400.000),(66,15292,'112115525','ESKULIN R.SHAMPO CNDTR 200ML','PCS',6.000,12136.000,15200.000),(66,804,'112115809','ESK KIDS SHMPO&CON HLTY NTRL','PCS',6.000,5750.000,15300.000),(66,813,'112115827','B&B KIDS SPRAY COLOGNE H.S 125','PCS',6.000,13318.000,16600.000),(66,829,'112115846','B&B KIDS SMP&CON SWT FLRL 200M','PCS',6.000,12136.000,15200.000),(66,830,'112115847','B&B KIDS SMP&COND ENERGIC 200M','PCS',6.000,12136.000,15200.000),(66,831,'112115848','B&B KIDS SMP&CON FRTY FUN 200','PCS',4.000,12136.000,15200.000),(66,1139,'121105008','TEH HIJAU SACHET 50G','PCS',30.000,3900.000,4300.000),(66,1140,'121105011','TEH MERAH K.DJENGGOT 50G','PCS',6.000,4100.000,4500.000),(66,1142,'121105015','TEH MELATI JASMINE 25TEAX50GR','PCS',6.000,6300.000,7000.000),(66,1143,'121105016','TEH HIJAU GREEN TEA 25TEAX60GR','PCS',12.000,9500.000,9500.000),(66,1587,'131105001','NISSIN LEMONIA CHOCOLATE 130G','PCS',24.000,4900.000,5200.000),(66,1592,'131105014','MONDE BUTTER COOK BLUE 90 GR','PCS',24.000,6500.000,7000.000),(66,1594,'131105018','KHONG GUAN SALTCHEESE 200 GR','PCS',24.000,6860.000,7450.000),(66,1595,'131105019','NISSIN CRISPY CRACKERS 250GR','PCS',30.000,6762.000,7850.000),(66,1596,'131105020','KHONG GUAN TOGO LONG JHON 200G','PCS',24.000,3920.000,6100.000),(66,1597,'131105022','KHONG GUAN MALKIST ABON SP145G','PCS',20.000,5096.000,5650.000),(66,1598,'131105023','KHONG GUAN MALKIST CRACK 137','PCS',20.000,4312.000,4500.000),(66,1602,'131105030','KHONG GUAN CHOC SHORTCAKE 225G','PCS',30.000,7154.000,7100.000),(66,1603,'131105031','KHONG GUAN MILK SHORTCAKE 225G','PCS',30.000,7154.000,7500.000),(66,15311,'131105032','KHONG GUAN ASS OPP MINI 110 GR','PCS',30.000,4704.000,3300.000),(66,1604,'131105033','NISSIN PEANUT WAFER 120GR','PCS',24.000,5194.000,6300.000),(66,1605,'131105034','NISSIN WAFER CHOCOLATE 135 GR','PCS',24.000,5194.000,6300.000),(66,15314,'131105038','MONDE SERENA EGG ROLL CKLT 55G','PCS',28.000,6200.000,4499.000),(66,1609,'131105053','NISSIN RODEO CHOCO LONG 200GR','PCS',24.000,5586.000,7450.000),(66,1610,'131105057','NISSIN WAFER STROBERY 120GR','PCS',24.000,5194.000,6300.000),(66,1611,'131105058','KHONG GUAN BIG ROYAL COCONUT','PCS',20.000,7056.000,7200.000),(66,1612,'131105059','NISSIN COCONUT BUTTER 200GR','PCS',24.000,6860.000,7550.000),(66,1614,'131105062','NISSIN WAFER CREAM MELON 75 GR','PCS',28.000,3675.000,3275.000),(66,1616,'131105069','KHONG GUAN COCOA PUFF 330GR','PCS',24.000,8918.000,7290.000),(66,15321,'131105073','MONDE SER EGG ROLL ORIGINAL 55','PCS',28.000,6200.000,6790.000),(66,1625,'131105099','NITTO PEANUT CREAM BSCT 475 GR','PCS',12.000,12936.000,13750.000),(66,1627,'131105102','NISSIN COFFE MILK BISCT 200 GR','PCS',24.000,6860.000,7750.000),(66,1630,'131105113','MONDE CHOCO CHIPS 90GR','PCS',24.000,6000.000,6600.000),(66,1631,'131105114','KHONG GUAN BEST WAY 200GR','PCS',20.000,8428.000,9000.000),(66,15326,'131105119','NISSIN WAFER COKLAT BOX 160G','PCS',32.000,8330.000,7890.000),(66,15327,'131105120','TOP WAFER CRM CHOCOLATE 300G','PCS',14.000,6958.000,7350.000),(66,1634,'131105122','NISSIN VEGETABLE BISCUITS 160G','PCS',30.000,5096.000,4490.000),(66,1636,'131105125','KHONG G BIG ROYAL RS.STRBY 200','PCS',20.000,7056.000,6800.000),(66,1639,'131105132','KHONG GUAN SALTCHEESE BBQ 200G','PCS',30.000,7154.000,7600.000),(66,15331,'131105152','KHONG GUAN MARIE SUSU 160G','PCS',20.000,6700.000,5100.000),(66,1648,'131105162','KHONG GUAN BIG ROYAL MILK 200G','PCS',20.000,7056.000,7500.000),(66,1654,'131105177','MONDE LEMON PUFF 100G','PCS',24.000,6500.000,5550.000),(66,15334,'131105186','KG SALTCHEESE CRACKERS 100GR','PCS',40.000,3724.000,3900.000),(66,1661,'131105193','NISSIN RODEO LONG COKLAT 200GR','PCS',24.000,5586.000,7450.000),(66,1662,'131105196','NISSIN CHEESE SNACK 150GR','PCS',24.000,4508.000,4250.000),(66,15337,'131105199','NISSIN CHEESE SNACK 150GR','PCS',20.000,4508.000,4250.000),(66,1665,'131105205','MONDE CHOCOCHIP COOKIES 110GR','PCS',30.000,5500.000,5290.000),(66,1666,'131105208','KHONG GUAN MALKIST SEAWEED 135','PCS',20.000,5096.000,5300.000),(66,15340,'131105224','SERENA BUTER WAFFLE MENTEGA 96','PCS',24.000,10682.000,9600.000),(66,1671,'131105233','NISSIN BISC KELAPA IJO 280GR','PCS',24.000,6125.000,7500.000),(66,15342,'131105245','KHONG GUAN WFR KOPI SUSU 150G','PCS',30.000,6076.000,6700.000),(66,1682,'131105263','KG ASSORTED BISCUIT 300GR','PCS',20.000,11368.000,13800.000),(66,15344,'131105265','KG MARIE BISKUIT 100G','PCS',20.000,3724.000,4300.000),(66,1684,'131105266','KG MALKISTCRACKERS 200G','PCS',16.000,5880.000,6800.000),(66,15346,'131105270','KHONG GUAN POTATO 70 G','PCS',20.000,6860.000,6500.000),(66,1687,'131105271','KHONG GUAN MALKIS KELAPA 230G','PCS',16.000,6860.000,7750.000),(66,1691,'131105275','KHONG GUAN CREAM CRACKERS 200G','PCS',16.000,5880.000,6600.000),(66,1692,'131105276','NISSIN WAFERS CHOCHOLATE 75GR','PCS',24.000,3185.000,4500.000),(66,15350,'131105285','NISSIN DIN DON CHOCO WFR 120G','PCS',30.000,5684.000,6900.000),(66,1697,'131105299','NS WAFER CHOCOLATE 50GR','PCS',60.000,1519.000,1800.000),(66,1698,'131105300','OZLO COOKIES ISI COKLAT 125GR','PCS',30.000,6591.000,8100.000),(66,15353,'131105307','KG BONACO WF ROLL CHOCO 42GR','PCS',40.000,1666.000,2000.000),(66,1700,'131105310','KHONG GUAN BISKUIT MARIE 225G','PCS',24.000,9506.000,11100.000),(66,1701,'131105311','MONDE SERENA EGG ROLL COFEE 55','PCS',28.000,6200.000,7600.000),(66,1706,'131105316','NISSIN BISKUIT STIK OTICO CKLT','PCS',30.000,2352.000,2700.000),(66,1708,'131105319','SERENA TROY BISCUIT 130ML','PCS',36.000,5390.000,6600.000),(66,1710,'131105321','NS BUTTER COCONUT CHCLT 115GR','PCS',24.000,6566.000,8000.000),(66,1711,'131105322','OZLO PINEAPPLE 125GR','PCS',30.000,6664.000,8100.000),(66,1712,'131105323','MONDE SERENA EGG ROLL KEJU 55G','PCS',28.000,6200.000,7500.000),(66,15361,'131105326','NISSIN YOGHURT B.BERRY 56GR','PCS',48.000,2450.000,3000.000),(66,15362,'131105330','NS WAFER CHEESE 50GR','PCS',60.000,1519.000,1800.000),(66,1719,'131105342','KG OZLO ASSORTED COOKIES 150GR','PCS',20.000,9310.000,10300.000),(66,1720,'131105345','COMBO MAX CHOCOLATE WAFER 175G','PCS',20.000,7938.000,8800.000),(66,15365,'131105346','KG ASSORTED BISCUIT HIJAU 300G','PCS',20.000,11368.000,12600.000),(66,1722,'131105348','NISSIN GABIN R.KEJU 140GR','PCS',30.000,4655.000,5200.000),(66,15422,'131105355','NISIN WAFLE DELUXE 12GR','PCS',200.000,710.000,1000.000),(66,15423,'131105356','NISSIN MALKIST COKLAT 140GR','PCS',30.000,4900.000,5500.000),(66,15424,'131105357','MONDE SERENA EGG ROLL 60GR','PCS',30.000,5900.000,6500.000),(66,15425,'131105358','KG WAFER STIK COKLAT BOX 50G','PCS',20.000,3920.000,4300.000),(66,1725,'131105413','KHONG GUAN WFR R.BLUEBERRY 240','PCS',24.000,9996.000,11100.000),(66,2794,'146105045','ROMA MALKIST CRACKERS 275G','PCS',20.000,8000.000,8800.000),(66,3851,'175105003','SUSU KLG F.FLAG KRIMER 385GR','PCS',48.000,9021.000,9500.000),(66,3861,'175105054','SUSU KLG F.FLAG CHOCOLATE 385G','PCS',48.000,8688.000,9800.000),(66,3862,'175105055','SUSU KLG F.FLAG F C GOLD 385GR','PCS',48.000,12646.000,14500.000),(66,3865,'175105062','SASET FRISIAN KRIMER 42X6SCT','PCS',60.000,6650.000,7500.000),(66,3868,'175105068','SASET F/FLAG COKELAT 6X42GR','PCS',60.000,6650.000,7500.000),(66,3949,'177105016','ABC WHITE COFFEE 5X20G','PCS',24.000,4792.000,4900.000),(66,3954,'177105022','GOOD DAY CAPPUCCINO CG 5X25GR','PCS',24.000,6875.000,7500.000),(66,3957,'177105027','GOOD DAY COF FRZ MOCAFRIQ 5X30','PCS',24.000,8333.000,8500.000),(66,3959,'177105031','GOOD DAY MOCCACINO 20 GR','PCS',50.000,4800.000,4900.000),(66,3964,'177105042','KAPAL API KOPI SUSU 5X32 GR','PCS',24.000,4708.000,4900.000),(66,15379,'177105045','KAPAL API SPECIAL 165GR','PCS',20.000,10400.000,11600.000),(66,3967,'177105047','KAPAL API SPECIAL MIX 5X25GR','PCS',48.000,4994.000,5300.000),(66,4021,'179105024','ROMA BISKUIT KELAPA 300GR','PCS',24.000,7625.000,8500.000),(66,4022,'179105026','ROMA CREAM CRACKERS 135 GR','PCS',20.000,5150.000,5500.000),(66,4023,'179105027','ROMA MALKIST ABON 145G','PCS',30.000,5460.000,6000.000),(66,4024,'179105028','ROMA MALKIST ABON 250G','PCS',20.000,8800.000,10150.000),(66,4025,'179105029','ROMA MALKIST CRACKERS 150 GR','PCS',30.000,4725.000,5200.000),(66,4027,'179105031','ROMA SARI GANDUM BIG 290G','PCS',30.000,8500.000,10250.000),(66,4028,'179105032','ROMA SARI GANDUM SANDWICH CKLT','PCS',24.000,6000.000,6600.000),(66,15207,'179105033','ROMA SARI GNDUM DIGESTIVE 144G','PCS',20.000,5500.000,6000.000),(66,4029,'179105034','ROMA SLAI O`LAI BLUEBERRY 140G','PCS',24.000,4250.000,4500.000),(66,4030,'179105035','ROMA SLAI OLAI BLUEBRRY 304G','PCS',20.000,8600.000,9500.000),(66,4031,'179105036','ROMA SLAI OLAI PINEAPPLE 140G','PCS',24.000,4250.000,4700.000),(66,4034,'179105040','ROMA SLAI OLAI STRWBRRY 304G','PCS',20.000,8600.000,9500.000),(66,4035,'179105041','ROMA SLAI OLAI STWBRRY 140G','PCS',24.000,4250.000,4500.000),(66,4044,'179105079','ROMA SARI GANDUM SAND.KCNG 115','PCS',24.000,6000.000,6600.000),(66,4051,'179105116','ROMA MALKIS COKELAT 120G','PCS',20.000,5750.000,6400.000),(66,4054,'179105157','ROMA SANDWICH PEANUT BUTER 216','PCS',42.000,5000.000,5500.000),(66,4055,'179105158','ROMA SANDWICH COCO BON 216','PCS',42.000,5000.000,5500.000),(66,4059,'179110001','Q GUAVA 350ML','PCS',24.000,4583.000,5000.000),(66,4061,'179110003','TEH PUCUK HARUM JASMINE 350ML','PCS',48.000,2542.000,2900.000),(66,4062,'179110004','TEH PUCUK HARUM 480ML','PCS',24.000,4583.000,5000.000),(66,4121,'180105052','LUWAK WHITE KOFFIE 20G','PCS',40.000,4700.000,5700.000),(66,15402,'185115040','CULTUSIA BLACK HAIR SHAMPO','PCS',120.000,7500.000,7600.000),(66,15403,'185115059','CULTUSIA HAIR COLOR SHP 2X17.5','PCS',60.000,8250.000,7000.000),(66,15404,'185115060','CULTUSIA HAIR COLOR SHP 2X17.5','PCS',60.000,8250.000,7200.000),(66,15405,'211115011','DOVE CON.TOTAL HAIR FALL 160ML','PCS',6.000,19550.000,21200.000),(66,15406,'211115050','REXONA M.SENSE NATURALS 48H','PCS',6.000,14400.000,16100.000),(66,15232,'211115056','REXONA FREE SPIRIT 50ML','PCS',6.000,13100.000,14600.000),(66,15195,'211115058','REXONA INV DRY BLACK WHITE 50','PCS',6.000,13100.000,13600.000),(66,4622,'211115076','SUNSILK SHP BLACK SHINE 70ML','PCS',18.000,7800.000,8400.000),(66,4625,'211115082','SUNSILK SHP SOFT&SMOOTH 170ML','PCS',12.000,16650.000,19600.000),(66,15411,'211115128','PONDS WB SUN DULLNESS 50GR','PCS',6.000,14700.000,16400.000),(66,4657,'211115145','SUNLIGHT JERUK NIPIS100 240ML','PCS',24.000,4125.000,5000.000),(66,15180,'211115153','REXONA ANTIBAKTERI DEFENS 50','PCS',6.000,14400.000,16300.000),(66,4664,'211115160','CITRA SBN LULUR PEARLY WHTE 80','PCS',144.000,1800.000,2000.000),(66,15174,'211115209','FAIR & LOVELY MULTIVIT FF 50 G','PCS',24.000,10000.000,9800.000),(66,15179,'211115228','LIFEBUOY LMN FRESH 4X110GR','PCS',24.000,13900.000,15500.000),(66,4688,'211115233','HIJAB FRESH BL DRY SKIN 200ML','PCS',8.000,7600.000,8500.000),(66,4713,'221110001','MILKO SEREAL R.COKLAT 200ML','PCS',40.000,4000.000,4500.000),(66,4714,'221110002','MILKO SEREAL KACANG HIJAU 200M','PCS',40.000,4000.000,4500.000),(66,15197,'224105001','GULA GUNUNG MADU 1KG','PCS',40.000,11500.000,12800.000),(66,14918,'803105009','MINYAK GORENG GURIH 1L','PCS',36.000,10750.000,11900.000),(67,2589,'143120009','HIT MAT CLASSIC 18+6MAT','PCS',4.000,4908.000,5300.000),(67,2593,'143120016','STELLA AIR FRESHNR APPLE 70 GR','PCS',6.000,8760.000,9500.000),(67,15428,'143120018','STELLA AIR FRESNR BOUGEN. 70G','PCS',6.000,8760.000,9100.000),(67,2595,'143120019','STELLA AIR FRESHNR LEMON 70 G','PCS',8.000,8760.000,9500.000),(67,2596,'143120020','STELLA AIR FRESHENER JERUK 70G','PCS',6.000,8760.000,9500.000),(67,2597,'143120021','STELLA AIR FRESHNR SENSATN 70','PCS',6.000,8760.000,9100.000),(67,2604,'143120028','STELLA AC FRESH LEMON 80GR','PCS',6.000,9544.000,10400.000),(67,2605,'143120029','STELLA  AC TROPICAL ORANGE 80G','PCS',6.000,9544.000,10400.000),(67,2607,'143120033','HIT AEROSOL ALLVARIANT 275MNEW','PCS',2.000,12992.000,14200.000),(67,2613,'143120040','HIT LISTRIK ISI 48 TANPA ASAP','PCS',4.000,10530.000,10650.000),(67,15436,'143120080','POLYTEX SABUT STNLSS 12.5GR','PCS',12.000,2432.000,2600.000),(67,2642,'143120083','HIT AEROSOL REGULER 275ML','PCS',3.000,12992.000,14200.000),(67,2661,'143120115','MITU EXTRA THICK PINK 50S','PCS',4.000,18180.000,19800.000),(67,2662,'143120116','MITU EXTRA THICK BLUE 50S','PCS',4.000,18180.000,19800.000),(67,2668,'143120128','MITU BABY WIPES PINK 50S','PCS',4.000,10816.000,11800.000),(67,2669,'143120129','MITU BABY WIPES BLUE 50S','PCS',4.000,10794.000,11800.000),(67,2675,'143120137','STELLA CAR FRESHENER POWER 70G','PCS',6.000,8730.000,9500.000),(67,2676,'143120138','STELLA CAR FRESHNER SPIRIT 70G','PCS',6.000,8730.000,9500.000),(67,2677,'143120139','STELLA CAR FRSHENER ENERGYC 70','PCS',6.000,8730.000,9500.000),(67,2696,'143120180','HIT LILY BLOSSOM 275ML','PCS',3.000,12992.000,14200.000),(67,2706,'143120194','POLYTEX SABUT STAINLESS 20','PCS',12.000,4157.000,4000.000),(67,2708,'143120196','POLYTEX SPON SELULOSA AN.GORES','PCS',12.000,10103.000,11000.000),(67,2709,'143120197','POLYTEX SABUT SPON ANTI GORES','PCS',12.000,3938.000,4300.000),(67,2731,'143120235','HIT MAT GREEN TEA 48+6MAT','PCS',4.000,10530.000,11500.000),(67,2733,'143120237','HIT MAT GREEN TEA 18+6MAT','PCS',4.000,4908.000,5300.000),(67,2920,'148105003','ASW FOODS PINEAPPLE JAM.B 280G','PCS',12.000,6430.000,7400.000),(67,2921,'148105004','ASW FOODS SUGAR CRACKERS 115GR','PCS',30.000,2598.000,2900.000),(67,15453,'148105006','ASW FOODS PEANUT JAM BSCT 160G','PCS',24.000,3651.000,4000.000),(67,2923,'148105008','ASW FOODS ATB MARIE SUSU 185GR','PCS',24.000,4376.000,5000.000),(67,2924,'148105009','ASW HATARI SEE HONG PUFF 260GR','PCS',36.000,4763.000,5200.000),(67,15456,'148105010','ASW OLE-OLE BISKT KELAPA 320GR','PCS',20.000,5894.000,6500.000),(67,2926,'148105012','ASW FOOD PEANUT JAM KCNG 280GR','PCS',12.000,6264.000,7400.000),(67,15458,'148105014','ASW HATARI CREAM CRACKRES 260G','PCS',36.000,4763.000,5200.000),(67,2928,'148105015','ASW FOOD DELUX VNILA CREM 280G','PCS',12.000,6430.000,7400.000),(67,2929,'148105016','HATARI SUGAR CHOCOLATE 210GR','PCS',42.000,4058.000,4700.000),(67,2930,'148105017','HATARI ROSE CHOCOLATE 220G','PCS',21.000,4058.000,4700.000),(67,2933,'148105020','HATARI BUTTER  LEMON CREM 210G','PCS',21.000,4058.000,4700.000),(67,2935,'148105022','HATARI BUTTER CHOCO CREAM 210G','PCS',21.000,4058.000,4700.000),(67,2938,'148105029','ASW APILO BLOK WFR STRAW 120GR','PCS',30.000,2251.000,2500.000),(67,2943,'148105055','ASW HATARI TWINS CKLT&STRW 210','PCS',21.000,4058.000,4700.000),(67,2952,'148105097','ASW FOODS H.SE HONG FUUF 230G','PCS',36.000,4344.000,4900.000),(67,15145,'148105103','MIE BURUNG DARA MIE KERING 136','PCS',36.000,1875.000,2200.000),(67,2953,'148105104','MIE BURUNG DARA URAI ORIG 140G','PCS',24.000,3333.000,3700.000),(67,2954,'148105105','MIE BURUNG DARA URAI PIPIH 140','PCS',24.000,3583.000,3900.000),(67,15470,'148105106','MIE BURUNG DARA PIPIH 140GR','PCS',24.000,2167.000,2500.000),(67,15471,'148105107','ASW HATARI R STRWBRY 200GR','PCS',21.000,4058.000,4500.000),(67,15472,'148105108','APILO BLOCK WHITE COFFEE 100GR','PCS',30.000,2251.000,2500.000),(67,2955,'148105109','HATARI MALKIS CRA COKLAT 120GR','PCS',30.000,4218.000,2500.000),(67,2957,'148105111','HATARI PRETO PEANUT 200GR','PCS',21.000,4058.000,4500.000),(67,2958,'148105112','ASW HATARI R.KELAPA SHP 260GR','PCS',36.000,4763.000,7600.000),(67,3036,'151115020','SHINZUI BODY SCRUB SAKURA 250G','PCS',6.000,10803.000,12500.000),(67,15477,'151115039','SHINZUI SKIN LGHTNG LLR 250 G','PCS',6.000,10803.000,12300.000),(67,3062,'151115089','SHINZUI BODY SCRUB HANA  250GR','PCS',6.000,10803.000,12300.000),(67,15479,'151115090','SHINZUI BODY SCRUB KHENSO 250G','PCS',6.000,10803.000,12500.000),(67,15480,'151115091','SHINZUI BODY SCRUB KIREI 250GR','PCS',6.000,10803.000,12300.000),(67,3063,'151115092','SHINZUI BODY SCRUB MYORI 250GR','PCS',6.000,10803.000,12500.000),(67,3064,'151115093','SHINZUI SKIN SOAP MYORI 100GR','PCS',36.000,3152.000,3600.000),(67,3065,'151115094','SHINZUI S.LGHTG SOAP HANA 100','PCS',36.000,3152.000,3600.000),(67,3066,'151115095','SHINZUI SKIN SOAP KENSHO 100G','PCS',36.000,3152.000,3600.000),(67,3067,'151115096','SHINZUI SKIN SOAP KIREI 100GR','PCS',36.000,3152.000,3600.000),(67,3068,'151115097','SHINZUI SKIN SOAP MATSU 100GR','PCS',36.000,3152.000,3600.000),(67,3069,'151115098','SHINZUI SKIN SOAP SAKURA 100G','PCS',36.000,3152.000,3600.000),(67,15488,'161120005','ATTACK CLEAN MAXIMIZER 800GR','PCS',12.000,15950.000,14900.000),(67,3438,'161120010','JAZ1 SEMERBAK CINTA 900GR','PCS',12.000,12000.000,14600.000),(67,3439,'161120011','JAZ1 SEMERBAK SEGAR 900GR','PCS',12.000,12000.000,14600.000),(67,4276,'186120001','CHARM BD FIT EXTRA MAXI 32PADS','PCS',15.000,11147.000,11800.000),(67,4279,'186120004','VAPE A/NYAMUK BKR JUMBO 5P','PCS',60.000,2750.000,3000.000),(67,4280,'186120006','CHARM B.FIT EXTRA MAXI 10 PADS','PCS',48.000,4127.000,4200.000),(67,4281,'186120007','CHARM B.FIT EXTRA MAXI WING 10','PCS',48.000,5962.000,6100.000),(67,4285,'186120011','MAMY POKO PANTS STNDR M 9PADS','PCS',12.000,17325.000,16300.000),(67,4286,'186120012','CHARM BD FIT EXTRA MAXI 20PADS','PCS',24.000,7800.000,8200.000),(67,4290,'186120031','MAMYPOKO PANTS S 11','PCS',12.000,17325.000,16900.000),(67,4325,'186120152','VAVE NYAMK BKR SAKURA BLOS 5P','PCS',60.000,2750.000,3000.000),(68,1173,'123105001','INDOMIE GRNG RS IGA PENYET 80G','PCS',120.000,1284.000,2300.000),(68,16135,'123105002','SARIMI GORENG AYM KREMES ISI2','PCS',48.000,2701.000,2900.000),(68,1174,'123105003','SARIMI ISI 2 RASA SOTO 113GR','PCS',48.000,2482.000,2700.000),(68,1179,'123105031','INDOMILK COKLAT PAK 6X42GR','PCS',20.000,1218.000,9928.000),(68,1180,'123105036','INDOFOOD BMB RACIK BMB GRNG 20','PCS',10.000,800.000,900.000),(68,1182,'123105038','INDOFOOD BMB RACIK TUMIS 22G','PCS',10.000,867.000,1400.000),(68,1184,'123105049','SUSU KLG INDOMILK PUTIH 385GR','PCS',48.000,11404.000,9700.000),(68,1185,'123105051','SUSU CAP ENAAK RS COKLAT 385GR','PCS',48.000,8021.000,9000.000),(68,1186,'123105052','INDOFOOD SAMBAL PEDAS 140ML','PCS',48.000,4950.000,5500.000),(68,1187,'123105055','INDOFOOD BMB RACIK AYM GRNG 26','PCS',10.000,1300.000,1500.000),(68,1188,'123105056','INDOFOOD BMB RACIK S.ASEM 33GR','PCS',10.000,1300.000,1500.000),(68,1189,'123105057','INDOMIE RASA SOTO MIE','PCS',200.000,2008.000,2100.000),(68,1190,'123105058','INDOMIE RS AYAM BAWANG 69 G','PCS',120.000,2008.000,2100.000),(68,1191,'123105059','INDOMIE MI GORENG 85 GR','PCS',200.000,2139.000,2300.000),(68,16148,'123105064','SAKURA MI GORENG 50 GR','PCS',120.000,1202.000,1300.000),(68,1193,'123105065','INDOFOOD BMB RACIK N.GORENG 33','PCS',10.000,1300.000,1500.000),(68,1194,'123105066','INDOFOOD BMB RACIK S.SOP 20GR','PCS',10.000,1300.000,1400.000),(68,1196,'123105070','SASET ENAAK PLAIN 6X42GR/1 PAK','PCS',20.000,833.000,5600.000),(68,1197,'123105071','SASET INDOMILK PLAIN 6X42GR','PCS',20.000,1059.000,7100.000),(68,16153,'123105073','SUSU KENTAL CAP ENAAK PTH 385G','PCS',48.000,7860.000,8700.000),(68,1198,'123105074','SUSU KLG INDOMILK 385GR','PCS',48.000,9141.000,9450.000),(68,1199,'123105076','SUSU ENAAK COKLAT SASET 6X42G','PCS',20.000,831.000,5500.000),(68,1200,'123105077','BUMBU RACIK IKAN GORENG 20G','PCS',10.000,1300.000,1500.000),(68,1202,'123105080','INDOMIE RS.KARI AYAM 70 GR','PCS',120.000,1426.000,2300.000),(68,1203,'123105083','POP MIE RASA BASO 57 GR','PCS',24.000,3447.000,3700.000),(68,1204,'123105084','POP MIE RASA AYAM 56G','PCS',24.000,3447.000,3700.000),(68,16160,'123105090','SUPERMI RS AYAM BAWANG 70G','PCS',120.000,1953.000,2000.000),(68,16161,'123105091','SARIMI GRNG AYM KCP ISI 2 115G','PCS',48.000,2701.000,2900.000),(68,1207,'123105099','POP MIE RS KARI AYAM 60GR','PCS',24.000,3447.000,3700.000),(68,16163,'123105103','CAP 3 AYAM MI TELOR KUNING200G','PCS',20.000,2785.000,3700.000),(68,1209,'123105125','POP MIE MN RS BASO.SP CUP 35GR','PCS',24.000,2479.000,2700.000),(68,1210,'123105143','INDOFOOD BMB RACIK MIE GRNG 25','PCS',10.000,1300.000,1450.000),(68,1211,'123105148','SUPERMIE RS. SOP BUNTUT','PCS',120.000,1953.000,2100.000),(68,16167,'123105155','POP MIE MINI RS AYAM.B CUP 35G','PCS',24.000,2479.000,2700.000),(68,1213,'123105158','INDOFOOD SMBL EKS-PEDAS 140ML','PCS',48.000,4950.000,5500.000),(68,16169,'123105186','SARIMI GELAS AYAM BAWANG 30G','PCS',120.000,780.000,1000.000),(68,1215,'123105217','INDOMIE GRNG RNDNG PDS MDN 82G','PCS',80.000,2377.000,2300.000),(68,1216,'123105222','POP MIE CUP SOTO AYAM 60GR','PCS',24.000,3447.000,3700.000),(68,16172,'123105223','POP MIE MINI SOTO MIE 35GR','PCS',24.000,2479.000,2700.000),(68,16173,'123105227','SARIMI GELAS R.SOTO AYAM 30GR','PCS',120.000,780.000,900.000),(68,16174,'123105229','SARIMI ISI 2 R.TONGSENG AYAM','PCS',48.000,2482.000,2600.000),(68,1219,'123105243','SARIMI ISI 2 RASA GULAI AYAM','PCS',24.000,2566.000,2700.000),(68,1220,'123105247','INDOMIE GORENG SMBL RICA-RICA','PCS',80.000,2139.000,2300.000),(68,1221,'123105248','INDOMIE GORENG R SAMBAL MATAH','PCS',80.000,2139.000,2300.000),(68,16178,'123105261','MIE SARIMI GELAS R.KRI AYAM 30','PCS',120.000,780.000,900.000),(68,16179,'123105262','SARIMI GELAS R.BASO SAPI 30GR','PCS',120.000,780.000,900.000),(68,1231,'123105282','SUPERMIE EXTRA R.SOTO DGNG 100','PCS',120.000,2044.000,2300.000),(68,1232,'123105283','SUPERMI EXTRA MIE GRNG R.AYM','PCS',120.000,2044.000,2300.000),(68,1233,'123105284','GULA TEBU INDOSUGAR 1 KG','PCS',25.000,12568.000,14000.000),(68,16183,'123105285','SARIMI ISI 2 GRNG IKN TRI PDS','PCS',48.000,2743.000,3000.000),(68,16184,'128105074','MENTOS ROLL RAINBOW 37GR','PCS',24.000,2850.000,3000.000),(68,1470,'128105075','MENTOS ROLL RS BUAH 37 GR','PCS',24.000,2850.000,3000.000),(68,1471,'128105077','MENTOS ROLL RS MINT 37 GR','PCS',24.000,2850.000,3000.000),(68,16299,'128105445','PREMEN MENTOS PURE FRESH SPEARMINT 50BTR','PCS',12.000,6500.000,7200.000),(68,16187,'128105723','MENTOS PUR FRSH LMON MINT 35GR','PCS',12.000,14200.000,7900.000),(68,1489,'128105724','MENTOS PUR FRSH PEPERMINT 35GR','PCS',12.000,14200.000,7900.000),(68,16189,'128105727','HAPPYDENT SF X-PERT 8 BTR 11GR','PCS',15.000,2950.000,3300.000),(68,16190,'128105728','ALPENLIEBE PERMEN COK PUTH 38G','PCS',24.000,5040.000,5600.000),(68,16191,'128105729','ALPENLIEBE PRMEN COK CRMEL 38G','PCS',24.000,5040.000,5600.000),(68,1491,'128105732','CHUPA CHUPS PRMN SOUR BELT 10G','PCS',32.000,1500.000,1700.000),(68,1727,'132105002','SEDAAP KARI SPSL BMB KNTL 75GR','PCS',120.000,1944.000,2000.000),(68,1730,'132105007','SEDAAP KUAH RS SOTO 75','PCS',120.000,1944.000,2000.000),(68,1731,'132105008','SEDAAP MIE GORENG 90 GR','PCS',120.000,2078.000,2200.000),(68,1755,'132105059','MIE SEDAAP WHITE CURRY 81GR','PCS',120.000,1944.000,2000.000),(68,1762,'132105070','MI SEDAAP AYAM BWANG TELUR 73G','PCS',120.000,1944.000,2000.000),(68,1768,'132110010','ISOPLUS MINUMAN ISOTONIK 350ML','PCS',36.000,2117.000,2900.000),(68,1771,'132115005','FRES SPRY CLGN CUTIE LCOS 100M','PCS',12.000,8624.000,8900.000),(68,1772,'132115006','FRES&NAT.S.CLG GLAM LCIOUS 100','PCS',12.000,8624.000,8900.000),(68,1784,'132115038','FRES&NTRL S.CLG INSPIRTN 100ML','PCS',12.000,8624.000,8900.000),(68,1785,'132115039','FRES&NTRL S.CLGN AFFECTION','PCS',12.000,8624.000,8050.000),(68,1802,'132115075','FRES&NTRL SOAP RED 80 GR','PCS',71.000,1323.000,1500.000),(68,15198,'132115085','GIV BEAUTY SOAP SILKY SKIN','PCS',36.000,1666.000,1890.000),(68,16205,'132115145','CIPTADENT ICE MINT 120GR','PCS',47.000,4410.000,5200.000),(68,16206,'132115217','EMERON LOVELY LSTG MOISTURE120','PCS',24.000,3219.000,3700.000),(68,16207,'132115218','EMERON LOVELY SOFT TOUCH 120ML','PCS',24.000,3219.000,3700.000),(68,16208,'132115225','NUVO FAMILY NATURE POUCH 80ML','PCS',48.000,1690.000,1990.000),(68,16209,'132115226','NUVO FAMILY GOLD POUCH 80ML','PCS',48.000,1690.000,1990.000),(68,16210,'132115272','EMRN LOVELY WHT GLOW RED 120ML','PCS',12.000,3219.000,3700.000),(68,1905,'132115308','LOVELY N JPANESE GREEN T 120ML','PCS',12.000,2793.000,4300.000),(68,16212,'132115309','LOVELY N ALMOND OIL 120ML','PCS',12.000,2793.000,4300.000),(68,16213,'132115311','LOVELY N JPANESE CHERY.B 120ML','PCS',12.000,2793.000,4300.000),(68,1908,'132115313','BABY HAPPY PANTS M 9PC CELANA','PCS',12.000,14040.000,16500.000),(68,16215,'132115368','GIV BB WASH W FLWRSH&V 70ML','PCS',24.000,1690.000,2000.000),(68,16216,'132115369','GIV BB WASH P FLWRES&SB 70ML','PCS',24.000,1690.000,2000.000),(68,16217,'132115370','GIV BB WASH DR&C BLOSM 70ML','PCS',24.000,1690.000,2000.000),(68,1954,'132120009','MAMA LIME PCC PIRING 80ML','PCS',72.000,760.000,900.000),(68,16219,'132120014','MAMA LIME GREEN TEA REF 800ML','PCS',60.000,10270.000,14300.000),(68,1956,'132120020','MAMA LIME ANT BKTR 800ML','PCS',60.000,10270.000,14300.000),(68,1963,'132120034','BOOM DETERGEN BUBUK 550GR','PCS',72.000,4410.000,4500.000),(68,16222,'132120035','BOOM DTGNT JERUK NIPIS 600GR','PCS',72.000,4410.000,4500.000),(68,1966,'132120039','DAIA BUNGA 1 KG','PCS',24.000,14190.000,14800.000),(68,1979,'132120059','RAPIKA REFIL SWEET PINK450ML','PCS',11.000,4190.000,6650.000),(68,1980,'132120060','RAPIKA REF OCEAN FRESH 450ML','PCS',11.000,4190.000,4550.000),(68,1984,'132120064','SO KLIN LNTAI APPLE BOTOL 450M','PCS',12.000,5946.000,6300.000),(68,1999,'132120089','WINGS BIRU SBN KRIM 750GR','PCS',60.000,4263.000,4500.000),(68,2065,'132120204','BOOM DETERJEN PUTIH 550G','PCS',72.000,4410.000,4500.000),(68,16229,'132120214','SOKLIN LANTAI MARINE BTL 900ML','PCS',6.000,11346.000,10590.000),(68,2078,'132120233','DAIA+SOFTENER 900G','PCS',24.000,14190.000,15100.000),(68,16231,'132120321','DAIA +SOFTENER VIOLET 900 GR','PCS',36.000,14190.000,15100.000),(68,2134,'132120813','BABY HAPPY PANTS L 30','PCS',4.000,50034.000,55600.000),(68,2273,'137105019','HAPPYDENT PERMEN K.GREEN 14GR','PCS',24.000,2200.000,2400.000),(68,2277,'137105057','BIG BABOL KRIM STRAWBERRI 5X20','PCS',40.000,1800.000,1900.000),(68,16235,'137105081','BIG BABOL FILIFOLLY GUM 11 GR','PCS',24.000,3262.000,3600.000),(68,16236,'139115003','MY BABY PWDR PRICKLY HEAT 50GR','PCS',6.000,2730.000,3000.000),(68,2341,'139115004','MY BABY MNYK TLN PLUS 90ML','PCS',12.000,18250.000,20600.000),(68,2343,'139115006','MY BABY MNYK TLN PLUS 150ML','PCS',12.000,29000.000,32800.000),(68,2350,'139115016','MARINA SOAP CHARMING 75 GR','PCS',72.000,1300.000,1400.000),(68,2351,'139115017','MARINA SOAP CHIC 75 GR','PCS',72.000,1300.000,1400.000),(68,2352,'139115018','MARINA SOAP ENERGIC 75 GR','PCS',72.000,1100.000,1390.000),(68,2358,'139115034','MARINA H&B LTN MULBERRY 100 ML','PCS',12.000,4011.000,4900.000),(68,2360,'139115036','MARINA H&B LTN AVOCADO 100 ML','PCS',12.000,3550.000,4000.000),(68,2362,'139115038','MARINA NAT. CHAMO H&B LTN 100','PCS',12.000,3550.000,4000.000),(68,2370,'139115050','MY BABY POWDER SWEET.F 250+75G','PCS',6.000,11535.000,12270.000),(68,2371,'139115051','MY BABY POWDER SOFT&GNTLE 250G','PCS',6.000,11535.000,12600.000),(68,2376,'139115056','MY BABY PWDR SOFT&GNTL 150 GR','PCS',6.000,6250.000,8700.000),(68,2377,'139115057','MY BABY PWDR YELLOW 100 GR','PCS',6.000,5399.000,5400.000),(68,2380,'139115060','MY BABY SOAP SWEET FLORAL 80','PCS',20.000,2390.000,2250.000),(68,16250,'139115062','CLAUDIA BEAUTY SOAP BLUE','PCS',72.000,1100.000,1200.000),(68,2382,'139115063','CLAUDIA SBN MND PINK 75 GR','PCS',72.000,1100.000,1200.000),(68,2392,'139115080','MY BABY SOAP FRESH FRUITY 80','PCS',20.000,2390.000,2600.000),(68,2393,'139115083','MARINA H&B LTN APPLE 350ML','PCS',12.000,8820.000,10150.000),(68,2401,'139115114','CLAUDIA BEAUTY SOAP GREEN 75 G','PCS',72.000,1100.000,1200.000),(68,16255,'139115170','MY BABY POWDER AROMATHERAPY250','PCS',6.000,11535.000,12700.000),(68,15161,'139115209','MB M.TELON PLS L.PRTCTN 90ML','PCS',12.000,18715.000,23600.000),(68,2459,'139115238','MY BABY PWDR SWEET FLORAL 75GR','PCS',6.000,4200.000,4500.000),(68,2467,'139120003','SOS PMBRSIH LNT FLORAL REF800M','PCS',6.000,7875.000,7550.000),(68,2472,'139120008','SOS MAGIC REF 800ML','PCS',6.000,7875.000,7850.000),(68,3484,'162115004','CUSSONS KIDS S/ STRWBERY 45ML','PCS',3.000,2112.000,2500.000),(68,16261,'162115005','CUSSONS KIDS S/ ORANGE 45ML','PCS',3.000,2112.000,2150.000),(68,3485,'162115006','CUSSONS KIDS S/ MELON 45ML','PCS',3.000,2112.000,2150.000),(68,3491,'162115018','CUSSONS PACK BIRU/PINK BAG','PCS',3.000,45144.000,52400.000),(68,3492,'162115020','CUSSONS.B CREAM MILD&GNTL 50GR','PCS',3.000,12672.000,14700.000),(68,3493,'162115021','CUSSONS.B CREAM NATURAL.C 50GR','PCS',3.000,12672.000,12800.000),(68,16266,'162115024','CUSSONS.B HAIR LTN N.C 50ML','PCS',3.000,10497.000,12200.000),(68,3497,'162115028','CUSSONS.BABY OIL G.C 50ML','PCS',3.000,8100.000,9300.000),(68,3506,'162115051','CUSSONS HAIR LOT N.KEMIRI 100M','PCS',3.000,17635.000,20500.000),(68,3508,'162115055','CUSSONS BEDAK BABY POWDER 100G','PCS',3.000,5491.000,6500.000),(68,3513,'162115061','CUSSONS BABY S.KLPA HIJAU 100M','PCS',3.000,8448.000,9400.000),(68,3514,'162115062','CUSSONS BABY PWDR PINK350GR','PCS',3.000,14193.000,16500.000),(68,16272,'162115063','CUSSONS BABY PWDR MLD&GNT 200G','PCS',3.000,9715.000,11600.000),(68,3515,'162115065','CUSSONS BABY PWDR BLUEBRRY 200','PCS',3.000,9979.000,11500.000),(68,16274,'162115067','CUSSONS BABY PWDR BLBERRY 50G','PCS',3.000,2999.000,3400.000),(68,3516,'162115068','CUSSONS BABY PURPLE BAG','PCS',3.000,42240.000,49000.000),(68,3519,'162115073','CUSSONS BABY NAT.CARE SOAP 80','PCS',3.000,2746.000,2450.000),(68,3523,'162115079','CUSSONS BABY H.LOTION NTRL 50M','PCS',3.000,10497.000,12200.000),(68,3526,'162115082','CUSSONS BABY GENT.CARE SOAP 80','PCS',3.000,2745.000,3200.000),(68,3527,'162115083','CUSSONS BABY GENT.CARE PWD 50G','PCS',3.000,2999.000,3500.000),(68,3528,'162115086','CUSSONS BABY COL S.PINK 50+50M','PCS',3.000,8237.000,8650.000),(68,16281,'162115095','CUSSONS B.PWDR BLUEBERRY 350ML','PCS',3.000,14193.000,16500.000),(68,3531,'162115096','CUSSONS B.PWDER HEALTHY.C 350G','PCS',3.000,15523.000,17800.000),(68,3535,'162115102','CUSSONS B.COL PURE LOVE 50ML','PCS',3.000,8237.000,9500.000),(68,3536,'162115103','CUSSONS B.CLNG LOVELY KIS 100M','PCS',3.000,14678.000,16000.000),(68,3537,'162115104','CUSSONS B POWDER HCT 100GR','PCS',3.000,6104.000,6500.000),(68,3538,'162115105','CUSSONS  B.MEDIUM BAG BIRU/PIN','PCS',3.000,31363.000,36000.000),(68,3540,'162115108','COSSONS BABY NTRL CR SHMP 50ML','PCS',3.000,3907.000,4500.000),(68,3541,'162115109','COSSONS BABY GIFT BOX','PCS',3.000,75293.000,87300.000),(68,3545,'162115117','CUSSONS.B HAIR LTN G.C 50ML','PCS',3.000,10497.000,11700.000),(68,16290,'162115125','CUSSONS BABY VALUE PACK','PCS',3.000,46992.000,54500.000),(68,3550,'162115144','CUSSON BABY CREAM FRESH&NOURIS','PCS',3.000,12672.000,14500.000),(68,16292,'162115151','CUSSON B.SHMPO ALMON O HONY200','PCS',3.000,14573.000,16700.000),(68,3553,'162115168','CUSON H&B COL FRUIT BERIES 100','PCS',3.000,9525.000,11000.000),(68,3558,'162115173','CUSSON B.NTL HAIR OIL CDLT 100','PCS',3.000,34637.000,39800.000),(68,3559,'162115174','CUSSON B.NTRL H.OIL COCONT 100','PCS',3.000,34637.000,39800.000),(68,3560,'162115182','CUSSON KIDS COLOG FFS WRM 100','PCS',3.000,13906.000,17000.000),(68,16297,'162115183','CUSSON BABY LTION FRS NOR 100','PCS',3.000,9715.000,10700.000),(68,3562,'162115226','CUSSONS KID SHMPO P&C BTL 200M','PCS',3.000,11753.000,13400.000),(68,16300,'803105012','HAPPYDENT WHITE PRMN KARET','PCS',24.000,2750.000,3100.000),(68,16302,'803105015','POP MIE RASA AYAM BAWANG 75G','PCS',24.000,3447.000,3900.000),(68,16301,'803115005','CUSSUNS BABY OIL NATURIS 50ML','PCS',3.000,8100.000,9500.000),(69,1152,'121115011','HARMONY F.SOAP LEMON 85 GR','PCS',72.000,1636.000,1800.000),(69,16943,'121115013','HARMONY FRUITY SOAP 85 GR','PCS',72.000,1636.000,1800.000),(69,16944,'121115014','HARMONY FRUITY SOAP MELON 85 G','PCS',72.000,1636.000,1800.000),(69,1153,'121115017','HARMONY NTRL APLLE 85 GR','PCS',72.000,1636.000,1800.000),(69,16946,'121115020','HARMONY SBN F.SOAP GRAPE 85GR','PCS',72.000,1636.000,1800.000),(69,16947,'121115021','HARMONY STRAWBERRY 85 GR','PCS',72.000,1636.000,1800.000),(69,1173,'123105001','INDOMIE GRNG RS IGA PENYET 80G','PCS',120.000,2139.000,2300.000),(69,1174,'123105003','SARIMI ISI 2 RASA SOTO 113GR','PCS',24.000,2482.000,2700.000),(69,1175,'123105015','SIMAS PALMIA 200G','PCS',12.000,4250.000,4000.000),(69,1178,'123105029','SARIMI ISI 2 BASO SAPI 115G','PCS',24.000,2566.000,2700.000),(69,1186,'123105052','INDOFOOD SAMBAL PEDAS 140ML','PCS',12.000,5940.000,5500.000),(69,1189,'123105057','INDOMIE RASA SOTO MIE','PCS',200.000,2008.000,2100.000),(69,1190,'123105058','INDOMIE RS AYAM BAWANG 69 G','PCS',120.000,2008.000,2100.000),(69,1191,'123105059','INDOMIE MI GORENG 85 GR','PCS',200.000,2139.000,2300.000),(69,16148,'123105064','SAKURA MI GORENG 50 GR','PCS',120.000,1202.000,1300.000),(69,1202,'123105080','INDOMIE RS.KARI AYAM 70 GR','PCS',120.000,2162.000,2300.000),(69,16958,'123105081','SARIMI RS AYAM BAWANG 70 G','PCS',40.000,1953.000,2000.000),(69,1204,'123105084','POP MIE RASA AYAM 56G','PCS',24.000,3447.000,3700.000),(69,1205,'123105087','SARIMI KARI AYAM ISI 2 115G','PCS',24.000,2566.000,2700.000),(69,16160,'123105090','SUPERMI RS AYAM BAWANG 70G','PCS',40.000,1953.000,2000.000),(69,16161,'123105091','SARIMI GRNG AYM KCP ISI 2 115G','PCS',24.000,2701.000,2900.000),(69,1206,'123105096','INDOFOOD SAMBAL PEDAS 24X10G','PCS',7.000,5760.000,6400.000),(69,1207,'123105099','POP MIE RS KARI AYAM 60GR','PCS',24.000,3447.000,3700.000),(69,1209,'123105125','POP MIE MN RS BASO.SP CUP 35GR','PCS',24.000,2479.000,2700.000),(69,1211,'123105148','SUPERMIE RS. SOP BUNTUT','PCS',40.000,1738.000,2100.000),(69,16167,'123105155','POP MIE MINI RS AYAM.B CUP 35G','PCS',24.000,2479.000,2700.000),(69,1213,'123105158','INDOFOOD SMBL EKS-PEDAS 140ML','PCS',12.000,4950.000,5500.000),(69,1215,'123105217','INDOMIE GRNG RNDNG PDS MDN 82G','PCS',120.000,2139.000,2300.000),(69,16172,'123105223','POP MIE MINI SOTO MIE 35GR','PCS',24.000,2479.000,2700.000),(69,1219,'123105243','SARIMI ISI 2 RASA GULAI AYAM','PCS',24.000,2566.000,2700.000),(69,1220,'123105247','INDOMIE GORENG SMBL RICA-RICA','PCS',120.000,2139.000,2300.000),(69,1221,'123105248','INDOMIE GORENG R SAMBAL MATAH','PCS',120.000,2139.000,2300.000),(69,1231,'123105282','SUPERMIE EXTRA R.SOTO DGNG 100','PCS',80.000,2044.000,2300.000),(69,1232,'123105283','SUPERMI EXTRA MIE GRNG R.AYM','PCS',80.000,2044.000,2300.000),(69,16183,'123105285','SARIMI ISI 2 GRNG IKN TRI PDS','PCS',24.000,2743.000,3000.000),(69,2484,'140105045','ABC SMBL TERASI 10X23GR','PCS',30.000,17068.000,15900.000),(69,3815,'171115143','PASTA GIGI UPIN&IPIN STRAW 50G','PCS',36.000,9548.000,9000.000),(69,3816,'171115144','PASTA GIGI UPIN&IPIN ORANGE 50','PCS',36.000,9548.000,9000.000),(69,4103,'180105009','ABC SAMBAL ASLI 340 ML','PCS',24.000,10484.000,12800.000),(69,4105,'180105011','ABC SAMBAL ASLI 135 ML','PCS',48.000,4827.000,5500.000),(69,16311,'180105019','ABC KECAP PEDAS BTL 135ML','PCS',48.000,5986.000,6100.000),(69,16983,'180105021','ABC KECAP PEDAS BOTOL 275ML','PCS',24.000,11535.000,13400.000),(69,4110,'180105028','ABC KCP EXTRA PEDAS 70G','PCS',48.000,1855.000,2300.000),(69,4112,'180105032','ABC KECAP EXTRA PEDAS 135ML','PCS',48.000,5986.000,6900.000),(69,16986,'180105035','ABC KECAP MANIS BOTOL 275 ML','PCS',24.000,10519.000,12200.000),(69,4114,'180105037','ABC SAMBAL E.PEDAS 135 ML','PCS',48.000,4855.000,5500.000),(69,4115,'180105038','ABC SAMBAL EXTRA PDS 24SACHT','PCS',21.000,5681.000,6900.000),(69,4116,'180105041','ABC SAMBAL EXTRA PEDAS 340 ML','PCS',24.000,10668.000,13000.000),(69,4120,'180105048','ABC SAMBSL ASLI 10X22 GR','PCS',30.000,4647.000,5700.000),(69,4124,'180105062','ABC SMBL ASLI 275ML','PCS',24.000,8598.000,9800.000),(69,16992,'180105088','ABC SMBL EXTRA PDS 10X20G','PCS',30.000,4714.000,5700.000),(69,4135,'180105089','ABC SMBL EXTRA PDS 275ML','PCS',24.000,8692.000,9900.000),(69,4137,'180105093','ABC TERASI UDANG ISI 20 S @ 5G','PCS',36.000,4752.000,4000.000),(69,16995,'180105108','ABC KECAP MANIS MANTAP 620ML','PCS',12.000,22960.000,18500.000),(69,4145,'180105119','ABC KECAP MANIS R.MANTAAP 600M','PCS',12.000,17513.000,20400.000),(69,4146,'180105120','ABC KECAP EXTRA PEDAS REFF 400','PCS',12.000,11592.000,13500.000),(69,4150,'180105128','ABC SAUS TOMAT 135ML','PCS',48.000,5665.000,5000.000),(69,16999,'180105146','ABC SAUS TOMAT BOTOL 275 ML','PCS',24.000,7075.000,8600.000),(69,17000,'180110002','ABC SARI KCNG IJO 200ML','PCS',48.000,2264.000,2700.000),(69,4266,'186105036','BIHUN GORENG ROSE BRAND 60 GR','PCS',120.000,1361.000,1500.000),(69,4280,'186120006','CHARM B.FIT EXTRA MAXI 10 PADS','PCS',48.000,4127.000,4200.000),(69,4281,'186120007','CHARM B.FIT EXTRA MAXI WING 10','PCS',48.000,5962.000,6100.000),(69,4285,'186120011','MAMY POKO PANTS STNDR M 9PADS','PCS',12.000,17325.000,16300.000),(69,4286,'186120012','CHARM BD FIT EXTRA MAXI 20PADS','PCS',24.000,7800.000,8200.000),(69,4287,'186120013','CHARM BD FIT EXTRA MX WG 20PAD','PCS',24.000,11475.000,11800.000),(69,4290,'186120031','MAMYPOKO PANTS S 11','PCS',12.000,17325.000,16900.000),(69,4564,'199105006','HAPPY TOS REAL CORN HIJAU 160G','PCS',16.000,7850.000,9600.000),(69,17009,'199105007','HAPPY TOS REAL CORN MERAH 160G','PCS',16.000,6750.000,8200.000),(69,17010,'199105008','HAPPY TOS ROASTED CORN 55GR','PCS',32.000,2734.000,3300.000),(69,4586,'199105045','HAPPY TOS R.KEJU 140GR','PCS',16.000,7850.000,9600.000),(69,4593,'199105055','HAPPY POP ORIGINAL 52 GR','PCS',18.000,6111.000,7500.000),(69,4594,'199105056','HAPPY POP SEAWEED 52 GR','PCS',18.000,6111.000,7500.000),(69,4716,'222105005','MINYAK GRNG SEGITIGA BINTANG 2','PCS',120.000,19500.000,24400.000),(69,17015,'803105017','BIHUN ROSE BRAND A.BWANG 55G','PCS',120.000,1196.000,1300.000),(69,17016,'803105018','BIHUN ROSE BRAND KLDU AYM 55G','PCS',120.000,1196.000,1300.000),(69,17017,'803105019','BIHUN ROSE BRAND STO AYAM 55G','PCS',120.000,1196.000,1300.000),(69,17018,'803105020','BIHUN ROSE BRAND ASM PEDAS 55G','PCS',120.000,1196.000,1300.000),(69,17019,'803105021','GULA ROSE BRAND 1 KG','PCS',20.000,12568.000,13900.000),(69,17020,'803105022','INDOFOOD SMBL PEDAS BTL 340ML','PCS',6.000,11500.000,12800.000),(70,17021,'803035094','TP,BEDAK DBL WRN TB-1504','pcs',12.000,15900.000,19950.000),(70,17022,'803035095','TP,BEDAK KACANG TB-1507','pcs',12.000,15900.000,19950.000),(70,17023,'803035096','TP,BEDAK KCL TB-1518/20','pcs',24.000,7500.000,9950.000),(70,17024,'803035098','LUSTY BUNNY F/S BABY (K)','pcs',36.000,14850.000,19950.000),(70,17025,'803035099','KEMASAN TEPUKAN BDK GG PITA','pcs',12.000,5200.000,7500.000),(70,17026,'803035100','TP,BEDAK DBL KAPSUL TB-1505','pcs',12.000,15900.000,19950.000),(71,302,'111105010','KECAP BANGO MANIS 135 ML','PCS',48.000,7250.000,8000.000),(71,306,'111105026','KECAP BANGO BOTOL 275ML','PCS',24.000,16250.000,15500.000),(71,307,'111105028','KECAP BANGO REF 220ML','PCS',24.000,9800.000,9500.000),(71,360,'111115333','PEPSODENT P.G HERBAL 75 G','PCS',72.000,6300.000,6600.000),(71,361,'111115334','PEPSODENT P.G WHITENING 75 GR','PCS',72.000,9600.000,6600.000),(71,369,'111115363','PEPSODENT P.G 12JAM 75GR','PCS',72.000,3535.000,3800.000),(71,15248,'111115631','DOVE COND NOURISH OIL 160ML','PCS',6.000,20050.000,21200.000),(71,17351,'111115648','ZWITSAL BB BATH MILK&HNY 250ML','PCS',6.000,18000.000,19900.000),(71,17352,'111115654','LIFEBUOY BW RED REF250ML','PCS',24.000,12700.000,13700.000),(71,17353,'111115743','PEPSODENT ACTION 123 75GR','PCS',72.000,4648.000,4650.000),(71,17354,'111115750','DOVE WHITE BEAUTY BAR 50GR','PCS',72.000,3200.000,3050.000),(71,434,'111115929','LIFEBUOY S.ANTI-HAIR FALL 70ML','PCS',12.000,6700.000,7000.000),(71,17356,'111115943','LIFEBUOY SHP STRONG&SHINY 340M','PCS',6.000,25000.000,26000.000),(71,449,'111120006','RINSO ANTI NODA 900G','PCS',24.000,16350.000,17900.000),(71,452,'111120017','RINSO ANTI NODA 450GR','PCS',48.000,9688.000,10000.000),(71,460,'111120068','SUNLIGHT JRK NPS 800ML','PCS',24.000,13900.000,14500.000),(71,462,'111120071','VIXAL PMBRSH PORSLN BIRU 500ML','PCS',12.000,11050.000,11300.000),(71,1321,'125115055','GATSBY GEL HYPER SOLID 30GR','PCS',4.000,3430.000,4000.000),(71,1323,'125115068','GATSBY GEL HYPER SOLID 75GR','PCS',4.000,6778.000,7800.000),(71,1324,'125115069','GATSBY DEODORANT PRFM 50 ML','PCS',4.000,10290.000,11700.000),(71,1325,'125115075','GATSBY STYLING WAX HAR&FREE','PCS',4.000,12903.000,14850.000),(71,1326,'125115076','GATSBY WAX POWER&SPIKES 75 GR','PCS',4.000,12903.000,14700.000),(71,16812,'125115081','GATSBY WAX POWER&SPIKES 25 GR','PCS',4.000,5880.000,6900.000),(71,1329,'125115083','GATSBY WATER GLOSS SUPER HARD','PCS',4.000,6778.000,10000.000),(71,1333,'125115091','GATSBY THC 70GR','PCS',4.000,5717.000,6500.000),(71,1334,'125115093','GASTBY THC NORMAL BLUE 28G','PCS',4.000,3267.000,3700.000),(71,1335,'125115094','TANCHO POMADE 20GR','PCS',4.000,5635.000,6400.000),(71,1338,'125115099','PUCELLE MIST CLG WAVY OCE.150','PCS',4.000,14128.000,16000.000),(71,17372,'125115100','PUCELLE M.CLG SPARK.LOVE 150ML','PCS',4.000,14128.000,16000.000),(71,17373,'125115102','PUCELLE MIST LG JOLLY RHYT 150','PCS',6.000,14128.000,16000.000),(71,1340,'125115104','PUCELLE MIS SPARKING LOVE 75ML','PCS',4.000,9882.000,11300.000),(71,17375,'125115107','PUCELLE MIST CLG JOLLY RHYT 75','PCS',4.000,9882.000,11300.000),(71,16326,'125115108','PUCELLE MIST CLG WAVY OCEAN 75','PCS',4.000,9882.000,11300.000),(71,1343,'125115133','SPALDING DEO.PERFUM SPRAY 50 M','PCS',4.000,10290.000,11700.000),(71,1344,'125115135','PIXY DEODORANT WOODY 34G','PCS',4.000,7758.000,8800.000),(71,16813,'125115136','PIXY DEODORANT 34G VIOLLET','PCS',4.000,7758.000,8800.000),(71,17380,'125115137','PIXY DEODORANT BOUGYPT 34 G','PCS',4.000,7758.000,8800.000),(71,17381,'125115138','PIXY DEODORANT CHYPRE 34G','PCS',4.000,7758.000,8800.000),(71,1351,'125115177','GATSBY DEO PERFUME SPRAY 100ML','PCS',4.000,15108.000,17000.000),(71,1352,'125115180','GB SKN TNC PERFECT CLEAN 100G','PCS',4.000,17150.000,19500.000),(71,1353,'125115185','GATSBY STYLE ULTIMT&SHAGGY 75G','PCS',4.000,12903.000,14600.000),(71,1358,'125115195','GB SKN TNC OIL CONTROL 100GR','PCS',4.000,17150.000,19500.000),(71,1364,'125115223','TANCHO POMADE 40 GR','PCS',4.000,9882.000,11300.000),(71,1365,'125115225','GATSBY WTR GLSS HPR SOLID 100G','PCS',4.000,8820.000,10000.000),(71,1378,'125115371','GB URBAN COLOGNE ENERGY 125ML','PCS',4.000,15353.000,17500.000),(71,1380,'125115380','GB URBAN COLGNE CNFIDNCE 125ML','PCS',4.000,15353.000,17500.000),(71,1382,'125115387','GB URBAN COLGNE INFINITY 125ML','PCS',4.000,15353.000,17500.000),(71,1383,'125115388','GB URBAN COLOGNE FREEDOM 125ML','PCS',4.000,15353.000,17500.000),(71,1403,'125115491','GATSBY STYLING POMADE SPR HOLD','PCS',4.000,23275.000,26400.000),(71,1407,'125115508','GATSBY STYLING POMADE HOLD 30G','PCS',4.000,9505.000,13600.000),(71,1408,'125115509','GATSBY STYLING POMADE GRSE 30G','PCS',4.000,12005.000,13600.000),(71,1419,'125115537','GATSBY WAX MAT&HARD 75 GR','PCS',4.000,12903.000,14850.000),(71,1420,'125115538','GATSBY WTR GLS ULTMAT HOLD 150','PCS',4.000,12413.000,14200.000),(71,1421,'125115622','GATSBY STYLING POMADE 80GR','PCS',4.000,23275.000,26500.000),(71,1426,'125115803','GATSBY WG ULTIMATE HOLD 75GR','PCS',4.000,6778.000,7700.000),(71,1587,'131105001','NISSIN LEMONIA CHOCOLATE 130G','PCS',24.000,4900.000,5200.000),(71,17400,'131105003','KHONG GIAN CREAM CRACKERS 365G','PCS',24.000,9506.000,7200.000),(71,1589,'131105005','MONDE BUTTER COOKIES 150G','PCS',20.000,12500.000,12350.000),(71,17402,'131105006','SERENA BRONIZ CHLT CHP CKS 40G','PCS',30.000,6125.000,4200.000),(71,1590,'131105007','MONDE PIE SAND 100GR','PCS',24.000,6512.000,4900.000),(71,1592,'131105014','MONDE BUTTER COOK BLUE 90 GR','PCS',24.000,6950.000,7000.000),(71,1594,'131105018','KHONG GUAN SALTCHEESE 200 GR','PCS',24.000,6860.000,7450.000),(71,1595,'131105019','NISSIN CRISPY CRACKERS 250GR','PCS',30.000,6860.000,7850.000),(71,1597,'131105022','KHONG GUAN MALKIST ABON SP145G','PCS',20.000,5096.000,5650.000),(71,1598,'131105023','KHONG GUAN MALKIST CRACK 137','PCS',20.000,4312.000,4500.000),(71,1599,'131105024','MONDE SERENA SNCK GOLD 50GR','PCS',30.000,3000.000,3550.000),(71,1601,'131105029','KOGEN WFR STICK COCHO REF 600G','PCS',6.000,20000.000,21600.000),(71,1602,'131105030','KHONG GUAN CHOC SHORTCAKE 225G','PCS',30.000,7350.000,7100.000),(71,1603,'131105031','KHONG GUAN MILK SHORTCAKE 225G','PCS',30.000,7350.000,7500.000),(71,1604,'131105033','NISSIN PEANUT WAFER 120GR','PCS',24.000,5194.000,6300.000),(71,1605,'131105034','NISSIN WAFER CHOCOLATE 135 GR','PCS',24.000,5194.000,6300.000),(71,17415,'131105035','KHONG GUAN PEANUT WFR 135GR','PCS',30.000,6076.000,4099.000),(71,1607,'131105050','KHONG GUAN CREAM COKLAT 185 GR','PCS',24.000,9996.000,10100.000),(71,1608,'131105052','KHONG GUAN MALKIST SAYUR 145GR','PCS',24.000,5096.000,5400.000),(71,1609,'131105053','NISSIN RODEO CHOCO LONG 200GR','PCS',24.000,5586.000,7450.000),(71,1610,'131105057','NISSIN WAFER STROBERY 120GR','PCS',24.000,5194.000,6300.000),(71,1612,'131105059','NISSIN COCONUT BUTTER 200GR','PCS',24.000,6839.000,7550.000),(71,1616,'131105069','KHONG GUAN COCOA PUFF 330GR','PCS',24.000,8918.000,7290.000),(71,1617,'131105070','MONDE STROBERY PIE MINI 85GR','PCS',24.000,6500.000,7100.000),(71,1618,'131105072','KHONG GUAN CREAM CRACKERS 275G','PCS',24.000,9506.000,5990.000),(71,1619,'131105075','KHONG GUAN SUGAR PUFF BIRU275G','PCS',24.000,8036.000,7000.000),(71,1620,'131105077','KHONG GUAN SALTINES ORI 150GR','PCS',12.000,6370.000,6800.000),(71,1621,'131105078','KHONG GUAN CAKE O CR CKLT 230G','PCS',12.000,7350.000,7700.000),(71,1623,'131105081','KHONG GUAN RICA RICI KEJU 100G','PCS',24.000,5586.000,5400.000),(71,17428,'131105089','KHONG GUAN RICA-RICI SYRN 100G','PCS',24.000,5586.000,5400.000),(71,1624,'131105093','KG G.CLASSIC WAFER COKLAT 72G','PCS',30.000,3920.000,4000.000),(71,1627,'131105102','NISSIN COFFE MILK BISCT 200 GR','PCS',24.000,6860.000,7750.000),(71,1629,'131105109','MONDE BOURBON CHOCO 150G','PCS',36.000,6150.000,6200.000),(71,1631,'131105114','KHONG GUAN BEST WAY 200GR','PCS',20.000,8428.000,9000.000),(71,1633,'131105121','NISSIN LEMONIA COOKIES 130GR','PCS',24.000,4900.000,5850.000),(71,1636,'131105125','KHONG G BIG ROYAL RS.STRBY 200','PCS',20.000,7056.000,6800.000),(71,1638,'131105127','NISSIN WALENS CHOCO SOES 100GR','PCS',30.000,6860.000,5450.000),(71,1639,'131105132','KHONG GUAN SALTCHEESE BBQ 200G','PCS',30.000,7154.000,7600.000),(71,1640,'131105134','MONDE BLACK BOURBON 150GR','PCS',36.000,6150.000,6100.000),(71,1642,'131105139','NISSIN BISKUIT KELAPA 325G','PCS',20.000,6566.000,6550.000),(71,15331,'131105152','KHONG GUAN MARIE SUSU 160G','PCS',20.000,7000.000,5100.000),(71,1644,'131105154','KG SALTCHEESE COMBOCIZ 190G','PCS',20.000,8036.000,9150.000),(71,1645,'131105156','KG POTATOZ KREKERS 150G','PCS',24.000,6566.000,6300.000),(71,1646,'131105157','KG SALTCHEESE COMBO 190G','PCS',30.000,7154.000,9150.000),(71,1647,'131105160','KHONG GUAN SUPERCO 138G','PCS',30.000,5292.000,5600.000),(71,1648,'131105162','KHONG GUAN BIG ROYAL MILK 200G','PCS',20.000,7056.000,7500.000),(71,1649,'131105163','KHONG GUAN CAKE O BLACK 230G','PCS',12.000,7644.000,7350.000),(71,1650,'131105165','KG CLASSIC MILK MARIE 375GR','PCS',12.000,10780.000,10200.000),(71,1651,'131105169','NISSIN FINGER CHEESE BSCT 250G','PCS',24.000,9996.000,9100.000),(71,17448,'131105172','KG CLASSIC WAFER CKLT 350G','PCS',12.000,14700.000,15600.000),(71,1656,'131105184','MONDE MILK MARIE BISCUITS 225G','PCS',15.000,14000.000,15400.000),(71,15334,'131105186','KG SALTCHEESE CRACKERS 100GR','PCS',40.000,3724.000,3900.000),(71,1659,'131105189','STRUDELA MILK CKLT CRISPY 140G','PCS',24.000,9016.000,9465.000),(71,1660,'131105190','KG SALTINES VEGETABLES 150GR','PCS',12.000,6370.000,5600.000),(71,1661,'131105193','NISSIN RODEO LONG COKLAT 200GR','PCS',24.000,5586.000,7450.000),(71,1663,'131105197','KHONG GUAN BSKUIT KLPA 180G','PCS',12.000,6860.000,5990.000),(71,15337,'131105199','NISSIN CHEESE SNACK 150GR','PCS',20.000,4606.000,4250.000),(71,1665,'131105205','MONDE CHOCOCHIP COOKIES 110GR','PCS',30.000,5700.000,5290.000),(71,1666,'131105208','KHONG GUAN MALKIST SEAWEED 135','PCS',20.000,5096.000,5300.000),(71,1667,'131105209','KG SALTCHEESE COMBERRY 190GR','PCS',20.000,8036.000,8500.000),(71,1668,'131105210','KG POTATOZOLES BALADO 150G','PCS',24.000,7252.000,7700.000),(71,17460,'131105215','NISSIN CHOCO WFR CR.SPC 130','PCS',20.000,5586.000,4950.000),(71,1671,'131105233','NISSIN BISC KELAPA IJO 280GR','PCS',24.000,6125.000,7500.000),(71,1673,'131105244','KHONG GUAN SUPERCO LEMON 138G','PCS',30.000,5292.000,5400.000),(71,15342,'131105245','KHONG GUAN WFR KOPI SUSU 150G','PCS',30.000,6076.000,6700.000),(71,1674,'131105246','NISSIN MINI STICK CREKER 25GR','PCS',100.000,784.000,790.000),(71,1677,'131105250','NISSIN BISKUIT GABIN  140GR','PCS',30.000,4655.000,4550.000),(71,1678,'131105253','KHONG GUAN CREAM CREKER 115','PCS',20.000,8036.000,5400.000),(71,1682,'131105263','KG ASSORTED BISCUIT 300GR','PCS',20.000,11760.000,13800.000),(71,1683,'131105264','GENJI RAISINS PIE BISCUIT85GR','PCS',24.000,6500.000,7500.000),(71,15344,'131105265','KG MARIE BISKUIT 100G','PCS',20.000,3920.000,4300.000),(71,1684,'131105266','KG MALKISTCRACKERS 200G','PCS',16.000,5880.000,6800.000),(71,1687,'131105271','KHONG GUAN MALKIS KELAPA 230G','PCS',16.000,7154.000,7750.000),(71,1688,'131105272','NISSIN WALENS BLUEBERRY 100G','PCS',36.000,6860.000,7600.000),(71,1691,'131105275','KHONG GUAN CREAM CRACKERS 200G','PCS',16.000,5880.000,6600.000),(71,1697,'131105299','NS WAFER CHOCOLATE 50GR','PCS',60.000,1519.000,1800.000),(71,1698,'131105300','OZLO COOKIES ISI COKLAT 125GR','PCS',30.000,6664.000,8100.000),(71,1699,'131105306','MD GENJI SOFT PIE 85GR','PCS',24.000,6700.000,7800.000),(71,15353,'131105307','KG BONACO WF ROLL CHOCO 42GR','PCS',40.000,1666.000,2000.000),(71,17478,'131105309','MONDE FRIED COOKIES KUKIS 200G','PCS',30.000,12300.000,13200.000),(71,1700,'131105310','KHONG GUAN BISKUIT MARIE 225G','PCS',24.000,9800.000,11100.000),(71,1705,'131105315','KG MALKIS SALT COKLT LEMON 130','PCS',24.000,5308.000,7400.000),(71,1706,'131105316','NISSIN BISKUIT STIK OTICO CKLT','PCS',30.000,2450.000,2700.000),(71,1707,'131105317','SERENA CHEESE COOKIES 100GR','PCS',24.000,7693.000,8900.000),(71,1708,'131105319','SERENA TROY BISCUIT 130ML','PCS',36.000,5488.000,6600.000),(71,1710,'131105321','NS BUTTER COCONUT CHCLT 115GR','PCS',24.000,6566.000,8000.000),(71,1711,'131105322','OZLO PINEAPPLE 125GR','PCS',30.000,6664.000,8100.000),(71,15362,'131105330','NS WAFER CHEESE 50GR','PCS',60.000,1519.000,1800.000),(71,1719,'131105342','KG OZLO ASSORTED COOKIES 150GR','PCS',20.000,9604.000,10300.000),(71,17488,'131105344','NISSIN LONGER BISKUIT STIK 100','PCS',24.000,4214.000,4500.000),(71,1720,'131105345','COMBO MAX CHOCOLATE WAFER 175G','PCS',20.000,8036.000,8800.000),(71,15365,'131105346','KG ASSORTED BISCUIT HIJAU 300G','PCS',20.000,11760.000,12600.000),(71,1721,'131105347','NISSIN SAGU KEJU 110GR','PCS',30.000,7840.000,8700.000),(71,1724,'131105411','KHONG GUAN SALTINES ORIG 200GR','PCS',12.000,9016.000,7000.000),(71,1725,'131105413','KHONG GUAN WFR R.BLUEBERRY 240','PCS',24.000,9996.000,11100.000),(71,2741,'144115013','PIXY UVW GENTLE CLN EXPRE 100M','PCS',4.000,12800.000,11900.000),(71,2744,'144115025','PIXY.TWC GOLDEN BEIGE 12.2GR','PCS',4.000,18400.000,21000.000),(71,2746,'144115027','PIXY.TWC NATURAL WHITE REFIL','PCS',4.000,18400.000,21000.000),(71,2749,'144115031','PIXY.TWC WHITE CREAM REFIL','PCS',6.000,18400.000,21000.000),(71,2751,'144115033','PIXY.TWC YELLOW BEIGE REFIL','PCS',4.000,18400.000,21000.000),(71,17499,'144115036','PIXY.UV WHTNING REFF NATURAL','PCS',4.000,18400.000,21000.000),(71,2756,'144115064','PIXY FCL FOAM BRIGHTENING 100G','PCS',4.000,18400.000,21000.000),(71,17501,'803115099','SPALDING DPS MERAH 100 ML','PCS',4.000,15108.000,17200.000),(72,2587,'143120007','HIT LISTRIK ANTI NYAMUK','PCS',4.000,7947.000,8600.000),(72,2589,'143120009','HIT MAT CLASSIC 18+6MAT','PCS',6.000,4908.000,5300.000),(72,17504,'143120011','FOGO LACI FLORAL 15 GR','PCS',6.000,3480.000,3800.000),(72,15428,'143120018','STELLA AIR FRESNR BOUGEN. 70G','PCS',6.000,8760.000,9100.000),(72,17506,'143120030','FOGO PENGHRM LMR BREEZE 30','PCS',6.000,5280.000,5600.000),(72,17507,'143120032','HIT MAT FLORAL 18+3MAT','PCS',6.000,4908.000,4900.000),(72,2607,'143120033','HIT AEROSOL ALLVARIANT 275MNEW','PCS',3.000,12992.000,14200.000),(72,2609,'143120036','HIT ALAT N-8 ELECTRIK EXTRA','PCS',6.000,11802.000,12800.000),(72,2613,'143120040','HIT LISTRIK ISI 48 TANPA ASAP','PCS',4.000,10530.000,10650.000),(72,2614,'143120042','HIT SPRAY POUCH 700ML BARU','PCS',3.000,24723.000,25300.000),(72,2617,'143120048','MITU B.CLEAN WIPES REF PINK24S','PCS',6.000,4320.000,4600.000),(72,2622,'143120057','PROCLIN PEMUTIH NEW BOTOL 200M','PCS',6.000,3396.000,3700.000),(72,2635,'143120072','HIT NON-STP SET EKNMS','PCS',4.000,18494.000,20000.000),(72,17515,'143120094','CARRERA SPONS PEMBERSIH','PCS',6.000,1857.000,2000.000),(72,2650,'143120095','HIT-MAT FLORAL 48PCS','PCS',4.000,10530.000,11300.000),(72,2654,'143120105','STELLA MATIC REF GREEN FANTASY','PCS',3.000,26661.000,29000.000),(72,2656,'143120107','STELLA MATIC REF FLOWER 225ML','PCS',3.000,26661.000,29000.000),(72,2657,'143120108','STELLA MATIC REF ORANGE 225ML','PCS',3.000,26661.000,29000.000),(72,2673,'143120135','HIT MAGIC FRESH 12L','PCS',24.000,1592.000,1950.000),(72,2685,'143120162','STELLA MATIC FRESH&CLEAN 225ML','PCS',3.000,26661.000,29000.000),(72,2686,'143120163','STELLA MATIC FRUIT FIESTA 225M','PCS',3.000,26661.000,29000.000),(72,2687,'143120164','HIT ONE PUSH ORANGE 10ML','PCS',4.000,20262.000,22900.000),(72,2705,'143120192','SUSEMI SABUT SPON','PCS',12.000,1025.000,1200.000),(72,17525,'143120193','POLYTEX SABUT SPON REGULER','PCS',12.000,1889.000,2100.000),(72,2706,'143120194','POLYTEX SABUT STAINLESS 20','PCS',12.000,4157.000,4000.000),(72,2707,'143120195','POLYTEX SPON SELULOSA EX.KUAT','PCS',12.000,12228.000,13300.000),(72,2708,'143120196','POLYTEX SPON SELULOSA AN.GORES','PCS',12.000,10103.000,11000.000),(72,2709,'143120197','POLYTEX SABUT SPON ANTI GORES','PCS',6.000,3938.000,4300.000),(72,2710,'143120198','POLYTEX NET SPONGE ANTI GORES','PCS',6.000,5290.000,5700.000),(72,2711,'143120199','POLYTEX SABUT SPON EXTRA KUAT','PCS',6.000,4689.000,5100.000),(72,2712,'143120200','POLYTEX SPON SERBAGUNA','PCS',6.000,1916.000,2100.000),(72,17533,'143120230','HIT AER LILY BLOSSOM 500ML','PCS',3.000,23501.000,25600.000),(72,17534,'143120231','HIT AER ORANGE 500ML','PCS',3.000,23501.000,25600.000),(72,2731,'143120235','HIT MAT GREEN TEA 48+6MAT','PCS',4.000,10530.000,11500.000),(72,2733,'143120237','HIT MAT GREEN TEA 18+6MAT','PCS',6.000,4908.000,5300.000),(72,15224,'145105035','PILUS GARUDA RS.ORIGINAL 95G','PCS',10.000,3533.000,3950.000),(72,15177,'145105040','PILUS GARUDA RS.SAPI PGGANG 95','PCS',10.000,3533.000,4200.000),(72,2769,'145105096','GERY SALUT MALKIST S.C 110G','PCS',20.000,4601.000,5700.000),(72,2771,'145105104','GERY SALUT MALKIS COKLAT 140G','PCS',20.000,4601.000,5700.000),(72,2772,'145105110','SNACK KEDELE GARUDA PEDAS 75G','PCS',10.000,4559.000,5200.000),(72,2778,'145105131','GERY SALUT MALKIST KELAPA 110G','PCS',20.000,5000.000,6100.000),(72,3573,'165105001','KIKO ASSORTED ICE STICK 10X50M','PCS',60.000,3436.000,4200.000),(72,15114,'165105005','KIKO ASTRORTED ICE STIK 10X70M','PCS',45.000,4255.000,5200.000),(72,14927,'165105021','PINO ICE CUP MIX 6X85 GR','PCS',60.000,3939.000,5000.000),(72,3602,'167105004','MINYAK GORENG SARI MURNI 2L','PCS',300.000,19727.000,24400.000),(72,3724,'170105009','CHITATO RS SAPI PANGGANG 75 GR','PCS',30.000,7568.000,8400.000),(72,3726,'170105012','LAYS RASA RUMPUT LAUT 40 GR','PCS',40.000,4178.000,4700.000),(72,3734,'170105024','CHITATO RS SAPI PANGGANG 40G','PCS',40.000,4178.000,4600.000),(72,3737,'170105031','QTELA CHIPS RASA ORIGINAL 250G','PCS',12.000,8642.000,8999.000),(72,3738,'170105032','QTELA CHIPS RASA BARBEQUE 250G','PCS',12.000,8642.000,9600.000),(72,3749,'170105064','QTELA TEMPE CHIPS ORIGINAL 60G','PCS',30.000,3940.000,4400.000),(72,3751,'170105071','QTELA TEMPE CABE RAWIT 60G','PCS',30.000,3940.000,5550.000),(72,3754,'170105074','CHEETOS JAGUNG BAKAR 75GR','PCS',30.000,4356.000,5000.000),(72,3755,'170105076','QTELA TEMPE RASA RUMPUT LAUT60','PCS',30.000,3940.000,4400.000),(72,3846,'174105005','TARO NET SEAWED 70GR','PCS',30.000,8000.000,8900.000),(72,3847,'174105008','TARO NET RS.RUMPUT LAUT 40GR','PCS',72.000,4000.000,4600.000),(72,3848,'174105011','TARO NET POTATO BARBEQUE 40GR','PCS',72.000,4000.000,4600.000),(72,3850,'174105018','TARO NET POTATO BARBEQUE 70G','PCS',30.000,8000.000,8900.000),(72,17560,'803110004','D\'BEST MINUMAN CINCAU GRESS JELLY 320ML','PCS',1200.000,2145.000,2300.000),(73,17562,'708050112','KRAN DISPENSER PNCT','pcs',3.000,0.000,5980.000),(73,17561,'709050055','KRAN DISPENSER PNCT','pcs',3.000,0.000,5980.000),(73,17564,'801006091','ORGANDY BLUS KEMBANG','pcs',2.000,0.000,36500.000),(73,17563,'801006118','NOONA BLUS MDL BUNGA','pcs',1.000,0.000,59950.000),(74,17565,'139105052','VIDORAN XMART 3 VANILA 750GR','PCS',3.000,48000.000,56550.000),(74,17566,'139105055','VIDORAN XMART 3 MADU 750GR','PCS',3.000,48000.000,52500.000),(74,17567,'139105057','VIDORAN XMART 3 MADU 135GR','PCS',3.000,9200.000,10000.000),(74,17568,'139105072','VIDORAN IBUNDA R.VKH HML 375GR','PCS',3.000,29000.000,31700.000),(74,2334,'139110006','HEMAVITON C1000 ORANGE 330ML','PCS',48.000,3525.000,4590.000),(74,2337,'139110014','POLARIS SODA WATER 330ML','PCS',24.000,3431.000,4950.000),(74,17571,'139110015','POLARIS COFFEE CREAM 330ML','PCS',24.000,3788.000,5199.000),(74,2339,'139115001','MY BABY POWDR FRESH FRTY 250G','PCS',3.000,11535.000,12600.000),(74,2340,'139115002','MY BABY PWDR PRICKLY HEAT 150G','PCS',3.000,7666.000,8700.000),(74,16236,'139115003','MY BABY PWDR PRICKLY HEAT 50GR','PCS',3.000,2730.000,3000.000),(74,2342,'139115005','TAMARA SILKY HBL 100ML','PCS',6.000,1200.000,1300.000),(74,2344,'139115007','MY BABY LOTION CHAMOMILE 100ML','PCS',3.000,9550.000,7800.000),(74,2346,'139115011','MARINA H&B LTN FRESH HONEY200M','PCS',3.000,6040.000,6950.000),(74,2347,'139115012','MARINA H&B LTN TOTAL CARE 200M','PCS',3.000,8059.000,9800.000),(74,2350,'139115016','MARINA SOAP CHARMING 75 GR','PCS',44.000,1300.000,1400.000),(74,2356,'139115031','MARINA HBL TOTAL CARE 100 ML','PCS',3.000,4683.000,5700.000),(74,2357,'139115033','MARINA H&B LTN MULBERRY 200ML','PCS',3.000,6826.000,8300.000),(74,2359,'139115035','MARINA NAT.H&B LTN AVCADO 200M','PCS',3.000,6040.000,6950.000),(74,2360,'139115036','MARINA H&B LTN AVOCADO 100 ML','PCS',3.000,3550.000,4000.000),(74,2361,'139115037','MARINA NATURAL HONEY 100ML','PCS',3.000,3550.000,3990.000),(74,2362,'139115038','MARINA NAT. CHAMO H&B LTN 100','PCS',3.000,3550.000,4000.000),(74,15158,'139115039','MARINA NTRL GINSENG HBL 100 ML','PCS',3.000,3550.000,3990.000),(74,2363,'139115040','MARINA H&B LTN PINK 200 ML','PCS',3.000,4290.000,4390.000),(74,2367,'139115047','MY BABY BDK PWD FRS FRUITY 50G','PCS',3.000,2730.000,3000.000),(74,2368,'139115048','MY BABY BDK POWDER 50G','PCS',3.000,2730.000,3000.000),(74,2369,'139115049','MY BABY PWDR SWEET FLORAL 50G','PCS',3.000,2730.000,2750.000),(74,2370,'139115050','MY BABY POWDER SWEET.F 250+75G','PCS',3.000,11535.000,12270.000),(74,2372,'139115052','MY BABY PWDR 150G','PCS',3.000,7666.000,8700.000),(74,2373,'139115053','MY BABY BDK POWDER PINK 150 G','PCS',3.000,7666.000,8700.000),(74,2376,'139115056','MY BABY PWDR SOFT&GNTL 150 GR','PCS',3.000,7666.000,8700.000),(74,2377,'139115057','MY BABY PWDR YELLOW 100 GR','PCS',3.000,5183.000,5400.000),(74,2378,'139115058','MY BABY  PWDR PINK 100 GR','PCS',3.000,5183.000,5900.000),(74,2379,'139115059','MY BABY PWDR BLUE  100 GR','PCS',3.000,5183.000,5700.000),(74,16250,'139115062','CLAUDIA BEAUTY SOAP BLUE','PCS',44.000,1100.000,1200.000),(74,2382,'139115063','CLAUDIA SBN MND PINK 75 GR','PCS',44.000,1100.000,1200.000),(74,2383,'139115064','MARINA NAT. H&B LTN GNSG 200','PCS',3.000,6040.000,6950.000),(74,2384,'139115065','MARINA NAT. H&B LTN CHAMO 200','PCS',3.000,6040.000,6900.000),(74,2385,'139115066','MARINA SPRY COL FRES MRNG 100M','PCS',3.000,9405.000,11700.000),(74,17603,'139115096','MARINA HAND&BODY  LTN 200M','PCS',3.000,4290.000,4800.000),(74,2395,'139115097','MARINA H&B LTN HAPPY 100ML','PCS',3.000,2530.000,2590.000),(74,2396,'139115098','MARINA H&B LTN LOVELY 100ML','PCS',3.000,2530.000,2790.000),(74,2397,'139115100','MY BABY MNYK TELON PLUS 60ML','PCS',6.000,13600.000,15400.000),(74,17607,'139115129','MARINA H&B LTN MILK 500ML','PCS',3.000,13441.000,16400.000),(74,2409,'139115130','MARINA H&N LTN MULBERRY 500ML','PCS',3.000,13441.000,16400.000),(74,16313,'139115151','MY BABY SWEET FLORAL 350G','PCS',3.000,12950.000,14500.000),(74,2419,'139115153','MY BABY FRESH FRUITY 350G','PCS',3.000,12950.000,14500.000),(74,16255,'139115170','MY BABY POWDER AROMATHERAPY250','PCS',6.000,11535.000,12700.000),(74,2434,'139115195','MY BABY DIAPER CREAM ALOE VERA','PCS',3.000,10350.000,12600.000),(74,2435,'139115204','MARINA HYDRO COOL GEL 200ML','PCS',3.000,6826.000,8500.000),(74,2438,'139115208','MB M.TELON PLS L.PRTCTN 60ML','PCS',6.000,14012.000,17700.000),(74,2439,'139115210','MB HAIR&BODY ALOEVRA&AVCDO 100','PCS',3.000,8950.000,9200.000),(74,2441,'139115212','MY BABY H.LOT CNDLNUT&OIL 100M','PCS',3.000,17000.000,17700.000),(74,17617,'139115229','MY BABY SET SWEET FLORAL','PCS',3.000,19500.000,19900.000),(74,2454,'139115230','MARINA HBL NUTRI FRESH 350ML','PCS',3.000,8820.000,9900.000),(74,16486,'139115237','MY BABY PWDR FRESH FRUITY 75GR','PCS',3.000,4200.000,4500.000),(74,2459,'139115238','MY BABY PWDR SWEET FLORAL 75GR','PCS',3.000,4200.000,4500.000),(74,2461,'139115241','MY BABY BATH TELON PLUS 200ML','PCS',3.000,12600.000,13700.000),(74,2463,'139115243','MY BABY MILK BATH SF 200ML','PCS',3.000,12600.000,13700.000),(74,2464,'139115255','MY BABY HAIR&BODY WASH 200ML','PCS',3.000,13350.000,14500.000),(74,2465,'139120001','SOS PMBRSIH LNTI APLE REF 800M','PCS',3.000,7088.000,7300.000),(74,2467,'139120003','SOS PMBRSIH LNT FLORAL REF800M','PCS',3.000,7088.000,7550.000),(74,2468,'139120004','SOS PMBRSIH LNTI LEMON REF800M','PCS',3.000,7088.000,7950.000),(74,17627,'139120011','SOS HAND SOAP STRAWBERRY RF300','PCS',3.000,6500.000,7100.000),(74,17628,'139120029','SOS PNCUCI PRNG LIME REFF 800M','PCS',6.000,11100.000,12100.000),(74,2482,'139120033','SOS PMBRSH LNTI ORNGE REF 800M','PCS',3.000,7088.000,8600.000),(75,68,'106105136','OPLET KOPI+GULA 5X25G','PCS',12.000,3600.000,3390.000),(75,85,'106105235','ENERGEN CEREAL COKLAT 30GX5','PCS',12.000,5484.000,5900.000),(75,87,'106105237','ENERGEN KACANG HIJAU 5X31 GR','PCS',12.000,5484.000,5900.000),(75,88,'106105238','ENERGEN VANILA 5X30 GR','PCS',12.000,5484.000,5900.000),(75,313,'111105064','SARI MURNI TEH CELUP 25`','PCS',16.000,9900.000,4250.000),(75,17635,'111115002','LUX SOFT PINK SOAP 85G','PCS',24.000,2800.000,3100.000),(75,333,'111115066','LUX FRESH SPLASH SOAP 85G','PCS',24.000,2800.000,2850.000),(75,335,'111115070','LUX BW WHITE IMPRES REFF 250ML','PCS',3.000,0.000,14300.000),(75,17638,'111115320','LIFEBUOY MILDCARE BWASH RF450','PCS',6.000,21200.000,23700.000),(75,17639,'111115484','LIFEBUOY BW ACTVFRESH BTL 300M','PCS',5.000,20800.000,19500.000),(75,384,'111115486','LIFEBUOY BW MILDCARE BTL300ML','PCS',6.000,20800.000,19500.000),(75,394,'111115647','LUX BW VELVET TOUCH REF 450ML','PCS',4.000,21500.000,23100.000),(75,400,'111115693','CITRA LSTNG WHITE BW REFF 400M','PCS',3.000,18550.000,17550.000),(75,17643,'111115830','LIFEBUOY BW RED REFF 450ML','PCS',4.000,12700.000,20800.000),(75,427,'111115878','LIFEBUOY CLINI-SHIELD 300ML','PCS',12.000,26000.000,29000.000),(75,488,'111120948','LIFEBUOY BW CLNI-SLD ANTBAC300','PCS',5.000,0.000,28400.000),(75,1152,'121115011','HARMONY F.SOAP LEMON 85 GR','PCS',72.000,1636.000,1800.000),(75,16943,'121115013','HARMONY FRUITY SOAP 85 GR','PCS',72.000,1636.000,1800.000),(75,16944,'121115014','HARMONY FRUITY SOAP MELON 85 G','PCS',72.000,1636.000,1800.000),(75,1153,'121115017','HARMONY NTRL APLLE 85 GR','PCS',72.000,1636.000,1800.000),(75,16946,'121115020','HARMONY SBN F.SOAP GRAPE 85GR','PCS',72.000,1636.000,1800.000),(75,16947,'121115021','HARMONY STRAWBERRY 85 GR','PCS',72.000,1636.000,1800.000),(75,1736,'132105014','JASJUS RASA MELON 10X8GR','PCS',10.000,0.000,3000.000),(75,1747,'132105037','JASJUS ANGGUR 10X8G','PCS',10.000,2646.000,3000.000),(75,1779,'132115033','NUVO FAMILY S/MND BIRU 80 GR','PCS',36.000,1666.000,2000.000),(75,1781,'132115035','NUVO FAMILY S/MND HIJAU 80 GR','PCS',48.000,1666.000,2000.000),(75,1800,'132115073','NUVO FAMILY S/MND KUNING 80 G','PCS',24.000,1666.000,2000.000),(75,1834,'132115136','GIV BW PAPAYA PCH 250ML','PCS',3.000,9310.000,10600.000),(75,1835,'132115137','GIV BW MULBERRY PCH 250ML','PCS',5.000,9310.000,10600.000),(75,17659,'132115219','NUVO LIQUID SOAP ENRGI BTL 250','PCS',3.000,0.000,14500.000),(75,17660,'132115222','NUVO BW CARING BTL 250ML','PCS',4.000,0.000,14500.000),(75,17661,'132115277','GIV PURE WHITE BOTTLE 250ML','PCS',4.000,0.000,11750.000),(75,1896,'132115286','GIV WHITE BENGKOANG PCH 250ML','PCS',4.000,16660.000,18900.000),(75,17663,'132115293','NUVO B.WASH PUTIH POUCH 450ML','PCS',6.000,15680.000,18000.000),(75,1898,'132115294','NUVO B.WASH MERAH POUCH 450ML','PCS',3.000,15680.000,17800.000),(75,1899,'132115295','NUVO FAMILY REFF NATURE 450ML','PCS',6.000,15680.000,17800.000),(75,1900,'132115296','NUVO FAMILY REF ENERGIZING 450','PCS',6.000,15680.000,17800.000),(75,17667,'132115367','GIV BB WASH P FLWRS&SB 250ML','PCS',4.000,0.000,15000.000),(75,17668,'161115307','SHINZUI BODY CLEANSER HANA 500','PCS',3.000,0.000,35400.000),(75,17669,'161115309','SHINZUI B.CLEANSER MATSU 500ML','PCS',3.000,0.000,35400.000),(75,17670,'161115311','SHINZUI B.CLEANSER KENSHO 500M','PCS',2.000,0.000,35400.000),(75,3426,'161115313','SHINZUI B.CLEANSER SAKURA 500M','PCS',2.000,0.000,35400.000),(75,17672,'161115330','SHINZUI B.CLE ISEIYA BTL 500ML','PCS',2.000,0.000,34500.000),(75,3610,'167105100','NUTRI SR RS AMRCN SWTORG 5X11G','PCS',16.000,0.000,5500.000),(75,17674,'169115003','DETTOL BW SKINCARE 300ML','PCS',1.000,0.000,27300.000),(75,17675,'169115006','DETTOL BW SENSITIVE BTL 300ML','PCS',6.000,0.000,27000.000),(75,17676,'169115011','DETTOL HAND SOAP SENSTVE 135ML','PCS',1.000,0.000,9000.000),(75,17677,'169115052','DETTOL HW SKIN CARE 250ML','PCS',3.000,0.000,20000.000),(75,3688,'169115054','DETTOL ORI BD WASH BTL 125ML','PCS',4.000,0.000,10950.000),(75,17679,'169115090','DETTOL RE-ENERGIZE PCH 450ML','PCS',3.000,0.000,30400.000),(75,17680,'169115137','DETTOL GOLD LIQUID PUMP 200ML','PCS',6.000,0.000,22700.000),(75,17681,'169120037','DETTOL PMBRSH LNTAI LAVENDR700','PCS',3.000,0.000,15300.000),(75,17682,'169120039','DETTOL PMBRSH LNTAI APPLE 700','PCS',3.000,0.000,15300.000),(75,17683,'169120040','DETTOL PMBRSH LNTAI PINE 700','PCS',3.000,0.000,15300.000),(75,3955,'177105023','GOOD DAY CARREBIAN NUT 20G','PCS',12.000,4800.000,5000.000),(75,3958,'177105030','GOOD DAY COOLINCOFFEE 5X20GR','PCS',12.000,0.000,5000.000),(75,3959,'177105031','GOOD DAY MOCCACINO 20 GR','PCS',12.000,4800.000,4900.000),(75,3960,'177105033','GOOD DAY VANILA LATTE 5X20GR','PCS',12.000,4800.000,5000.000),(75,17688,'180105117','NS NUTRI TEA LYCHEE TEA 5X14GR','PCS',16.000,0.000,5500.000),(75,17689,'220115018','QL COSMETIC MASCARA BLCK 8ML','PCS',12.000,28800.000,32900.000),(75,17690,'220115019','QL COSMETIC W NIGHT CREAM 18GR','PCS',12.000,28800.000,32900.000),(75,17691,'220115020','QL COSMETIC W DAY CREAM 18GR','PCS',12.000,0.000,36800.000),(75,17692,'220115023','QL COSMETIC SOAP A.ACNE 70GR','PCS',12.000,0.000,9600.000),(75,17693,'220115024','QL COSMETIC SOAP S.TRNFRN 70GR','PCS',12.000,0.000,9600.000),(75,17694,'220115025','QL COSMETIC S LLR G.MILK 100GR','PCS',12.000,0.000,8700.000),(75,17695,'220115027','QL LIGHTENING SOAP 90GR','PCS',6.000,0.000,18600.000),(75,17696,'220115028','QL EYELINER FASHION','PCS',12.000,0.000,29400.000),(75,17697,'220115031','QL FOUNDATION 12GR','PCS',12.000,16400.000,18900.000),(75,17698,'220115042','QL VITAMIN C SERUM 20ML','PCS',6.000,0.000,40500.000),(75,17699,'220115046','QL MASCARA 2 IN 1 BLACK 6ML','PCS',6.000,40000.000,45700.000),(75,17700,'220115125','QL LIPCREAM MATTE PINK ME 22','PCS',6.000,0.000,34500.000),(75,17701,'220115130','QL LIPCREAM MATE SGAR PLUMP 29','PCS',6.000,0.000,34500.000),(75,17702,'220115132','QL LIPCREAM MATE FLMING ROS 26','PCS',6.000,28800.000,34500.000),(76,4536,'198125004','CAMPINA CONCERTO SUNDAE 110M','pcs',20.000,0.000,7100.000),(76,4538,'198125008','CAMPINA HULA\"KACANG IJO 50ML','pcs',45.000,0.000,4000.000),(76,4539,'198125009','CAMPINA HULA\"KACANG HITAM 50ML','pcs',45.000,0.000,4000.000),(76,4546,'198125021','CAMPINA CONCERTO OLYMPIA  80ML','pcs',27.000,0.000,4000.000),(76,4548,'198125023','CAMPINA TROPICANA CHOCO 75ML','pcs',30.000,0.000,4000.000),(76,4550,'198125049','CAMPINA CHOCO BANANA CUP 80ML','pcs',27.000,0.000,4000.000),(76,4551,'198125063','CAMPINA HULA-HULA DURIAN 80ML','pcs',27.000,0.000,6000.000),(76,17703,'198125083','CAMPINA SUNDAE MOCCA','pcs',20.000,0.000,7100.000),(76,4552,'198125092','CAMPINA FANTASY STROBERI 55ML','pcs',30.000,0.000,2000.000),(76,4553,'198125093','CAMPINA FANTASY JERUK 55ML','pcs',30.000,0.000,2000.000),(76,4554,'198125095','CAMPINA FANTASY RSA APEL 55ML','pcs',30.000,0.000,2000.000),(76,4555,'198125099','CAMPINA HAPPY COW VANILA 85ML','pcs',18.000,0.000,6200.000),(76,4559,'198125105','CAMPINA HAPPY COW RAINBOW 55ML','pcs',30.000,0.000,3200.000),(76,4560,'198125106','CAMPINA PATRICK STICK 60 ML','pcs',21.000,0.000,3999.000),(77,17886,'803006110','OPTION BLUS BABY TERY PJG','pcs',24.000,36000.000,48500.000),(77,17887,'803006111','OPTION BLUS BABY TERY REST PJG','pcs',12.000,37000.000,49950.000),(77,17888,'803006112','OPTION BLUS KIMONO PJG','pcs',6.000,30000.000,39950.000),(77,17889,'803006113','OPTION BLUS KIMONO PDK','pcs',6.000,27000.000,36500.000),(77,17904,'803007036','DMI CLN JOGER DENIM PJG','pcs',12.000,36000.000,49950.000),(77,17905,'803007037','DMI CLN BEGGY DENIM PJG','pcs',12.000,36000.000,49950.000),(77,17906,'803007038','DMI CLN BEGGY RYN PJG','pcs',20.000,31000.000,39950.000),(77,17908,'803007039','DMI CLN KULOT RAMI WRN PJG','pcs',12.000,45000.000,59950.000),(77,17910,'803007040','DMI CLN KULOT MTF PJG','pcs',32.000,45000.000,59950.000),(77,17913,'803007041','DMI CLN KULOT JMB PJG','pcs',12.000,27000.000,36500.000),(77,17915,'803007042','DMI ROK PYG RAMI PJG','pcs',12.000,60000.000,79950.000),(77,17917,'803007043','DMI CLN LGG PLS (L) PJG','pcs',12.000,28000.000,37000.000),(77,17918,'803007044','DMI CLN LGG PLS (XXL) PJG','pcs',12.000,30000.000,39950.000),(77,17822,'803009081','F+ SNGLT  SP HTM','pcs',24.000,20834.000,24950.000),(77,17825,'803009082','F+ SNGLT SP WRN','pcs',24.000,21667.000,24950.000),(77,17827,'803009084','F+ SNGLT WRN (M)','pcs',12.000,15417.000,19950.000),(77,17828,'803009085','F+ SNGLT HTM (M)','pcs',12.000,14167.000,19950.000),(77,17829,'803009086','F+ SNGLT ABU (M)','pcs',12.000,14167.000,19950.000),(77,17834,'803009093','DR DAVE OB DISTRO WRN PDK ','pcs',48.000,25000.000,36500.000),(77,17835,'803009094','DR DAVE OB TOPI SWAG PJG','pcs',12.000,35000.000,46500.000),(77,17839,'803009099','DENNDEV OB SBLN BLKG PDK','pcs',24.000,25000.000,32500.000),(77,17840,'803009100','DENNDEV OB RAGLAND PDK','pcs',12.000,25000.000,32500.000),(77,17841,'803009101','DENNDEV OB VESPA PDK','pcs',24.000,22500.000,29950.000),(77,17842,'803009102','DENNDEV OB PITA PDK','pcs',12.000,25000.000,32500.000),(77,17786,'803012028','X7 BOXER SLR PDK','pcs',36.000,13834.000,19950.000),(77,17787,'803012029','X7 BOXER GMBR PDK','pcs',12.000,13000.000,19950.000),(77,17836,'803024012','MONKL SWT REST TOPI PJG','pcs',12.000,85000.000,124950.000),(77,17837,'803024014','MONKL JKT REST BOMBER PJG','pcs',4.000,75000.000,109950.000),(77,17838,'803024015','MONKL JKT REST TOPI PJG','pcs',4.000,80000.000,119950.000),(77,17919,'803024026','JKT LEVIS DILAN,SIP','pcs',12.000,110000.000,149940.000),(77,17920,'803024030','SWEATER OBL SUPREME TOPI,SIP','pcs',2.000,55000.000,82500.000),(77,17921,'803024031','JKT REST SUPREME TOPI,SIP','pcs',2.000,60000.000,89940.000),(77,17922,'803024032','JKT REST SUPREME UP TOPI,SIP','pcs',2.000,60000.000,89940.000),(77,17923,'803024033','JKT REST RSCH TOPI,SIP','pcs',2.000,60000.000,89940.000),(77,17924,'803024034','SWEATER OBL DC PLS TP,SIP','pcs',2.000,55000.000,82500.000),(77,17925,'803024035','JKT REST DC PLS TOPI,SIP','pcs',2.000,60000.000,89940.000),(77,17926,'803024036','JKT REST RSCH TOPI,SIP','pcs',2.000,60000.000,89940.000),(77,17927,'803024037','JKT REST KOMB VANS TOPI,SIP','pcs',2.000,60000.000,89940.000),(77,17788,'803032120','DARBEES OB KIM PINK (L) 3/4 ','pcs',24.000,16667.000,22500.000),(77,17789,'803032121','DARBEES OB KIM PINK (XL) 3/4','pcs',24.000,17500.000,24950.000),(77,17790,'803032122','DARBEES OB KIM PINK (S) 3/4','pcs',24.000,15000.000,19950.000),(77,17791,'803032123','DARBEES OB KIM PINK (M) 3/4','pcs',24.000,15834.000,19950.000),(77,17792,'803032124','DARBEES OB KIM PSG (M) 3/4','pcs',6.000,15834.000,19950.000),(77,17793,'803032125','DARBEES OB KIM PSG (L) 3/4','pcs',6.000,16667.000,22500.000),(77,17794,'803032126','DARBEES OB KIM PSG (XL) 3/4','pcs',6.000,17500.000,24950.000),(77,17795,'803032127','DARBEES OB KIM WRN (L) 3/4','pcs',6.000,16667.000,22500.000),(77,17796,'803032128','DARBEES OB KIM WRN (XL) 3/4','pcs',12.000,17500.000,24950.000),(77,17745,'803038159','BEKO MB-03 KTG,DM','pcs',24.000,9459.000,14990.000),(77,17746,'803038160','SMART BLOCKS PB-54 TAS,DM','pcs',12.000,20000.000,29990.000),(77,17747,'803038161','SMART BLOCKS PB-108 TAS,DM','pcs',6.000,31500.000,47490.000),(77,17748,'803038162','MBL THUNDER MB-09 KTG,DM','pcs',6.000,20542.000,30990.000),(77,17749,'803038163','DINO WORLD KTG (B),DM','pcs',12.000,24500.000,36990.000),(77,17750,'803038164','CONGKAK WRN (K),168','pcs',6.000,6500.000,9968.000),(77,17751,'803038165','PLAY HOUSE DUZ,168','pcs',6.000,14000.000,21968.000),(77,17752,'803038166','RBT SPR CHANGE MIKA,168','pcs',6.000,16500.000,25468.000),(77,17753,'803038167','MBL CARS 02046 KTG,168','pcs',6.000,9000.000,13968.000),(77,17754,'803038168','MBL JEEP 6523 KTG,168','pcs',12.000,9000.000,13968.000),(77,17755,'803038169','DUMP TRUCK B1999RP,168','pcs',2.000,23000.000,34468.000),(77,17756,'803038170','HELI POLICE ZOOM (K),168','pcs',6.000,4500.000,6968.000),(77,17757,'803038171','4 SEHAT 5 SEMPURNA,168','pcs',3.000,12500.000,19468.000),(77,17797,'803038172','OCEAN BLOCKS 9200 TAS,WIN','pcs',12.000,16753.000,25990.000),(77,17798,'803038173','KERANJANG SET K100,WIN','pcs',6.000,10250.000,15990.000),(77,17799,'803038174','KERANJANG SET K200,WIN','pcs',6.000,11000.000,16990.000),(77,17800,'803038175','KERANJANG SET 818,WIN','pcs',6.000,12000.000,18490.000),(77,17801,'803038176','CANGKIR MEWAH CM-718,WIN','pcs',6.000,16000.000,24990.000),(77,17802,'803038178','TRUCK BOX SBM-892,WIN','pcs',4.000,10000.000,15490.000),(77,17807,'803038181','CUP LOVE RENCENG KRKTR,GT','pcs',3.000,9000.000,13490.000),(77,17808,'803038182','BONEKA HK TOPI PRINT (S),GT','pcs',2.000,19000.000,28490.000),(77,17809,'803038183','BONEKA HK TOPI PRINT (M),GT','pcs',2.000,27500.000,41490.000),(77,17810,'803038184','BONEKA HK ROK LOVE 11,GT','pcs',2.000,24500.000,36990.000),(77,17811,'803038185','BONEKA KEROPI BATIK 12,GT','pcs',1.000,28000.000,41990.000),(77,17812,'803038186','BONEKA KEROPI YELVO 9,GT','pcs',1.000,22500.000,33990.000),(77,17813,'803038187','CAR SET 3 IN 1 KRKTR,GT','pcs',2.000,39000.000,58490.000),(77,17814,'803038188','CAR SET 6 IN 1 STIR,GT','pcs',1.000,145000.000,199990.000),(77,17815,'803038189','BNTL SEGI LASPO KRKTR PJG,GT','pcs',1.000,41000.000,61490.000),(77,17816,'803038190','BNTL PALA KRKTR VELBOA,GT','pcs',2.000,20000.000,29990.000),(77,17817,'803038191','BNTL GULING MINI,GT','pcs',60.000,9000.000,13990.000),(77,17818,'803038192','BONEKA PIGLET YELVO 9,GT','pcs',1.000,22500.000,33990.000),(77,17843,'803038193','TONGKAT FROZEN B/O KTG,MT','pcs',6.000,20000.000,29990.000),(77,17844,'803038195','TONGKAT CAPTAIN AMERIKA B/O KTG,MT','pcs',6.000,17000.000,26490.000),(77,17845,'803038196','BONEKA BARBIE TRENDY DUZ,MT','pcs',6.000,5500.000,8490.000),(77,17846,'803038197','DOCTOR SET GA-11011,MT','pcs',6.000,14500.000,22490.000),(77,17847,'803038198','KERINCINGAN PGG 5 BOLA 2 PCS,MT','pcs',6.000,3750.000,5990.000),(77,17848,'803038199','TAMIYA GRENO MIKA,MT','pcs',6.000,8500.000,13490.000),(77,17849,'803038200','RUPIAH SET KALKULATOR,MT','pcs',6.000,10500.000,16490.000),(77,17850,'803038201','SEMPOA JUSTICE JL-928,MT','pcs',6.000,13000.000,19990.000),(77,17851,'803038202','SENAPAN SNIPER88 S-688,MT','pcs',6.000,10500.000,16490.000),(77,17852,'803038203','BONEKA BARBIE ANTING SET,MT','pcs',6.000,11000.000,16990.000),(77,17853,'803038204','MBL + PSWT SET 4 PCS,MT ','pcs',6.000,10500.000,16490.000),(77,17854,'803038205','SEMPOA JUSTICE JL-918,MT','pcs',6.000,11500.000,17990.000),(77,17855,'803038206','BONEKA BARBIE DUZ (K),MT','pcs',12.000,9584.000,17990.000),(77,17856,'803038207','KERETA TRUCK CNST MIKA,MT','pcs',6.000,25000.000,33490.000),(77,17857,'803038208','MBL AVENGER 5 PCS,MT','pcs',6.000,12500.000,19490.000),(77,17858,'803038209','TRUCK CNSTRCTN DT9096,MT','pcs',6.000,13500.000,20990.000),(77,17859,'803038210','TRUCK CNSTRCTN 2 PCS DT9090,MT','pcs',6.000,11500.000,17990.000),(77,17860,'803038211','TRUCK MOLEN 600 MIKA,MT','pcs',6.000,18750.000,28990.000),(77,17861,'803038212','MBL SPORT 787-8838 KTG,MT','pcs',4.000,30000.000,44990.000),(77,17862,'803038213','RBT ATTACK FIGHTER,MT','pcs',12.000,18334.000,28490.000),(77,17863,'803038214','ANGKATAN DARAT INA KGP-130,MT','pcs',12.000,16000.000,24990.000),(77,17864,'803038215','MARI MANCING MANIA MP-555,MT','pcs',6.000,14000.000,21990.000),(77,17865,'803038216','MAGIC SAND 9002 DUZ,MT','pcs',6.000,22500.000,34990.000),(77,17866,'803038217','RING DONAT BEBEK KTG,MT','pcs',5.000,9500.000,14990.000),(77,17867,'803038218','MBL GALLOP PREMIUM KTG,MT','pcs',12.000,8500.000,13490.000),(77,17868,'803038219','MANDI BOLA 23 PCS JRG,MT','pcs',12.000,7000.000,10990.000),(77,17869,'803038220','MBL BRIMOB RKC-02071 KTG,MT','pcs',12.000,14500.000,22490.000),(77,17870,'803038221','TRUCK TRAILER 4 MBL MIKA,MT','pcs',6.000,23750.000,35490.000),(77,17871,'803038222','MBL POLISI RKC MIKA,MT','pcs',6.000,16500.000,25490.000),(77,17872,'803038223','BONEKA PUTRI AYU DUZ,MT','pcs',4.000,12000.000,18490.000),(77,17873,'803038224','MOTOGP + ORG RKC KTG,MT','pcs',4.000,7250.000,11490.000),(77,17874,'803038225','BONEKA BARBIE DUYUNG KTG,MT','pcs',6.000,9000.000,13990.000),(77,17875,'803038226','MBL SPORT 4 PCS WJS-017 KTG,MT','pcs',6.000,8000.000,12490.000),(77,17876,'803038227','MBL RALLY 6 PCS WJS-068,MT','pcs',6.000,11500.000,17990.000),(77,17877,'803038228','BONEKA BARBIE SEPEDA KERANJANG,MT','pcs',12.000,10500.000,16490.000),(77,17878,'803038229','RICE COOKER JRG,MT','pcs',12.000,8500.000,13490.000),(77,17879,'803038230','BAK BAYI B-815 MIKA,MT','pcs',24.000,9000.000,13990.000),(77,17880,'803038231','DOCTOR SET WJS-099,MT','pcs',12.000,17000.000,26490.000),(77,17881,'803038233','BEAUTY FURNITURE WJS-044,MT','pcs',6.000,12500.000,19490.000),(77,17882,'803038234','TRACK ATTACK ST2461,MT','pcs',6.000,10500.000,16490.000),(77,17883,'803038235','TRUCK TRAILER 2 MBL MIKA,MT','pcs',4.000,17000.000,26490.000),(77,17884,'803038237','RBT TRANSFORMATION DUZ,MT','pcs',12.000,14000.000,21990.000),(77,17885,'803038238','BONEKA BARBIE 2 PCS DUZ,MT','pcs',36.000,10500.000,16490.000),(77,17890,'803038239','LEGO ARMED CORPS DUZ,SM','pcs',3.000,20000.000,29950.000),(77,17891,'803038240','KOKI CILIK KGP-8303,SM','pcs',3.000,9750.000,15950.000),(77,17892,'803038242','CANGKIR TEKO SET MIKA,MT','pcs',6.000,11750.000,18950.000),(77,17893,'803038243','DAPUR KITA F-181,SM','pcs',3.000,11500.000,18450.000),(77,17894,'803038244','KANTIN MAMA 1502,SM','pcs',3.000,11500.000,18450.000),(77,17895,'803038245','PSWT BOEING TRK KTG,SM','pcs',6.000,8500.000,13950.000),(77,17896,'803038246','PSWT BOEING 737 AP-04 KTG,SM','pcs',6.000,10000.000,15950.000),(77,17897,'803038247','UNTA PUZZLE RODA KTG,SM','pcs',6.000,12500.000,19950.000),(77,17898,'803038248','GAJAH PUZZLE RODA KTG,SM','pcs',3.000,12000.000,18950.000),(77,17899,'803038249','RBT MINI X II DUZ,SM','pcs',3.000,27500.000,41450.000),(77,17900,'803038250','BATMAN SAYAP 22788,SM','pcs',6.000,11000.000,17450.000),(77,17901,'803038251','RBT TRANFORM MINI DUZ,SM','pcs',3.000,27500.000,41450.000),(77,17902,'803038252','ULTRAMAN TANDUK B/O JMB,SM','pcs',2.000,50000.000,74950.000),(77,17903,'803038253','RING DONAT GAJAH KTG,SM','pcs',6.000,9000.000,14450.000),(77,17907,'803038254','STICK GOLF SET JRG,SM','pcs',6.000,37500.000,55950.000),(77,17909,'803038255','TOPENG SPR CHANGE B/O KTG,SM','pcs',3.000,32000.000,47950.000),(77,17911,'803038256','TOPENG IRONMAN KTG,SM','pcs',6.000,9500.000,15450.000),(77,17912,'803038257','TOPENG PWR RNGR B/O KTG,SM','pcs',3.000,19000.000,29950.000),(77,17914,'803038258','TOPENG HULK LIGHT SOUND KTG,SM','pcs',3.000,20000.000,29950.000),(77,17916,'803038259','TOPENG PWR RNGRS SAMURAI KTG,SM','pcs',6.000,8500.000,13950.000),(77,17928,'803038260','MBL JEEP 2234 MIKA,MT','pcs',12.000,13000.000,19990.000),(77,17929,'803038261','DUMP TRUCK 7501 KTG,MT','pcs',24.000,7000.000,10990.000),(77,17930,'803038262','VILLAKU 2902 KTG,MT','pcs',12.000,9000.000,13990.000),(77,17931,'803038263','TRUCK PEMADAM 2087 MIKA,MT','pcs',6.000,17000.000,26490.000),(77,17932,'803038264','BEKO BK600 KTG,MT','pcs',24.000,12500.000,19490.000),(77,17933,'803038265','TRUCK ANIMAL 6022 KTG,MT','pcs',12.000,15500.000,23990.000),(77,17934,'803038266','PISTOL AIR 1 TBG 8125 KTG,MT','pcs',12.000,8250.000,12990.000),(77,17705,'803043009','GT,KNCI BOLA2,ABK','pcs',24.000,3125.000,4990.000),(77,17706,'803043010','GT,KNCI AKRILIK JURAI,ABK','pcs',60.000,3125.000,4990.000),(77,17707,'803043011','GT,KNCI H.KITTY GOLS,ABK','pcs',24.000,3125.000,4990.000),(77,17708,'803043012','GT,KNCI KITAB SUCI,ABK','pcs',24.000,3125.000,4990.000),(77,17709,'803043013','GT,KNCI LOVE LAMPU,ABK','pcs',20.000,2917.000,4490.000),(77,17710,'803043014','GT,KNCI DORAEMON,ABK','pcs',24.000,3230.000,4990.000),(77,17711,'803043015','GT,KNCI DORAEMON PEER,ABK','pcs',24.000,3125.000,4990.000),(77,17712,'803043016','BANDO MINNIE PITA,ABK','pcs',24.000,5000.000,7490.000),(77,17713,'803043017','GLNG KAKI KERINCING,ABK','pcs',36.000,5000.000,7490.000),(77,17714,'803043018','DMPT KOIN KRKTR,ABK','pcs',24.000,13000.000,19490.000),(77,17742,'803061089','J/DD 767,71','pcs',6.000,22000.000,32971.000),(77,17743,'803061090','J/DD 426,71','pcs',4.000,23000.000,34471.000),(77,17744,'803061091','J/DD 1917,71','pcs',12.000,15000.000,22471.000),(77,17758,'803061092','J/DD 234,71','pcs',6.000,18000.000,26971.000),(77,17759,'803061093','J/DD 2017,71','pcs',6.000,17500.000,26471.000),(77,17760,'803061094','J/DD 6517,71','pcs',2.000,14500.000,21971.000),(77,17761,'803061095','J/DD 6511,71','pcs',4.000,14500.000,21971.000),(77,17762,'803061096','J/DD 6523,71','pcs',2.000,14500.000,21971.000),(77,17763,'803061097','J/DD 6539,71','pcs',2.000,14500.000,21971.000),(77,17764,'803061098','J/DD 6521,71','pcs',2.000,14500.000,21971.000),(77,17765,'803061099','J/DD 6542,71','pcs',2.000,14500.000,21971.000),(77,17766,'803061100','J/DD 252,71','pcs',2.000,25500.000,38471.000),(77,17767,'803061101','J/DD 134 LOVE,71','pcs',2.000,25000.000,37471.000),(77,17768,'803061102','J/DD 2100,71','pcs',2.000,27500.000,41471.000),(77,17769,'803061103','J/DD 038,71','pcs',2.000,28500.000,42971.000),(77,17770,'803061104','J/DD 321K,71','pcs',2.000,42000.000,62971.000),(77,17771,'803061107','J/DD 2056,71','pcs',2.000,21500.000,32471.000),(77,17772,'803061108','J/DD 2040,71','pcs',2.000,43000.000,64471.000),(77,17773,'803061109','J/DD 2027,71','pcs',2.000,53500.000,79971.000),(77,17774,'803061111','J/DD 4027,71','pcs',2.000,75000.000,111971.000),(77,17775,'803061112','J/DD 5033,71','pcs',2.000,87500.000,130971.000),(77,17776,'803061117','J/DD 3807,71','pcs',2.000,22000.000,32971.000),(77,17777,'803061118','J/DD 3808,71','pcs',2.000,22000.000,32971.000),(77,17778,'803061119','J/DD 1767,71','pcs',2.000,33000.000,49471.000),(77,17779,'803061120','J/DD 1741,71','pcs',2.000,30000.000,44971.000),(77,17780,'803061121','J/DD 1765,71','pcs',2.000,30000.000,44971.000),(77,17781,'803061122','J/DD 1701,71','pcs',2.000,28000.000,41971.000),(77,17782,'803061123','J/DD 1718,71','pcs',2.000,28000.000,41971.000),(77,17783,'803061124','J/DD 1703,71','pcs',2.000,28000.000,41971.000),(77,17784,'803061125','J/DD 1723,71','pcs',2.000,28000.000,41971.000),(77,17785,'803061126','J/DD 1708,71','pcs',2.000,28000.000,41971.000),(77,17715,'803067099','BALENO MUG 2 PCS,CC','pcs',6.000,8000.000,11460.000),(77,17716,'803067100','BLOSSOM KANSET 5 PCS,CC','pcs',4.000,45000.000,62960.000),(77,17717,'803067101','CARMELIA GLS ICE 5 PCS,CC','pcs',6.000,22000.000,30960.000),(77,17718,'803067102','CHAMPION MUG ASBAK 3 PCS,CC','pcs',6.000,12000.000,16960.000),(77,17719,'803067103','FLORA MK 2 PCS,CC','pcs',6.000,6500.000,9460.000),(77,17720,'803067104','GIFTPACKAGE CKR 8 PCS,CC','pcs',15.000,17000.000,23960.000),(77,17721,'803067105','GRANVILLE KANSET 5 PCS,CC','pcs',4.000,33500.000,46960.000),(77,17722,'803067106','HONOLULU GLS 4 PCS,CC','pcs',6.000,14000.000,19460.000),(77,17723,'803067107','NEW JASMINE GLS 5 PCS,CC','pcs',10.000,18500.000,25960.000),(77,17724,'803067108','APPLE MK 2 PCS,CC','pcs',6.000,7500.000,10460.000),(77,17725,'803067109','NEW ZAMRUD GLS 6 PCS,CC','pcs',6.000,20000.000,27960.000),(77,17726,'803067110','OCTANICO MK 2 PCS,CC','pcs',4.000,7000.000,9960.000),(77,17727,'803067111','NEW DIAMOND GLS 3 PCS,CC','pcs',8.000,13000.000,18460.000),(77,17728,'803067112','P/M BELLA MUG 2 PCS,CC','pcs',4.000,12000.000,16960.000),(77,17729,'803067113','P/M GENTA MUG 2 PCS,CC','pcs',3.000,12500.000,17460.000),(77,17730,'803067114','P/M KL-688 MUG ASBAK 3 PCS,CC','pcs',8.000,17500.000,24460.000),(77,17731,'803067115','WL LOVE MUG 2 PCS,CC','pcs',8.000,12500.000,17460.000),(77,17732,'803067116','RAINA GLS 6 PCS,CC','pcs',8.000,17500.000,24460.000),(77,17733,'803067117','NAKATO KANSET 4 PCS,CC','pcs',4.000,37000.000,51460.000),(77,17734,'803067118','MODENA MK 1 PC,CC','pcs',8.000,12000.000,16960.000),(77,17735,'803067119','MERILIN GLS 6 PCS,CC','pcs',8.000,12000.000,16960.000),(77,17736,'803067120','LOMBARDO MUG 2 PCS,CC','pcs',12.000,10000.000,13960.000),(77,17737,'803067121','MARISSA CKR 8 PCS,CC','pcs',6.000,17000.000,23960.000),(77,17738,'803067122','ROSSA CKR 12 PCS,CC','pcs',12.000,22000.000,30960.000),(77,17739,'803067123','TULIP CKR 12 PCS,CC','pcs',10.000,24000.000,33460.000),(77,17740,'803067124','ONEMA KANSET 5 PCS,CC','pcs',4.000,43000.000,59960.000),(77,17741,'803067125','HAWAI CKR 8 PCS,CC','pcs',6.000,17000.000,23960.000),(77,17803,'803070022','SUN COTTON BUD POT 100 (K)','pcs',12.000,5000.000,6999.000),(77,17804,'803070023','CHERRY COTTON BUD POT 50 (K)','pcs',48.000,3750.000,5500.000),(77,17805,'803070024','CHERRY COTTON BUD POT 100 (B)','pcs',72.000,4834.000,6999.000),(77,17806,'803070025','CHERRY COTTON POT 75 (B)','pcs',72.000,4167.000,5999.000),(77,17819,'803070026','MANGKOK MASKER','pcs',48.000,15000.000,22990.000),(77,17820,'803070027','KUAS MASKER YU HUAN','pcs',48.000,9000.000,13490.000),(77,17821,'803070028','MANICURE SET BEAUTY','pcs',48.000,9334.000,13990.000),(77,17823,'803070029','KUAS MAKE UP SET 5 PCS','pcs',48.000,9167.000,13990.000),(77,17824,'803070030','MANICURE SET LAMPU YU HUAN','pcs',48.000,6667.000,9990.000),(77,17826,'803070031','SPON MNDI BELIMBING','pcs',36.000,3334.000,4990.000),(77,17830,'803070032','KUAS MAKE UP SET YU HUAN','pcs',24.000,10000.000,14990.000),(77,17831,'803070033','MAC KUAS MAKE UP SET MIKA','pcs',12.000,15000.000,22490.000),(77,17832,'803070034','MYF KUAS MAKE UP SET MIKA','pcs',12.000,15000.000,22490.000),(77,17833,'803070035','BANDANA HNDK','pcs',36.000,4000.000,5990.000),(78,1779,'132115033','NUVO FAMILY S/MND BIRU 80 GR','PCS',72.000,1666.000,2000.000),(78,1781,'132115035','NUVO FAMILY S/MND HIJAU 80 GR','PCS',72.000,1666.000,2000.000),(78,1800,'132115073','NUVO FAMILY S/MND KUNING 80 G','PCS',72.000,1666.000,2000.000),(78,17938,'132115434','NUVO BTNG FAMILY C.PROTEC 80GR','PCS',72.000,1666.000,1900.000),(78,1958,'132120025','EKONOMI LEMON 300GR','PCS',90.000,1666.000,1900.000),(78,1959,'132120026','EKONOMI A/ND S.CRM 300GR','PCS',90.000,1666.000,1900.000),(78,1963,'132120034','BOOM DETERGEN BUBUK 550GR','PCS',36.000,3969.000,4500.000),(78,16222,'132120035','BOOM DTGNT JERUK NIPIS 600GR','PCS',36.000,3969.000,4500.000),(78,1966,'132120039','DAIA BUNGA 1 KG','PCS',24.000,14190.000,14800.000),(78,1968,'132120041','EKONOMI ANTI NODA 2KG','PCS',10.000,15288.000,16700.000),(78,1969,'132120042','EKONOMI SBN CREAM LMON 750GR','PCS',60.000,4263.000,4900.000),(78,1975,'132120054','EKONOMI SBN CREAM A.NODA 750GR','PCS',60.000,4263.000,4500.000),(78,1981,'132120061','DAIA PUTIH 900G','PCS',24.000,14190.000,15100.000),(78,2023,'132120122','EKONOMI PUTIH 750GR','PCS',60.000,4263.000,4500.000),(78,17949,'132120155','DAIA BUNGA 1.8KG','PCS',6.000,21195.000,24990.000),(78,17950,'132120157','DAIA LEMON 1.8KG','PCS',6.000,21195.000,26050.000),(78,2054,'132120185','PEWANGI SOKLIN VIOLET 900 ML','PCS',24.000,8330.000,9300.000),(78,2055,'132120186','PEWANGI SOKLIN BLUE 900 ML','PCS',24.000,8330.000,9300.000),(78,2056,'132120187','PEWANGI SOKLIN PINK 900 ML','PCS',24.000,8330.000,9300.000),(78,2065,'132120204','BOOM DETERJEN PUTIH 550G','PCS',36.000,3969.000,4500.000),(78,2066,'132120206','DAIA PUTIH 1.8KG','PCS',6.000,21195.000,26050.000),(78,17956,'132120236','DAIA SOFTENER 1.8KG','PCS',6.000,21195.000,26050.000),(78,16231,'132120321','DAIA +SOFTENER VIOLET 900 GR','PCS',24.000,14190.000,15100.000),(78,2105,'132120325','DAIA SOFTENER PINK 700GR','PCS',24.000,8673.000,9500.000),(78,2106,'132120326','DAIA LEMON 700GR','PCS',24.000,8673.000,9500.000),(78,2107,'132120327','DAIA PUTIH 700GR','PCS',24.000,8673.000,9500.000),(78,2108,'132120328','DAIA SOFTENER VIOILET 700GR','PCS',24.000,8673.000,9500.000),(78,2111,'132120333','DAIA SOFTENER VIOLET 1.8KG','PCS',6.000,21195.000,26000.000),(79,18096,'803032151','XUN STL OB DASI JGR PDK 4/8','pcs',12.000,34000.000,44950.000),(79,18099,'803032152','XUN STL OB JGR PDK 4/8','pcs',12.000,28500.000,38500.000),(79,18101,'803032153','XUN STL BLUS KRT PITA 4/8','pcs',12.000,33000.000,44950.000),(79,18091,'803036108','STL KDK KTN PDK,AKR','pcs',24.000,17000.000,22500.000),(79,18092,'803036109','STL KDK LORENG PDK,AKR','pcs',24.000,18167.000,24950.000),(79,18093,'803036110','STL KDK LEVIS PDK,AKR','pcs',24.000,19000.000,24950.000),(79,18094,'803036111','XUN STL OB DASI JGR PDK 0','pcs',12.000,30000.000,39950.000),(79,18095,'803036112','XUN STL OB DASI JGR PDK 1/3','pcs',12.000,32000.000,42500.000),(79,18097,'803036113','XUN STL OB JGR PDK 0','pcs',12.000,25500.000,34950.000),(79,18098,'803036114','XUN STL OB JGR PDK 1/3','pcs',12.000,26500.000,34950.000),(79,18100,'803036115','XUN STL BLUS KRT PITA 1/3','pcs',12.000,31000.000,39950.000),(79,18102,'803050089','SANEX BLENDER MX-T2GN,RE','pcs',5.000,105000.000,144950.000),(79,18103,'803050090','AIRLUX BLENDER BL-3022,RE','pcs',1.000,108000.000,144950.000),(79,18104,'803050091','MLS PENANAK NASI 1LT,RE','pcs',2.000,112000.000,149950.000),(79,18105,'803050093','MLS KOMPOR KGST-102,RE','pcs',2.000,60000.000,79950.000),(79,18106,'803050094','SAPPORO KOMPOR KGS-1TZ,RE','pcs',3.000,55000.000,73950.000),(79,18107,'803050095','QUANTUM KOMPOR QGC-101R,RE','pcs',2.000,100000.000,134950.000),(79,18108,'803050096','RINNAI KOMPOR RI-302S,RE','pcs',2.000,216000.000,269950.000),(79,18109,'803050097','RINNAI KOMPOR RI-522C,RE','pcs',2.000,263500.000,328950.000),(79,18110,'803050098','RINNAI KOMPOR RI-522E,RE','pcs',1.000,278500.000,348950.000),(79,18111,'803050099','AIRLUX IRON ST-2511,RE','pcs',3.000,70000.000,93950.000),(79,18112,'803050100','MIYAKO IRON EI-1000M,RE','pcs',6.000,81000.000,101950.000),(79,18113,'803050101','MIYAKO IRON EI-1009M,RE','pcs',2.000,90000.000,125950.000),(79,18114,'803050102','MASPION IRON EI-110,RE','pcs',4.000,103000.000,128950.000),(79,18115,'803050103','MASPION IRON EX-1000,RE','pcs',4.000,82500.000,103950.000),(79,18116,'803050105','PHILIPS IRON HD1173,RE','pcs',2.000,208000.000,259950.000),(79,18117,'803050106','COSMOS IRON CIS-318,RE','pcs',2.000,105000.000,131950.000),(79,18118,'803050107','COSMOS IRON CIS-428,RE','pcs',2.000,95000.000,118950.000),(79,18119,'803050108','COSMOS IRON CIS-438,RE','pcs',2.000,100000.000,127950.000),(79,18120,'803050109','COSMOS IRON CIS-418,RE','pcs',2.000,96000.000,124950.000),(79,18121,'803050110','PISCES KIPAS BERDIRI 1680,RE','pcs',2.000,130000.000,173950.000),(79,18122,'803050111','PISCES KIPAS MEJA 1601,RE','pcs',3.000,113000.000,149950.000),(79,18123,'803050112','PISCES KIPAS MEJA 1208,RE','pcs',3.000,110000.000,146950.000),(79,18124,'803050113','PISCES KIPAS 2 IN 1 901,RE','pcs',3.000,95000.000,126950.000),(79,18125,'803050114','PISCES KIPAS 2 IN 1 708,RE','pcs',3.000,76000.000,101450.000),(79,18126,'803050115','PISCES KIPAS KTK 121,RE','pcs',3.000,102000.000,136950.000),(79,18127,'803050116','PISCES KIPAS DINDING 1600,RE','pcs',2.000,120000.000,159950.000),(79,18128,'803050117','PISCES DISP WD-488,RE','pcs',4.000,72500.000,96950.000),(79,18129,'803050118','PISCES DISP PD-08HN,RE','pcs',1.000,125000.000,166950.000),(79,18130,'803050119','SANEX DISP D102,RE','pcs',5.000,76000.000,99950.000),(79,18131,'803050120','SANEX DISP D188,RE','pcs',2.000,87000.000,116950.000),(79,18132,'803050121','MIYAKO MCM-508,RE','pcs',2.000,231000.000,271950.000),(79,18133,'803050122','MIYAKO MCM-508 BTK,RE','pcs',2.000,231000.000,271950.000),(79,18134,'803050123','MIYAKO MCM-509,RE','pcs',2.000,228500.000,268950.000),(79,18135,'803050124','MIYAKO MCM-606A,RE','pcs',2.000,194000.000,228950.000),(79,18136,'803050125','MIYAKO MCM-638,RE','pcs',1.000,233500.000,274950.000),(79,18137,'803050126','MIYAKO BLENDER BL-101PL,RE','pcs',2.000,195000.000,243950.000),(79,18138,'803050127','MIYAKO BLENDER BL-101GS,RE','pcs',1.000,225000.000,279950.000),(79,18139,'803050128','MUYAKO BLENDER BL-102GS,RE','pcs',1.000,252000.000,314950.000),(79,18085,'803067140','MARISSA CKR 8 PCS,CC','pcs',12.000,17000.000,23960.000),(79,18086,'803067141','STARBOLL CKR 8 PCS,CC','pcs',8.000,17500.000,24460.000),(79,18087,'803067142','P/M MMS MUG 2 PCS,CC','pcs',4.000,13000.000,18460.000),(79,18088,'803067143','LOMBARDO MUG 2 PCS,CC','pcs',4.000,10000.000,13960.000),(79,18089,'803067144','IKURA KANSET 3 PCS,CC','pcs',2.000,28000.000,38960.000),(79,18019,'803068535','FLDNG HNGR LS 30 STICK,PJY','pcs',18.000,35917.000,53950.000),(79,18020,'803068536','FLDNG HNGR LS 24 STICK,PJY','pcs',12.000,31250.000,46950.000),(79,18021,'803068537','BABY CUP MIMI GL-75,PJY','pcs',24.000,11750.000,18450.000),(79,18022,'803068538','BABY CUP GOGO GL-35,PJY','pcs',24.000,11750.000,18450.000),(79,18023,'803068540','BTL AIR HYDRO 1500ML NH-81,PJY','pcs',24.000,12084.000,18950.000),(79,18024,'803068541','BTL AIR HYDRO 600ML NH-66,PJY','pcs',24.000,6500.000,9950.000),(79,18025,'803068542','BTL AIR HYDRO 400ML NH-75,PJY','pcs',36.000,5417.000,8450.000),(79,18026,'803068543','BTL AIR TYNNOS 740ML NN-51,PJY','pcs',24.000,13084.000,20450.000),(79,18027,'803068544','BTL AIR TYNNOS 450ML NN-61,PJY','pcs',24.000,11000.000,16950.000),(79,18028,'803068545','BTL AIR FILO 600ML NH-86,PJY','pcs',24.000,12500.000,19450.000),(79,18029,'803068546','BTL AIR GYM 600ML NN-97,PJY','pcs',24.000,11834.000,18450.000),(79,18030,'803068547','BTL AIR GYM 830ML NN-98,PJY','pcs',24.000,13167.000,20450.000),(79,18031,'803068548','GLS TTP CAL CANOPY,PJY','pcs',48.000,2500.000,3950.000),(79,18032,'803068549','GLS TTP CH-DB 104 FLIP,PJY','pcs',60.000,3917.000,6450.000),(79,18033,'803068550','OMPRENG YOKOHAMA,PJY','pcs',30.000,5000.000,7950.000),(79,18034,'803068551','OMPRENG HOKKAIDO,PJY','pcs',30.000,5000.000,7950.000),(79,18035,'803068552','OMPRENG KYOTO,PJY','pcs',30.000,5000.000,7950.000),(79,18036,'803068553','BABY CUP TORA GL-76,PJY','pcs',12.000,11750.000,18450.000),(79,18037,'803068554','BTL AIR LS N-73,PJY','pcs',12.000,11750.000,18450.000),(79,18038,'803068555','BTL COOL 1012 (B),PJY','pcs',30.000,3750.000,5950.000),(79,18039,'803068556','BTL COOL 1011 (K),PJY','pcs',30.000,3250.000,4950.000),(79,18040,'803068557','TP,SBN TMPL VIENTO SINGLE,PJY','pcs',12.000,4167.000,6450.000),(79,18041,'803068558','TP,SBN TMPL VIENTO DBL,PJY','pcs',24.000,5417.000,8450.000),(79,18042,'803068559','TP,SBN SANATA 0039,PJY','pcs',24.000,3750.000,5950.000),(79,18043,'803068560','TP,SBN VIENTO B-180,PJY','pcs',24.000,2917.000,4450.000),(79,18044,'803068561','OMPRENG OSAKA,PJY','pcs',24.000,5084.000,7950.000),(79,18045,'803068562','OMPRENG TOKYO,PJY','pcs',24.000,5000.000,7950.000),(79,18046,'803068563','PISAU HAKKOH 4,AM','pcs',18.000,2750.000,4468.000),(79,18047,'803068565','PISAU HAKKOH 6,AM','pcs',12.000,3334.000,5468.000),(79,18048,'803068566','PISAU HAKKOH 7,AM','pcs',18.000,3750.000,5968.000),(79,18049,'803068567','PISAU HAKKOH 8,AM','pcs',16.000,4167.000,6468.000),(79,18050,'803068568','PISAU KIWI 4,AM','pcs',24.000,2084.000,3468.000),(79,18051,'803068569','PISAU KIWI 5,AP','pcs',16.000,2334.000,3968.000),(79,18052,'803068570','PISAU KIWI 6,AM','pcs',24.000,2667.000,4468.000),(79,18053,'803068571','PISAU KIWI 7,AM','pcs',16.000,3000.000,4968.000),(79,18054,'803068572','PNJPT SERBAGUNA GEPENG,AM','pcs',12.000,7500.000,11968.000),(79,18055,'803068573','IRUS MLMNE PLS (B),AM','pcs',48.000,6250.000,9968.000),(79,18056,'803068574','IRUS MLMNE KEMB (K),AM','pcs',35.000,2000.000,3468.000),(79,18057,'803068575','IRUS MLMNE PLS (K),AM','pcs',48.000,2500.000,3968.000),(79,18058,'803068576','SEROK WRN 16CM,AM','pcs',12.000,3750.000,5968.000),(79,18059,'803068577','SEROK WRN 18CM,AM','pcs',24.000,4167.000,6468.000),(79,18060,'803068578','SEROK WRN 20CM,AM','pcs',24.000,4584.000,7468.000),(79,18061,'803068579','SEROK WRN 22CM,AM','pcs',24.000,5417.000,8468.000),(79,18062,'803068580','SEROK WRN 24CM,AM','pcs',24.000,6667.000,10468.000),(79,18063,'803068581','SEROK WRN 26CM,AM','pcs',12.000,7500.000,11968.000),(79,18064,'803068582','SNDK BAYI MLMNE 2 PCS,AM','pcs',48.000,2500.000,3968.000),(79,18065,'803068583','CNTNG MLMNE,AM','pcs',24.000,1834.000,2968.000),(79,18066,'803068584','ASBAK MLMNE 412,AM','pcs',36.000,2000.000,3468.000),(79,18067,'803068585','FISIN MLMNE SA120,AM','pcs',48.000,2500.000,3968.000),(79,18068,'803068586','FISIN MLMNE P106,AM','pcs',30.000,2500.000,3968.000),(79,18069,'803068587','FISIN MLMNE P306,AM','pcs',30.000,2500.000,3968.000),(79,18070,'803068588','PISAU SPR DOLL 4,AM','pcs',18.000,2750.000,4468.000),(79,18071,'803068589','PISAU SPR DOLL 5,AM','pcs',24.000,3000.000,4968.000),(79,18072,'803068590','PISAU SPR DOLL 6,AM','pcs',24.000,3334.000,5468.000),(79,18073,'803068591','PISAU SPR DOLL 7,AM','pcs',18.000,3750.000,5968.000),(79,18074,'803068592','PISAU SPR DOLL 8,AM','pcs',18.000,4167.000,6468.000),(79,18075,'803068593','KUALI 3R 10,CC','pcs',10.000,9500.000,14460.000),(79,18076,'803068594','KUALI 3R 11,CC','pcs',10.000,12000.000,17960.000),(79,18077,'803068595','KUALI 3R 12,CC','pcs',10.000,15000.000,22460.000),(79,18078,'803068596','KUALI 3R 13,CC','pcs',10.000,17500.000,26460.000),(79,18079,'803068597','KUALI 3R 14,CC','pcs',10.000,20000.000,29960.000),(79,18080,'803068598','KUALI 3R 15,CC','pcs',3.000,23000.000,34460.000),(79,18081,'803068599','KUALI 3R 16,CC','pcs',3.000,27000.000,39960.000),(79,18082,'803068600','KUALI 3R 20,CC','pcs',4.000,46000.000,68960.000),(79,18083,'803068601','KUALI 3R 22,CC','pcs',4.000,59000.000,88460.000),(79,18084,'803068602','KUALI 3R 24,CC','pcs',4.000,76000.000,113460.000),(79,18090,'803068603','FISIN 599,CC','pcs',143.000,1181.000,1960.000),(79,18140,'803068604','BANGKU ANAK BP,OSC','pcs',6.000,14750.000,22990.000),(79,18141,'803068605','MK CALISTA (M),OSC','pcs',12.000,2917.000,4490.000),(79,18142,'803068606','MK CALISTA (S),OSC','pcs',18.000,2584.000,3990.000),(79,18143,'803068608','MK VIOLA OLIVIA (M),OSC','pcs',18.000,2709.000,4490.000),(79,18144,'803068609','MK VIOLA OLIVIA (S),OSC','pcs',12.000,2084.000,3490.000),(79,18145,'803068610','MK SEGI LUNAR,OSC','pcs',24.000,1417.000,2490.000),(79,18146,'803068612','MK HAWAI 5647,OSC','pcs',12.000,3792.000,5990.000),(79,18147,'803068614','MK HAWAI 5645,OSC','pcs',12.000,2417.000,3990.000),(79,18148,'803068616','MK HAWAI 5648,OSC','pcs',12.000,5167.000,7990.000),(79,18149,'803068617','MK APEL LEMONY,OSC','pcs',12.000,2084.000,3490.000),(79,18150,'803068618','MK OWL BUNGA,OSC','pcs',24.000,4334.000,6990.000),(79,18151,'803068619','MK SUNRISE PELANGI,OSC','pcs',12.000,2667.000,4490.000),(79,18152,'803068620','MK ROSSY 116,OSC','pcs',18.000,3042.000,4990.000),(79,18153,'803068621','PRNG KH CRYSTAL 9,OSC','pcs',24.000,1875.000,2990.000),(79,18154,'803068622','PRNG TRIXY LOTUS,OSC','pcs',36.000,2250.000,3490.000),(79,18155,'803068623','PRNG DAUN ASVITA (B),OSC','pcs',96.000,6084.000,9490.000),(79,18156,'803068624','MK TRIXY PM-359,OSC','pcs',24.000,2584.000,3990.000),(79,18157,'803068625','PRNG SEGI ASV DLM,OSC','pcs',36.000,4500.000,6990.000),(79,18158,'803068626','PRNG I-ONE JACKO 9,OSC','pcs',24.000,2500.000,3990.000),(79,18159,'803068627','PRNG CALISTA (L),OSC','pcs',24.000,3334.000,5490.000),(79,18160,'803068628','PRNG CALISTA (M),OSC','pcs',36.000,3084.000,4990.000),(79,18161,'803068629','PRNG CALISTA (S),OSC','pcs',30.000,2917.000,4490.000),(79,18162,'803068630','PRNG LEMONY WRN 9,OSC','pcs',48.000,2000.000,3490.000),(79,18163,'803068631','PRNG VIOLA WRN 9,OSC','pcs',24.000,2084.000,3490.000),(79,18164,'803068632','PRNG VICTORY WRN 9,OSC','pcs',24.000,2834.000,4490.000),(79,18165,'803068633','PRNG I-ONE JACKO 7,OSC','pcs',36.000,2000.000,3490.000),(79,18166,'803068634','FISIN KH CRYSTAL 6,OSC','pcs',36.000,917.000,1990.000),(79,18167,'803068635','BTL AIR ASVITA 400ML,OSC','pcs',24.000,3584.000,5990.000),(79,18168,'803068636','BTL AIR ASVITA 600ML,OSC','pcs',24.000,4334.000,6990.000),(79,18169,'803068637','GLS TTP MCKY (S),OSC','pcs',48.000,1750.000,2990.000),(79,18170,'803068638','GLS TTP BONNA (M),OSC','pcs',24.000,2500.000,3990.000),(79,18171,'803068639','GLS TTP MCKY (L),OSC','pcs',36.000,2917.000,4490.000),(79,18172,'803068640','BTL AIR HS 600ML,OSC','pcs',12.000,7959.000,12490.000),(79,18173,'803068642','BTL AIR PANDA 500CC,OSC','pcs',12.000,9542.000,14990.000),(79,18174,'803068644','BTL COOL POT MCKY (M),OSC','pcs',12.000,2834.000,4490.000),(79,18175,'803068645','BTL COOL POT MCKY (L),OSC','pcs',12.000,3417.000,5490.000),(79,18176,'803068646','BTL COOL POT ALPINE,OSC','pcs',12.000,3917.000,6490.000),(79,18177,'803068647','BTL COOL POT BONIA (L),OSC','pcs',18.000,6542.000,10490.000),(79,18178,'803068648','BTL COOL POT BOSTON (M),OSC','pcs',18.000,4584.000,7490.000),(79,18179,'803068649','GLS FAMILY TW-CT 23,OSC','pcs',36.000,5417.000,8490.000),(79,18180,'803068651','MUG TTP ASV TINGGI,OSC','pcs',12.000,4584.000,7490.000),(79,18181,'803068652','BTL AIR H.KITTY,OSC','pcs',12.000,2917.000,4490.000),(79,18182,'803068653','GLS TTP LEMONY,OSC','pcs',60.000,2792.000,4490.000),(79,18183,'803068654','GLS TTP HOKIE MTF,OSC','pcs',9.000,3250.000,4990.000),(79,18184,'803068655','GLS JUICE BENING,OSC','pcs',20.000,5417.000,8490.000),(79,18185,'803068656','GLS STAND SEGI,OSC','pcs',12.000,6750.000,10490.000),(79,18186,'803068657','GLS STAND BLT,OSC','pcs',12.000,6750.000,10490.000),(79,18187,'803068658','GLS STAND OVALE,OSC','pcs',12.000,6750.000,10490.000),(79,18188,'803068659','CNTNG HAWAI 5590,OSC','pcs',20.000,2500.000,3990.000),(79,18189,'803068660','CTKN ES PUP WRN,OSC','pcs',8.000,2584.000,3990.000),(79,18190,'803068662','CTKN ES SEGI ASV,OSC','pcs',36.000,5334.000,8490.000),(79,18191,'803068663','CTKN ES STRAWBERRY,OSC','pcs',18.000,5709.000,8990.000),(79,18192,'803068664','CTKN ES LILIN,OSC','pcs',24.000,2500.000,3990.000),(79,18193,'803068665','CTKN CKLT KERANG,OSC','pcs',12.000,5500.000,8490.000),(79,18194,'803068666','CTKN ES STARMOON,OSC','pcs',12.000,6042.000,9490.000),(79,18195,'803068668','SKT BTL 2 PCS BUSA,OSC','pcs',12.000,5000.000,7990.000),(79,18196,'803068670','SKT CC PGG HAWAI 7002,OSC','pcs',12.000,9834.000,15490.000),(79,18197,'803068671','SKT CC NELSON CKLT,OSC','pcs',24.000,2667.000,3990.000),(79,18198,'803068672','SKT CC NELSON WRN,OSC','pcs',24.000,2500.000,3990.000),(79,18199,'803068673','STK CC GBU WRN,OSC','pcs',12.000,3125.000,4990.000),(79,18200,'803068674','SKT WC CATALIA,OSC','pcs',3.000,14500.000,22490.000),(79,18201,'803068675','KAPSTOK KAYU,OSC','pcs',18.000,2500.000,4490.000),(79,18202,'803068676','HNGR LOVENIA HTM PRESS,OSC','pcs',12.000,6625.000,10490.000),(79,18203,'803068677','HNGR MONA WRN (B),OSC','pcs',12.000,7834.000,12490.000),(79,18204,'803068678','GYNG TRIXY WRN,OSC','pcs',12.000,2750.000,4490.000),(79,18205,'803068679','KACA INNOVA,OSC','pcs',2.000,27000.000,41990.000),(79,18206,'803068680','KACA FRENZY,OSC','pcs',3.000,13334.000,20990.000),(79,18207,'803068681','KACA FANTASI,OSC','pcs',2.000,33000.000,50990.000),(79,18208,'803068682','KACA KMR MNDI RWX,OSC','pcs',6.000,12167.000,18990.000),(79,18209,'803068683','KACA KMR MNDI JM-88,OSC','pcs',6.000,14000.000,21990.000),(79,18210,'803068684','KACA SERBAGUNA,OSC','pcs',2.000,25000.000,38490.000),(79,18211,'803068689','KERANJANG VIOLA SEGI,OSC','pcs',12.000,4167.000,6490.000),(79,18212,'803068691','KERANJANG VIOLA BLT,OSC','pcs',12.000,3667.000,5990.000),(79,18213,'803068692','KERANJANG VIOLA LOVE,OSC','pcs',12.000,3417.000,5490.000),(79,18214,'803068693','KERANJANG MABELL,OSC','pcs',12.000,3625.000,5990.000),(79,18215,'803068694','KERANJANG TEXAS (B),OSC','pcs',12.000,5584.000,8990.000),(79,18216,'803068696','KERANJANG TRIXY,OSC','pcs',12.000,6750.000,10490.000),(79,18217,'803068697','KERANJANG BP OVALE,OSC','pcs',12.000,3750.000,5990.000),(79,18218,'803068698','KITCHEN SET AYAKA S/2,OSC','pcs',6.000,12334.000,19990.000),(79,18219,'803068699','KITCHEN SET AYAKA S/4,OSC','pcs',6.000,19584.000,29990.000),(79,18220,'803068700','KITCHEN SET HAWAI 3011,OSC','pcs',12.000,12334.000,18990.000),(79,18221,'803068702','KITCHEN SET HAWAI 3018,OSC','pcs',6.000,21000.000,32490.000),(79,18222,'803068703','KITCHEN SET ASV AROMA,OSC','pcs',6.000,17417.000,26990.000),(79,18223,'803068704','KITCHEN SET ASV CELIA,OSC','pcs',6.000,8417.000,12990.000),(79,18224,'803068705','KITCHEN SET NATASHA,OSC','pcs',12.000,15500.000,23990.000),(79,18225,'803068706','TP,SNDK NIKITA,OSC','pcs',3.000,17000.000,26490.000),(79,18226,'803068707','TP,SNDK RANDY,OSC','pcs',18.000,5917.000,9490.000),(79,18227,'803068708','TP,SNDK SIENNA,OSC','pcs',12.000,6250.000,9990.000),(79,18228,'803068710','TP,SNDK ASV MARLON,OSC','pcs',12.000,14084.000,21990.000),(79,18229,'803068711','TP,SNDK ASV MELODY,OSC','pcs',12.000,7250.000,11490.000),(79,18230,'803068713','TP,SNDK KAYLA,OSC','pcs',24.000,2667.000,4490.000),(79,18231,'803068714','TP,SNDK KRISTA,OSC','pcs',12.000,5667.000,8990.000),(79,18232,'803068715','TP,SNDK ASV GINZA,OSC','pcs',12.000,4417.000,6990.000),(79,18233,'803068716','TP,SBN ADELIA,OSC','pcs',12.000,2500.000,3990.000),(79,18234,'803068717','TP,SBN GBU WRN,OSC','pcs',12.000,1750.000,2990.000),(79,18235,'803068718','TP,SBN SEGI GLF 7103,OSC','pcs',12.000,3834.000,5990.000),(79,18236,'803068719','TP,SBN OVALE GLF 7102,OSC','pcs',12.000,3834.000,5990.000),(79,18237,'803068722','THERMOST HARMONY SIP-336,OSC','pcs',6.000,32000.000,47990.000),(79,18238,'803068723','THERMOST VINCERO SIP-224,OSC','pcs',6.000,27750.000,41990.000),(79,18239,'803068724','OMPRENG DORAEMON,OSC','pcs',12.000,2584.000,3990.000),(79,18240,'803068726','OMPRENG H.KITTY,OSC','pcs',12.000,3167.000,4990.000),(79,18241,'803068727','OMPRENG VIONA,OSC','pcs',12.000,4584.000,7490.000),(79,18242,'803068728','OMPRENG HERO 8169,OSC','pcs',12.000,4417.000,6990.000),(79,18243,'803068729','OMPRENG MOBIL,OSC','pcs',12.000,4584.000,7490.000),(79,18244,'803068730','OMPRENG MATAHARI,OSC','pcs',12.000,4584.000,7490.000),(79,18245,'803068731','OMPRENG NADYA,OSC','pcs',12.000,6084.000,9490.000),(79,18246,'803068732','OMPRENG CALISTA JMB,OSC','pcs',12.000,4000.000,6490.000),(79,18247,'803068733','OMPRENG SUNRISE,OSC','pcs',36.000,3084.000,4990.000),(79,18248,'803068734','OMPRENG HERO 1010,OSC','pcs',24.000,4334.000,6990.000),(79,18249,'803068735','TP,TISSUE ROMEO,OSC','pcs',12.000,2834.000,4490.000),(79,18250,'803068737','TP,TISSUE SEGI PUP 179,OSC','pcs',12.000,8834.000,13990.000),(79,18251,'803068738','TP,TISSUE SEGI PUP 180,OSC','pcs',12.000,7500.000,11990.000),(79,18252,'803068739','TP,TISSUE SEGI CORAL (L),OSC','pcs',6.000,9000.000,13990.000),(79,18253,'803068740','TP,TISSUE SEGI CORAL (S),OSC','pcs',6.000,8375.000,12990.000),(79,18254,'803068741','TP,TISSUE DADU LEMONY,OSC','pcs',6.000,6084.000,9490.000),(79,18255,'803068742','EMBER HERO WRN 4GL,OSC','pcs',12.000,8500.000,13490.000),(79,18256,'803068743','EMBER HTM 18,OSC','pcs',25.000,5500.000,8490.000),(79,18257,'803068744','EMBER HERO WRN 3GL,OSC','pcs',7.000,6750.000,10490.000),(79,18258,'803068745','EMBER TAIWAN 3GL,OSC','pcs',12.000,17417.000,26990.000),(79,18259,'803068746','FLDNG HNGR BENETA 30 STICK,OSC','pcs',8.000,21750.000,33490.000),(79,18260,'803068747','RAK SPTU S/3 TS,OSC','pcs',10.000,20000.000,30990.000),(79,18261,'803068748','RAK SPTU S/4 TS,OSC','pcs',4.000,25000.000,38490.000),(79,18262,'803068749','RAK SPTU S/5 TS,OSC','pcs',3.000,30000.000,46490.000),(79,18263,'803068750','RAK WITA S/3 SEGI ORI,OSC','pcs',6.000,17334.000,26990.000),(79,18264,'803068751','RAK WITA S/3 SEGI3 ORI,OSC','pcs',3.000,17334.000,26990.000),(79,18265,'803068752','RAK WITA S/3 OVALE ORI,OSC','pcs',6.000,17334.000,26990.000),(79,18266,'803068753','RAK WITA S/3 SEGI,OSC','pcs',6.000,14250.000,21990.000),(79,18267,'803068754','RAK WITA S/3 SEGI3,OSC','pcs',4.000,14250.000,21990.000),(79,18268,'803068755','RANTANG ASVITA S/2,OSC','pcs',6.000,20000.000,30990.000),(79,18269,'803068756','RANTANG ASVITA S/4,OSC','pcs',6.000,32500.000,49990.000),(79,18270,'803068757','PERASAN JRK HOMMY 5050,OSC','pcs',6.000,7750.000,11950.000),(79,18271,'803068759','BASKOM CANTIK 1600,OSC','pcs',6.000,12500.000,19490.000),(79,18272,'803068760','BASKOM CANTIK 1200,OSC','pcs',8.000,4500.000,6990.000),(79,18273,'803068761','BASKOM CANTIK 2000,OSC','pcs',4.000,15500.000,23990.000),(79,18274,'803068762','BASKOM KMT 10,OSC','pcs',18.000,2417.000,3990.000),(79,18275,'803068763','BASKOM KMT 14,OSC','pcs',18.000,6000.000,9490.000),(79,18276,'803068764','BASKOM KMT 12,OSC','pcs',12.000,3917.000,6490.000),(79,18277,'803068765','BASKOM KMT 16,OSC','pcs',18.000,7500.000,11990.000),(79,18278,'803068766','BASKOM KMT ELG 18,OSC','pcs',18.000,6042.000,9490.000),(79,18279,'803068767','BASKOM LEMONY 12,OSC','pcs',12.000,4625.000,7490.000),(79,18280,'803068768','BASKOM LEMONY 14,OSC','pcs',12.000,6375.000,9990.000),(79,18281,'803068769','BASKOM TRIXY 305,OSC','pcs',18.000,7250.000,11490.000),(79,18282,'803068770','BASKOM TRIXY 306,OSC','pcs',12.000,3584.000,5990.000),(79,18283,'803068772','BTL COOL POT MCKY (S),OSC','pcs',6.000,2084.000,3490.000),(79,18284,'803068773','TOPLES BLT GOLDEN,OSC','pcs',18.000,11000.000,16990.000),(79,18285,'803068774','TP,SNDK SMILE GOLDEN,OSC','pcs',18.000,9500.000,14990.000),(79,18286,'803068775','MK ONALGO 1302 (B),OSC','pcs',36.000,2334.000,3990.000),(79,18287,'803068776','MK ONALGO 1301 (K),OSC','pcs',36.000,1500.000,2490.000),(79,18288,'803068777','KITCHEN SET ASV NIKMAT,OSC','pcs',12.000,12834.000,19990.000),(79,18289,'803068778','BTL KECAP NP 550ML,OSC','pcs',30.000,2500.000,3990.000),(79,18290,'803068779','GYNG LOVE TAIWAN (K),OSC','pcs',24.000,3750.000,5990.000),(84,18302,'145105134','PILUS GARUDA RASA KEJU 95 GR','pcs',6.000,3886.000,4300.000),(83,18297,'111115829','CLEAR SHMP ICE MNTHL NTRM 170','pcs',8.000,18115.000,21000.000),(83,18298,'112115161','B&B SHMP KIWI MELON 200ML','pcs',3.000,0.000,14300.000),(83,18299,'116115216','NATUR TONIK EXTRA GINGSENG 125','pcs',7.000,24088.000,27690.000),(83,17704,'132115092','GIV SOAP BENGKOANG 80GR','pcs',20.000,1641.000,1900.000),(83,18300,'132120245','SOKLIN SOFTNR TWLGHT BLUE RF 300','pcs',3.000,7056.000,8150.000),(83,18296,'159105086','NESTLE CERELAC BR&S 120G','pcs',4.000,13230.000,14690.000),(80,18293,'132115031','CIPTADENT PG FRESH MINT 75GR','pcs',72.000,2474.000,2850.000),(80,18292,'132115070','CIPTADENT PG COOL MINT 75G','pcs',72.000,0.000,3000.000),(80,1815,'132115104','KODOMO PG STRAWBERRY 50G','pcs',36.000,0.000,4700.000),(80,1816,'132115105','KODOMO PG ANGGUR 45GR','pcs',36.000,0.000,4700.000),(80,18291,'132115106','KODOMO PG JERUK 45G','pcs',36.000,3626.000,4700.000),(80,1817,'132115107','CIPTADENT PG ICE MINT 75GR','pcs',72.000,0.000,3000.000),(80,1826,'132115122','CIPTADENT PG FRESH MINT 120 GR','pcs',48.000,0.000,4700.000),(80,16205,'132115145','CIPTADENT ICE MINT 120GR','PCS',48.000,4410.000,5200.000),(80,18294,'132115150','CIPTADENT PG COOL MINT 190 G','pcs',48.000,0.000,7700.000),(80,1962,'132120033','SOKLIN SOFTERGENT PINK 1KG','pcs',24.000,0.000,14500.000),(80,2029,'132120138','SOKLIN LANTAI MARINE 800 ML','pcs',12.000,0.000,9400.000),(80,2037,'132120152','SOFTENER SOKLIN UNGU 900ML','pcs',12.000,0.000,11000.000),(80,2039,'132120161','SOKLIN LIQUIT VIOLET 800ML','pcs',6.000,0.000,15700.000),(80,2051,'132120181','SOFTENER SOKLIN PINK 900 ML','pcs',12.000,0.000,11000.000),(80,2053,'132120184','SOFTENER SOKLIN KUNING 900 ML','pcs',12.000,0.000,11000.000),(80,2082,'132120251','SOKLIN LIQUID POUCH 800ML','pcs',6.000,0.000,15700.000),(80,2096,'132120292','SOKLIN LIQUID SOFTERGENT 250ML','pcs',18.000,0.000,4650.000),(85,18303,'132115125','CIPTADENT SKT GG CRYTAL 3 PCS','pcs',15.000,5169.000,6200.000),(85,18307,'136120027','KIT MOTOR SHMP 3X15ML','pcs',5.000,1163.000,3400.000),(85,18304,'142115096','VIVA FACE TNC SPIRULINA 100ML','pcs',9.000,0.000,5500.000),(86,18305,'111115563','ZWITSAL PWDR SOFT FLORAL 100G','pcs',3.000,5051.000,6800.000),(86,18306,'112115713','B&B HAIR&BODY WASH CLEAN 280ML','pcs',3.000,0.000,20300.000),(87,16303,'112115154','MASTER SPALSH CLGN COOL 150ML','pcs',11.000,11000.000,12650.000),(88,18309,'803047001','SNDL KKP TBL BLINK,SNT','pcs',5.000,25000.000,37950.000),(88,18310,'803047002','SNDL JPT IRSOE GESP (K),SNT','pcs',6.000,15000.000,22950.000),(88,18311,'803047003','SNDL KKP LANDIA MUTE,SNT','pcs',5.000,20000.000,29950.000),(88,18312,'803047004','SNDL BAPAU ENTENG (K),SNT','pcs',5.000,15000.000,22950.000),(88,18313,'803047005','SNDL JPT TBL SEMANGKA (K),SNT','pcs',6.000,15000.000,22950.000),(88,18314,'803047006','SNDL JPT JELLY MUTE,SNT','pcs',5.000,15000.000,22950.000),(88,18315,'803047007','SPTU BOOT (T),SNT','pcs',5.000,17000.000,24950.000),(88,18316,'803047008','SPTU BOOT (K),SNT','pcs',5.000,16000.000,24950.000),(88,18317,'803047009','SNDL JPT SEMANGKA (K),SNT','pcs',5.000,12000.000,17950.000),(88,18318,'803047010','SNDL JPT BANANA (K),SNT','pcs',6.000,15000.000,22950.000),(88,18319,'803047013','SNDL JPT HK BUNGA (K),SNT','pcs',10.000,16000.000,24950.000),(88,18320,'803047014','SNDL KKP MICKEY (K),SNT','pcs',5.000,15000.000,22950.000),(88,18321,'803047017','SNDL BUNYI SOL PTH (K),SNT','pcs',20.000,7000.000,9950.000),(88,18322,'803047018','SNDL JPT ENTENG LAKOKA (K),SNT','pcs',10.000,13000.000,19950.000),(88,18323,'803047019','SNDL KKP ENTENG INKAYNI,SNT','pcs',6.000,17000.000,24950.000),(88,18324,'803047020','SNDL JPT ENTENG GOLFER,SNT','pcs',12.000,18000.000,24950.000),(88,18325,'803047021','SNDL JPT RDC SLR (T),SNT','pcs',5.000,15000.000,22950.000),(88,18326,'803047022','SNDL KKP RHINO (K),SNT','pcs',5.000,16000.000,24950.000),(88,18327,'803047023','SNDL JPT TAYO (K),SNT','pcs',10.000,12000.000,17950.000),(88,18328,'803047024','SNDL KKP TAYO (T),SNT','pcs',5.000,17000.000,24950.000),(88,18329,'803047025','SNDL JPT DURI GOLDWIN,SNT','pcs',6.000,16667.000,24950.000),(88,18330,'803047026','SNDL JPT TAYO TBT (T),SNT','pcs',10.000,13000.000,19950.000),(88,18331,'803047027','SNDL JPT TAYO TBT (K),SNT','pcs',5.000,12000.000,17950.000),(88,18332,'803047030','SNDL JPT CWE RDC MUTE,SNT','pcs',5.000,18000.000,24950.000),(88,18333,'803047031','SNDL JPT CWE GLASS,SNT','pcs',5.000,18000.000,24950.000),(88,18334,'803047032','SNDL JPT IPANEMA YMD (B),SNT','pcs',6.000,23000.000,34950.000),(88,18335,'803047033','SPTU KRT ATT (B),SNT','pcs',6.000,19500.000,29950.000),(88,18336,'803047034','SPTU KRT ATT (B),SNT','pcs',6.000,23000.000,34950.000),(88,18337,'803047035','SPTU SLOP KRT ATT,SNT','pcs',6.000,23000.000,34950.000),(88,18338,'803047036','SPTU SLOP SANKYO KRT,SNT','pcs',6.000,18000.000,24950.000),(88,18339,'803047037','SNDL JPT DURI SUNLUX,SNT','pcs',6.000,10000.000,14950.000),(88,18340,'803047038','SNDL JPT DURI GLISTEN,SNT','pcs',6.000,16667.000,24950.000),(88,18341,'803047039','SNDL JPT DURI NIKITA,SNT','pcs',6.000,12500.000,18950.000),(88,18342,'803047040','SNDL JPT DURI SUNLUX,SNT','pcs',6.000,10834.000,16950.000),(88,18343,'803047041','SNDL JPT SPON BULU 26/30,SNT','pcs',5.000,8000.000,9950.000),(88,18344,'803047042','SNDL JPT SPON BULU 36/40,SNT','pcs',5.000,7000.000,9950.000),(88,18345,'803047043','SNDL JPT SPON LAKI (B),SNT','pcs',10.000,7000.000,9950.000),(89,344,'111115164','TRESEMME SHP SMOOTH&SHINE 170M','PCS',12.000,21200.000,20150.000),(89,18347,'111115305','CLEAR MEN DEEP CLEANSE 170ML','PCS',6.000,21250.000,20790.000),(89,389,'111115583','TRESEMME COND KRTN SMOOT 170M','PCS',6.000,21100.000,22400.000),(89,403,'111115697','CITRA BW LSTNG PEARLY RF 220ML','PCS',12.000,10500.000,11400.000),(89,18350,'111115711','TRESEME SHMP SMOTH&SHINE 340ML','PCS',3.000,39200.000,34290.000),(89,434,'111115929','LIFEBUOY S.ANTI-HAIR FALL 70ML','PCS',6.000,6700.000,7000.000),(89,15188,'111115955','LIFEBUOY AD MILK FORMULA 70ML','PCS',24.000,6700.000,6400.000),(89,15203,'132115032','GIV BEAUTY SOAP OLIVE OIL 80 G','PCS',24.000,1666.000,1900.000),(89,1779,'132115033','NUVO FAMILY S/MND BIRU 80 GR','PCS',48.000,1666.000,2000.000),(89,1781,'132115035','NUVO FAMILY S/MND HIJAU 80 GR','PCS',48.000,1666.000,2000.000),(89,1805,'132115080','GIV SABUN ELEGANT','PCS',24.000,1666.000,1900.000),(89,1807,'132115082','GIV SABUN ROMANTIC 80GR','PCS',24.000,1666.000,1900.000),(89,16822,'132115084','GIV BEAUTY SOAP GREEN TEA 80 G','PCS',24.000,1666.000,1900.000),(89,15198,'132115085','GIV BEAUTY SOAP SILKY SKIN','PCS',24.000,1666.000,1900.000),(89,17704,'132115092','GIV WHITE BENGKOANG SOAP 80GR','PCS',24.000,1666.000,1900.000),(89,1812,'132115093','GIV WHITE PAPAYA SOAP 80GR','PCS',24.000,1666.000,1900.000),(89,1834,'132115136','GIV BW PAPAYA PCH 250ML','PCS',6.000,9310.000,10600.000),(89,1849,'132115161','GIV WHITE PEARL SCRUB 80G','PCS',24.000,1666.000,1900.000),(89,1889,'132115266','GIV BW PURE WHITE 250ML','PCS',6.000,9310.000,10600.000),(89,1899,'132115295','NUVO FAMILY REFF NATURE 450ML','PCS',6.000,15680.000,17800.000),(89,1900,'132115296','NUVO FAMILY REF ENERGIZING 450','PCS',6.000,15680.000,17800.000),(89,1917,'132115325','SOKLIN PARPUM POCH 800ML','PCS',6.000,14528.000,15700.000),(89,1982,'132120062','SO KLIN LNTAI PINE BOTOL 450ML','PCS',6.000,5946.000,6300.000),(89,1985,'132120065','SO KLIN LNTAI MARINE BTOL 450M','PCS',6.000,5946.000,5350.000),(89,1987,'132120067','SO KLIN LNTAI LMON BOTOL 450ML','PCS',5.000,5946.000,6300.000),(89,2002,'132120093','CLING PMBRSH KC LEMON REF 425M','PCS',12.000,0.000,3350.000),(89,2003,'132120094','CLING PMBRSH KC REF OCEAN 425M','PCS',12.000,0.000,3350.000),(89,2031,'132120140','SO KLIN LANTAI LEMON 800 ML','PCS',6.000,0.000,9400.000),(89,2068,'132120208','SOKLIN LANTAI HLDY MD REF 800M','PCS',6.000,0.000,9400.000),(89,2075,'132120229','MAMA LEMON REF 80ML','PCS',50.000,760.000,990.000),(89,18376,'132120248','CLINGPMBRSIH KACA LMN 450','PCS',6.000,0.000,7900.000),(89,2090,'132120276','CLING PMBERSIH APPLE FRESH 425','PCS',6.000,0.000,8500.000),(89,2092,'132120279','SOFTENER SO KLN 1X BL GREEN900','PCS',12.000,0.000,24000.000),(89,2093,'132120280','SOFTENER 1X BLAS TW VIOLET900','PCS',6.000,21658.000,24000.000),(89,2095,'132120287','SO KLIN LIQUID REFF 800 ML','PCS',6.000,14528.000,15700.000),(89,2096,'132120292','SOKLIN LIQUID SOFTERGENT 250ML','PCS',17.000,4067.000,4650.000),(89,2101,'132120317','SOKLIN LIQUID VIOLET 250 ML','PCS',17.000,4067.000,4500.000),(89,18383,'132120332','CLING PEMBERSIH OCEAN FRSH 440','PCS',6.000,0.000,7900.000),(89,2124,'132120379','SOKLIN LIQUID MTC BIRU BTL 1LT','PCS',6.000,0.000,24500.000),(89,2130,'132120807','ROYAL SOFT BLUE W.BREEZE 900ML','PCS',6.000,0.000,25400.000),(89,2131,'132120808','ROYAL SOF PURPLE DAWN 900ML','PCS',6.000,0.000,25400.000),(89,2132,'132120809','ROYAL SOF STARRY NIGHT 900ML','PCS',6.000,0.000,25400.000),(89,2133,'132120810','ROYAL SOF HOT SUMMER 900ML','PCS',6.000,0.000,25400.000),(89,15114,'165105005','KIKO ASTRORTED ICE STIK 10X70M','PCS',150.000,4255.000,5200.000),(89,18390,'181120026','SOFTEX MATERNITY 40CM 10PK','PCS',30.000,0.000,17700.000),(89,4169,'181120098','SWEETY PANTS CELANA M.10','PCS',24.000,14470.000,16800.000),(89,18392,'181120100','SWEETY PANTS CELANA XL.8','PCS',24.000,15169.000,18600.000),(89,18393,'181120114','SWEETY PANTS XXL 6+1','PCS',24.000,16100.000,18600.000),(89,4276,'186120001','CHARM BD FIT EXTRA MAXI 32PADS','PCS',15.000,11147.000,11800.000),(89,4280,'186120006','CHARM B.FIT EXTRA MAXI 10 PADS','PCS',48.000,4127.000,4200.000),(89,4281,'186120007','CHARM B.FIT EXTRA MAXI WING 10','PCS',48.000,5962.000,6100.000),(89,4283,'186120009','CHARM BODY FIT EXTRA MAXI 8 PA','PCS',60.000,3270.000,3200.000),(89,4287,'186120013','CHARM BD FIT EXTRA MX WG 20PAD','PCS',24.000,11475.000,11800.000),(89,4361,'190120005','TESSA TP-01 NP FCL TISSUE BAG','PCS',32.000,3886.000,13700.000),(89,4365,'190120013','TESSA TP_2 BARU @ 260SCHT','PCS',38.000,1223.000,11875.000),(89,4367,'190120025','TESSA TISSUE TP-04 300S','PCS',31.000,1536.000,15450.000),(89,4372,'190120032','TESSA TP-05 FCL TISSUE 200SHT','PCS',28.000,1055.000,11390.000),(89,18403,'199120012','POKONA B.PANTS M1','PCS',120.000,0.000,1900.000),(89,18404,'209120002','MAMA  MIA PANTS M1','PCS',120.000,1555.000,1900.000),(89,18405,'209120005','MAMA MIA PANTS L ISI 1','PCS',120.000,1555.000,1900.000),(89,18406,'803120003','SWEETY BROZE PANTS S ISI 1','PCS',100.000,1192.000,1500.000),(90,370,'111115404','CITRA HZLN PEARLY WHT UV CRM40','PCS',3.000,24800.000,25700.000),(90,18530,'111115700','PONDS FW DAY CREAM 10GR','PCS',3.000,0.000,18100.000),(90,412,'111115765','FAIR&LOVELY MULTI VITAMIN 25GR','PCS',3.000,13000.000,13900.000),(90,414,'111115785','PONDS FW DEWY ROSE CRM 10ML','PCS',3.000,0.000,19800.000),(90,18533,'111115786','PONDS FW DEWY ROSE GEL 10G','PCS',3.000,0.000,19800.000),(90,1008,'120115003','PANTENE SHMP HLS&LMUBUT 5@10ML','PCS',45.000,4270.000,5300.000),(90,1010,'120115008','PANTENE SHMP RMBT RSK 6@10ML','PCS',8.000,0.000,5300.000),(90,1011,'120115009','PANTENE SHP DAILY REPAIR 6X10M','PCS',20.000,4270.000,5300.000),(90,1013,'120115016','PANTENE SHMP HTM&PJNG 5@10ML','PCS',13.000,4270.000,5300.000),(90,1415,'125115526','PIXY TWC LIGHT CARAMEL 12.2GR','PCS',3.000,0.000,39000.000),(90,1417,'125115528','PIXY TWC NATURAL PEACH 12.2GR','PCS',3.000,0.000,39000.000),(90,18293,'132115031','CIPTADENT FRESH MINT 75GR','PCS',36.000,2612.000,2850.000),(90,18292,'132115070','CIPTADENT PST GG COOL MINT 75G','PCS',72.000,2612.000,3000.000),(90,1817,'132115107','CIPTADENT ICE MINT A/BKTR 75GR','PCS',36.000,2612.000,3000.000),(90,2746,'144115027','PIXY.TWC NATURAL WHITE REFIL','PCS',3.000,0.000,21000.000),(90,2749,'144115031','PIXY.TWC WHITE CREAM REFIL','PCS',3.000,18400.000,21000.000),(90,17499,'144115036','PIXY.UV WHTNING REFF NATURAL','PCS',3.000,18400.000,21000.000),(90,2889,'147110029','AIR MINUM FROZEN 600ML','PCS',96.000,1136.000,1300.000),(90,3409,'161115016','SHINZUI TWC 03 SILKY BEIGE','PCS',3.000,0.000,53300.000),(90,18548,'161115020','SHINZUI TWC 01 SILKY PINK','PCS',3.000,0.000,53300.000),(90,18549,'161115339','SHINZUI TWC REF SLKY BEIGE 03','PCS',3.000,0.000,32600.000),(90,3796,'171115015','GARNIER LIGHT COMPLETE 20ML','PCS',3.000,0.000,22900.000),(90,18551,'171115031','GARNIER LIGHT CMPLT CREAM 40ML','PCS',3.000,0.000,24125.000),(90,18552,'171115098','GARNIER BB MRCLE SKIN 18ML','PCS',3.000,0.000,15000.000),(90,3810,'171115107','SAKURA DAY CREAM SPF 21 50ML','PCS',3.000,0.000,40500.000),(90,3811,'171115108','SAKURA NIGHT CREAM 50ML','PCS',3.000,0.000,54890.000),(90,3812,'171115109','GARNIER SAKURA NIGHT CRM 20ML','PCS',3.000,0.000,21890.000),(90,18556,'171115130','GARNIER LIGHT COMLETE SPF 19','PCS',3.000,0.000,18690.000),(90,3819,'171115147','GARNIER L.COM SUPER ESENCE 10M','PCS',3.000,0.000,28300.000),(90,18558,'171115158','GARNIER SAKURA WHITE CREAM 18M','PCS',3.000,19400.000,23100.000),(90,3821,'171115163','GARNIER LIGHT COM WS NIGHT 20M','PCS',3.000,0.000,24000.000),(90,3825,'171115167','GAR LIGHT C.WHIT SRM SPF19 50M','PCS',3.000,0.000,54000.000),(90,3826,'171115168','GAR LIGHT COM NIGHT YOGHURT 50','PCS',3.000,0.000,58500.000),(90,3827,'171115169','GAR SAKURA ESSENSE 50ML','PCS',3.000,0.000,72700.000),(90,3828,'171115170','GAR SAKURA WHITE DAY CREAM 40M','PCS',3.000,0.000,37600.000),(90,4638,'211115101','PONDS PURE WHITE FF 50GR','PCS',3.000,14700.000,15400.000),(90,15411,'211115128','PONDS WB SUN DULLNESS 50GR','PCS',3.000,14700.000,16400.000),(90,4651,'211115131','PONDS FE NIGHT CREAM 10GR','PCS',3.000,0.000,18100.000),(90,4652,'211115132','PONDS OIL CONTROL 50GR','PCS',3.000,0.000,13500.000),(90,4654,'211115139','PONDS CLEAR SOLUTIONS 50GR','PCS',3.000,14300.000,14800.000),(90,18569,'803115001','CITRA SAKURA FAIR UV FM 40GR','PCS',3.000,24800.000,27700.000),(91,2292,'138110049','SPRITE BOTOL 390ML','pcs',48.000,0.000,4300.000),(91,2293,'138110050','FANTA STRWBERY BTL 390ML','pcs',48.000,0.000,4300.000),(91,2299,'138110061','ADES AIR MINERAL 600ML','pcs',48.000,0.000,2100.000),(91,2300,'138110071','MINUTE MAID PULPY ALOEVERA350','pcs',12.000,0.000,6300.000),(91,2301,'138110072','AQUARIUS GRAPE FRUIT 500ML','pcs',24.000,0.000,4900.000),(91,2302,'138110074','MINITE NUTRIBOOST STRAWBRY 300','pcs',12.000,0.000,5800.000),(91,2303,'138110079','MINUTE NUTRIBOOST ORANGE 300ML','pcs',12.000,0.000,5800.000),(91,2305,'138110087','FRESTEA JASMINE 300ML','pcs',36.000,0.000,3900.000),(91,2308,'138110094','FRESTEA FRUTCY MARKISA 350ML','pcs',36.000,0.000,3900.000),(91,2309,'138110095','FRESTEA FRUTCY APEL 350ML','pcs',36.000,0.000,3900.000),(91,2310,'138110097','ADES AIR MINERAL 1,5L','pcs',12.000,0.000,4300.000),(91,2312,'138110190','FRESTEA GREAN HONEY 300ML','pcs',36.000,0.000,3900.000),(91,2313,'138110192','MINUTE NUTRIBOOST APPLE 300ML','pcs',12.000,0.000,5800.000),(91,2314,'138110193','MINUTE NUTRIBOOST MANGO 300ML','pcs',12.000,0.000,5800.000),(92,2283,'138110011','FRESTEA MELATI BOTOL 500 ML','pcs',12.000,0.000,5000.000),(92,2284,'138110012','FRESTEA GREEN BOTOL 500ML','pcs',12.000,0.000,5000.000),(92,2288,'138110033','FRESTEA FRUTCY MARKISA.B 500ML','pcs',12.000,0.000,5000.000),(93,2283,'138110011','FRESTEA MELATI BOTOL 500 ML','pcs',84.000,0.000,5000.000),(93,2284,'138110012','FRESTEA GREEN BOTOL 500ML','pcs',84.000,0.000,5000.000),(93,2285,'138110014','FRESTEA FRUTCY APPLE BTL 500ML','pcs',96.000,0.000,5000.000),(93,2288,'138110033','FRESTEA FRUTCY MARKISA.B 500ML','pcs',84.000,0.000,5000.000),(93,2289,'138110034','FRESTEA KLASIK 500ML','pcs',12.000,0.000,5000.000),(93,2291,'138110043','FRESTEA REN.KALORI BTL 500ML','pcs',12.000,0.000,5000.000),(93,2298,'138110060','FRESTEA GREEN HONEY 500ML','pcs',96.000,0.000,5000.000),(94,18571,'709068847','TP,SBN SMILE','pcs',3.000,0.000,5990.000),(94,18570,'710062128','TP,PNSL MGNT CNX 18','pcs',2.000,0.000,24990.000),(94,18572,'712014058','DOMENICO CD 3 IN 1','pcs',7.000,0.000,13950.000),(94,18573,'802061064','J/DD 6511','pcs',1.000,0.000,21971.000),(94,18574,'802067143','SASSY GLS 3 PCS','pcs',3.000,0.000,13960.000),(95,523,'112110036','AIR MINERAL PRISTINE 1500ML','pcs',24.000,0.000,5300.000),(95,524,'112110037','AIR MINERAL PRISTINE 400ML','pcs',48.000,0.000,2000.000),(95,526,'112110039','AIR MINERAL PRISTINE 600ML','pcs',48.000,0.000,2800.000),(95,3620,'167115022','NIVEA DEO INVISIBLE WOMAN 50M','pcs',3.000,0.000,14700.000),(95,3621,'167115023','NIVEA FOR MEN F.F OIL CTRL 50M','pcs',3.000,0.000,15300.000),(95,3622,'167115024','NIVEA FOR MEN WHITE.P F.F 50ML','pcs',3.000,0.000,15000.000),(95,3623,'167115025','NIVEA DEO INVISIBLE MEN 50ML','pcs',3.000,0.000,14700.000),(95,3624,'167115026','NIVEA DEO INVISIBLE WOMAN 25ML','pcs',3.000,0.000,8500.000),(95,3625,'167115027','NIVEA WHITENING FOAM 100ML','pcs',3.000,0.000,18990.000),(95,3626,'167115030','NIVEA DEO INVISIBLE MAN 25ML','pcs',3.000,0.000,8500.000),(95,3630,'167115047','NIVEA FOR MEN FCL SCRUB 100ML','pcs',3.000,0.000,20550.000),(95,3631,'167115054','NIVEA MEN WHITE FOAM 100ML','pcs',3.000,0.000,24600.000),(95,3632,'167115058','NIVEA MEN OIL CNTRL FOAM 100ML','pcs',3.000,0.000,24500.000),(95,3633,'167115064','NIVEA F.MEN FCL WHTENING 50M','pcs',3.000,0.000,12150.000),(95,3634,'167115065','NIVEA F.MEN FCL WHTENING 100ML','pcs',3.000,0.000,20550.000),(95,3635,'167115072','NIVEA ADV WHT VOLCANIC MUD 100','pcs',3.000,0.000,24500.000),(95,3637,'167115085','NIVEA MEN VOLCANIC FOAM 50ML','pcs',3.000,0.000,15300.000),(95,3638,'167115087','NIVEA MEN TTL RECHARGE 100ML','pcs',3.000,0.000,22500.000),(95,3639,'167115088','NIVEA DEO EXTRA WHITENING 50ML','pcs',3.000,0.000,16390.000),(95,3640,'167115089','NIVEA MEN DEO SILVER PROTEC 50','pcs',3.000,0.000,14700.000),(95,3641,'167115090','NIVEA MEN DEO COOL KICK 50ML','pcs',3.000,0.000,14700.000),(95,3642,'167115091','NIVEA DEO DRY COMFORT 50ML','pcs',3.000,0.000,14700.000),(95,3643,'167115092','NIVEA DEO DRY COMFORT 25ML','pcs',3.000,0.000,8500.000),(95,3644,'167115093','NIVEA DEO EXTRA WHITENING 25ML','pcs',3.000,0.000,9000.000),(95,3645,'167115094','NIVEA DEO SILVER PROTECT 25ML','pcs',3.000,0.000,8500.000),(95,3646,'167115098','NIVEA DEO INVISIBLE 50ML','pcs',3.000,0.000,14700.000),(95,3654,'167115121','VIVEA DEODORAN FRESH ACTIVE 50','pcs',3.000,0.000,14000.000),(95,3655,'167115122','NIVEA DEODORANT HAPPY SHAVE 50ML','pcs',3.000,0.000,11500.000),(95,3656,'167115124','NIVE MEN DRAY IMPACT 50ML','pcs',3.000,0.000,14700.000),(95,3659,'167115145','NIVEA DEO WHIT SILK TOCH 50 GR','pcs',3.000,0.000,16200.000),(95,3660,'167115146','NIVEA DEO WHITE SILK TOCH 25G','pcs',3.000,0.000,9000.000),(95,3664,'167115154','NIVEA DEO INSVIB BLCK WHT 25ML','pcs',3.000,0.000,8500.000),(95,3665,'167115155','NIVEA MEN DEO DRY IMPAC 25ML','pcs',3.000,0.000,8500.000),(95,3666,'167115156','NIVEA MEN DEO FRESH ACTV 25 ML','pcs',3.000,0.000,8500.000),(95,18575,'167115159','NIVEA K ROL ON NALE 25ML','pcs',3.000,0.000,8000.000),(95,4432,'195105016','BUMAS SANTAN KELAPA MURNI 90ML','pcs',36.000,0.000,3600.000),(95,4608,'209110005','PURU PURU KO R.LCI&MLN 250ML','pcs',120.000,0.000,2900.000),(96,4533,'198125001','CAMPINA CONCERTO CHC PSSN 110M','pcs',36.000,0.000,6600.000),(96,4534,'198125002','CAMPINA SPONGEBOB CHOC BNN 80M','pcs',21.000,0.000,4000.000),(96,4535,'198125003','CAMPINA HEART 85ML','pcs',21.000,0.000,4000.000),(96,4536,'198125004','CAMPINA CONCERTO SUNDAE 110M','pcs',20.000,0.000,7100.000),(96,4537,'198125006','CAMPINA PETIT CHOCOLATE 35 ML','pcs',90.000,0.000,1800.000),(96,4538,'198125008','CAMPINA HULA\"KACANG IJO 50ML','pcs',45.000,0.000,4000.000),(96,4539,'198125009','CAMPINA HULA\"KACANG HITAM 50ML','pcs',45.000,0.000,4000.000),(96,4541,'198125012','CAMPINA NEAPOLITAN 350ML','pcs',2.000,0.000,20000.000),(96,4542,'198125013','CAMPINA BLUEBARRY CHIP 350ML','pcs',2.000,0.000,20000.000),(96,4545,'198125019','CAMPINA PETIT CHOVOMIX 60ML','pcs',36.000,0.000,2800.000),(96,4552,'198125092','CAMPINA FANTASY STROBERI 55ML','pcs',30.000,0.000,2000.000),(96,4553,'198125093','CAMPINA FANTASY JERUK 55ML','pcs',30.000,0.000,2000.000),(96,4554,'198125095','CAMPINA FANTASY RSA APEL 55ML','pcs',30.000,0.000,2000.000),(96,4555,'198125099','CAMPINA HAPPY COW VANILA 85ML','pcs',36.000,0.000,6200.000),(96,4556,'198125100','CAMPINA HAPPY COW MALT BLAST 65ML','pcs',30.000,0.000,3900.000),(96,4557,'198125102','CAMPINA BOLD TIRAMISU COOKIS 110ML','pcs',18.000,0.000,7500.000),(96,4558,'198125103','CAMPINA BOLD STRWBERY COOKIS 110M','pcs',18.000,0.000,7500.000),(96,4559,'198125105','CAMPINA HAPPY COW RAINBOW 55ML','pcs',30.000,0.000,3200.000),(96,4560,'198125106','CAMPINA PATRICK STICK 60 ML','pcs',21.000,0.000,3999.000),(96,18576,'198125110','CAMPINA HULA-HULA PISCOK 5ML','pcs',45.000,0.000,3200.000),(97,300,'111105001','SARIWANGI TEH ASLI 50TC','PCS',24.000,9250.000,10000.000),(97,315,'111105069','SARIWANGI TEH ASLI ISI 100`S','PCS',11.000,18500.000,18350.000),(97,18580,'111115018','PONDS WHITE BTY SHK&CLN 100ML','PCS',6.000,16200.000,17050.000),(97,18581,'111115025','ZWITSAL BABY BATH MILK&HONEY 4','PCS',4.000,26650.000,29500.000),(97,340,'111115117','CLOSEUP MENTOL CHILL 110G','PCS',48.000,9500.000,10600.000),(97,358,'111115296','PONDS WHITE LIGHTENING TONER','PCS',6.000,17600.000,19700.000),(97,372,'111115414','CITRA H&B LASTING GLOW 120ML','PCS',12.000,9400.000,10000.000),(97,381,'111115459','ZWITSAL MINYAK TELON 100ML','PCS',6.000,25000.000,27500.000),(97,18586,'111115479','FAIR&LOVELY MLTI.VIT CREAM 50G','PCS',4.000,24000.000,20850.000),(97,18587,'111115488','CITRA HBL PEARLY WHT 400ML','PCS',3.000,25800.000,28400.000),(97,18588,'111115511','ZWITSAL BBY PWDR FRESH FLO 300','PCS',4.000,14550.000,13450.000),(97,15153,'111115553','ZWITSAL B.SOAP HYPO-ALLER80','PCS',12.000,3150.000,3500.000),(97,18590,'111115555','ZWITSAL BABY SHAMPOO CLASIC100','PCS',6.000,8350.000,9300.000),(97,18591,'111115561','ZWITSAL KIDS SHMP STRWBRY 180M','PCS',6.000,12050.000,12800.000),(97,18305,'111115563','ZWITSAL POW SOFT FLORAL 100G','PCS',6.000,6300.000,6800.000),(97,15155,'111115565','ZWITSAL SOAP NATURAL 80G','PCS',12.000,3150.000,3500.000),(97,392,'111115606','ZWITSAL PWDR WITH ZINC 100GR','PCS',6.000,6900.000,7500.000),(97,17351,'111115648','ZWITSAL BB BATH MILK&HNY 250ML','PCS',6.000,18000.000,19900.000),(97,399,'111115689','VASELINE MEN FACE H.WHITE 100G','PCS',6.000,22650.000,23300.000),(97,18597,'111115768','CLEAR HAIR STYLING CREAM 100GR','PCS',6.000,9700.000,8890.000),(97,18598,'111115781','ZWITSAL HAIR LOT AVKS 200ML','PCS',6.000,30150.000,33700.000),(97,415,'111115796','CITRA NIGHT WHITENING 250ML','PCS',6.000,19600.000,18300.000),(97,422,'111115836','CLEAR SHP ANTI HAIR FALL 170 M','PCS',6.000,19900.000,23200.000),(97,18601,'111115861','ZWITSAL SHP BABY NATURAL 300ML','PCS',3.000,20000.000,21300.000),(97,430,'111115894','VASELINE FACE WASH ACNE 100G','PCS',6.000,22650.000,25000.000),(97,435,'111115944','LIFEBUOY SHP HAIR FALL 170ML','PCS',12.000,14150.000,15500.000),(97,446,'111115983','FAIR& LOVELY CREAM 9G','PCS',48.000,3100.000,2999.000),(97,18605,'211115048','REXONA M.SENSE PASSION 48H','PCS',6.000,13550.000,14600.000),(97,15406,'211115050','REXONA M.SENSE NATURALS 48H','PCS',6.000,14900.000,16100.000),(97,18607,'211115066','REXONA A.WHITENING 25 ML','PCS',6.000,7450.000,8000.000),(97,18608,'211115099','LIFEBUOY TOTAL10 60ML','PCS',48.000,2550.000,2500.000),(97,18609,'211115135','ZWITSAL CLASIC BABY SOAP 4X80G','PCS',8.000,11450.000,13000.000),(97,18610,'211115144','PONDS WB DAY CREAM NRML SKN','PCS',6.000,15200.000,16500.000),(97,18611,'211115168','CLEAR AD SAKURA FRESH SHP 170M','PCS',6.000,19900.000,21400.000),(97,18612,'211115219','CITRA HBL SAKURA 120ML','PCS',12.000,9000.000,10000.000),(97,18613,'211115236','CLEAR SHP NATURAL BLACK 170ML','PCS',6.000,19900.000,21900.000),(97,18614,'211115245','DOVE DEO INVISIBLE DRY RO 24ML','PCS',6.000,15000.000,16900.000),(97,18620,'211115542','LUX BW SAKURA REF 450ML','PCS',6.000,21500.000,24100.000),(97,18621,'211115543','LUX BW SAKURA BTL 250ML','PCS',8.000,17000.000,20100.000),(97,18569,'803115001','CITRA SAKURA FAIR UV FM 40GR','PCS',3.000,24800.000,27700.000),(97,18616,'803115002','CITRA SAKURA FC FOAM 50GR','PCS',6.000,12600.000,14000.000),(97,18617,'803115112','CITRA SAKURA FAIR FC 100G','PCS',3.000,19450.000,22000.000),(97,18618,'803115115','CITRA GRENTEA ANTI ACNE FF 100G','PCS',3.000,19700.000,22000.000),(97,18619,'803115116','CITRA GREENTEA ANTI ACNE FM 40G','PCS',3.000,24800.000,28000.000),(97,18622,'803115123','DOVE GO FRESH WHITENING 40ML','PCS',6.000,7500.000,17600.000),(98,254,'109115107','OMICA SIKAT GIGI PINGUIN','PCS',24.000,6300.000,6500.000),(98,256,'109115110','OMICA SKT GG SMART FAMILY 3IN1','PCS',96.000,7150.000,7400.000),(98,258,'109115112','OMICA SIKAT GIGI HELM 400','PCS',24.000,3500.000,3600.000),(98,259,'109115113','OMICA SIKAT GIGI HELM ZIGZAG','PCS',24.000,2650.000,2700.000),(98,260,'109115118','OMICA SKT GG ZIGZAG CLN EVERY','PCS',24.000,5400.000,5100.000),(98,268,'109115215','OMICA KIDS SIKAT GIGI S-120','PCS',24.000,4200.000,4300.000),(98,269,'109115218','OMICA SKT GIGI S-305','PCS',24.000,5000.000,5000.000),(98,270,'109115219','OMICA SKT GIGI HLM GRN MEDIUM','PCS',24.000,2650.000,2700.000),(98,271,'109115220','OMICA SKT GIGI HELM RED SOFT','PCS',24.000,2650.000,2700.000),(98,272,'109115223','BATHING SPON MANDI G5012','PCS',24.000,13000.000,13300.000),(98,273,'109115224','BATHING SPONGE GRASSLAND F0637','PCS',24.000,11500.000,11800.000),(98,278,'109115250','OMICA SKT GIGI 150 SOF HELM','PCS',24.000,2550.000,2600.000),(98,282,'109115289','OMICA SKT GIGI S.198PG','PCS',24.000,5000.000,5100.000),(98,286,'109115318','OMICA CRYSTAL  SIKT GG S-303','PCS',24.000,5400.000,5500.000),(98,1173,'123105001','INDOMIE GRNG RS IGA PENYET 80G','PCS',200.000,2139.000,2300.000),(98,16135,'123105002','SARIMI GORENG AYM KREMES ISI2','PCS',72.000,2701.000,2900.000),(98,1174,'123105003','SARIMI ISI 2 RASA SOTO 113GR','PCS',72.000,2482.000,2700.000),(98,1178,'123105029','SARIMI ISI 2 BASO SAPI 115G','PCS',72.000,2566.000,2700.000),(98,1181,'123105037','INDOFOOD BMB RACIK SYR LDH 25G','PCS',10.000,1300.000,1400.000),(98,1182,'123105038','INDOFOOD BMB RACIK TUMIS 22G','PCS',10.000,1300.000,1400.000),(98,1187,'123105055','INDOFOOD BMB RACIK AYM GRNG 26','PCS',10.000,1300.000,1500.000),(98,1188,'123105056','INDOFOOD BMB RACIK S.ASEM 33GR','PCS',10.000,1300.000,1500.000),(98,1189,'123105057','INDOMIE RASA SOTO MIE','PCS',200.000,2008.000,2100.000),(98,1190,'123105058','INDOMIE RS AYAM BAWANG 69 G','PCS',200.000,2008.000,2100.000),(98,1191,'123105059','INDOMIE MI GORENG 85 GR','PCS',200.000,2139.000,2300.000),(98,16148,'123105064','SAKURA MI GORENG 50 GR','PCS',200.000,1202.000,1300.000),(98,1193,'123105065','INDOFOOD BMB RACIK N.GORENG 33','PCS',10.000,1300.000,1500.000),(98,1194,'123105066','INDOFOOD BMB RACIK S.SOP 20GR','PCS',10.000,1300.000,1500.000),(98,1195,'123105067','SARIMI ISI 2 AYAM BAWANG 115 G','PCS',72.000,2566.000,2700.000),(98,1200,'123105077','BUMBU RACIK IKAN GORENG 20G','PCS',10.000,1300.000,1500.000),(98,1202,'123105080','INDOMIE RS.KARI AYAM 70 GR','PCS',200.000,2162.000,2300.000),(98,1204,'123105084','POP MIE RASA AYAM 56G','PCS',48.000,3447.000,3700.000),(98,1205,'123105087','SARIMI KARI AYAM ISI 2 115G','PCS',72.000,2566.000,2700.000),(98,16160,'123105090','SUPERMI RS AYAM BAWANG 70G','PCS',200.000,1953.000,2000.000),(98,16161,'123105091','SARIMI GRNG AYM KCP ISI 2 115G','PCS',72.000,2701.000,2900.000),(98,1207,'123105099','POP MIE RS KARI AYAM 60GR','PCS',48.000,3447.000,3700.000),(98,16163,'123105103','CAP 3 AYAM MI TELOR KUNING200G','PCS',20.000,3342.000,3700.000),(98,1208,'123105107','REFINA GARAM MEJA 250G','PCS',40.000,2539.000,3100.000),(98,1209,'123105125','POP MIE MN RS BASO.SP CUP 35GR','PCS',48.000,2479.000,2700.000),(98,16167,'123105155','POP MIE MINI RS AYAM.B CUP 35G','PCS',48.000,2479.000,2700.000),(98,1216,'123105222','POP MIE CUP SOTO AYAM 60GR','PCS',48.000,3447.000,3700.000),(98,16172,'123105223','POP MIE MINI SOTO MIE 35GR','PCS',48.000,2479.000,2700.000),(98,16173,'123105227','SARIMI GELAS R.SOTO AYAM 30GR','PCS',120.000,782.000,900.000),(98,16174,'123105229','SARIMI ISI 2 R.TONGSENG AYAM','PCS',72.000,2482.000,2600.000),(98,1218,'123105233','INDOFOOD BMBU RCK NSI GRNG PDS','PCS',10.000,1300.000,1500.000),(98,1219,'123105243','SARIMI ISI 2 RASA GULAI AYAM','PCS',72.000,2566.000,2700.000),(98,1220,'123105247','INDOMIE GORENG SMBL RICA-RICA','PCS',200.000,2139.000,2300.000),(98,1221,'123105248','INDOMIE GORENG R SAMBAL MATAH','PCS',200.000,2139.000,2300.000),(98,18671,'123105259','INAFOOD GOWELL R.VANILA 5X29GR','PCS',12.000,3962.000,4500.000),(98,1224,'123105260','INAFOOD GOWELL R.COKELAT 5X29G','PCS',12.000,3962.000,4500.000),(98,16178,'123105261','MIE SARIMI GELAS R.KRI AYAM 30','PCS',120.000,782.000,900.000),(98,16179,'123105262','SARIMI GELAS R.BASO SAPI 30GR','PCS',120.000,782.000,900.000),(98,1231,'123105282','SUPERMIE EXTRA R.SOTO DGNG 100','PCS',80.000,2044.000,2300.000),(98,1232,'123105283','SUPERMI EXTRA MIE GRNG R.AYM','PCS',80.000,2044.000,2300.000),(98,1233,'123105284','GULA TEBU INDOSUGAR 1 KG','PCS',50.000,11744.000,14000.000),(98,16183,'123105285','SARIMI ISI 2 GRNG IKN TRI PDS','PCS',48.000,1959.000,3000.000),(98,18679,'123110007','INDOMILK VIT CALCIUM 200ML','PCS',30.000,3234.000,2890.000),(98,1242,'123110033','INDOMILK R.MELON MOVE 190ML','PCS',30.000,3234.000,3600.000),(98,1245,'123110036','MILKUAT BLACKCURRANT BTL 70 ML','PCS',60.000,1238.000,1400.000),(98,18682,'123110037','MILKUAT BLACKCURRANT BTL 130ML','PCS',32.000,2153.000,2400.000),(98,2898,'147115018','MINYAK KAYU PTH CAP LANG 60 ML','PCS',12.000,16859.000,17900.000),(98,2899,'147115019','MNYK KAYU PUTIH CAPLANG 30ML','PCS',12.000,8861.000,9400.000),(98,2900,'147115020','MNYK KAYU PUTIH CAPLANG 15ML','PCS',12.000,4858.000,5200.000),(98,18686,'147115023','MINYAK KAYU PTIH CAP LANG 120M','PCS',12.000,31798.000,33700.000),(98,18687,'147115046','CAP LANG KP AROMA THERAPY60ML','PCS',12.000,16859.000,17900.000),(98,18688,'147115047','CAP LANG KP AROMA THERAPY30ML','PCS',12.000,8861.000,9500.000),(98,2916,'147115094','MINYAK KAYU PTIH PLS 8 JM 60ML','PCS',12.000,17661.000,18700.000),(98,3579,'165110004','MILKUAT SUSU RASA JERUK 90 ML','PCS',60.000,1238.000,1350.000),(98,18691,'165110005','MILKUAT SUSU RS STRWBRY 70 ML','PCS',60.000,1238.000,1350.000),(98,4121,'180105052','LUWAK WHITE KOFFIE 20G','PCS',80.000,5313.000,5700.000),(98,18713,'180105201','DESAKU BUMBU KARI 12.5 GR','PCS',6.000,8000.000,8800.000),(98,18714,'180105202','DESAKU BUBUK BALADO 11 GR','PCS',6.000,8000.000,8800.000),(98,18693,'180105219','LUWAK KOPI+GULA TEBU 5X25GR','PCS',20.000,4400.000,4900.000),(98,4266,'186105036','BIHUN GORENG ROSE BRAND 60 GR','PCS',200.000,1361.000,1500.000),(98,4280,'186120006','CHARM B.FIT EXTRA MAXI 10 PADS','PCS',48.000,4127.000,4200.000),(98,4281,'186120007','CHARM B.FIT EXTRA MAXI WING 10','PCS',48.000,5962.000,6100.000),(98,4283,'186120009','CHARM BODY FIT EXTRA MAXI 8 PA','PCS',60.000,3270.000,3200.000),(98,4284,'186120010','MAMY POKO PANTS L 8S','PCS',12.000,17062.000,16300.000),(98,4285,'186120011','MAMY POKO PANTS STNDR M 9PADS','PCS',12.000,17062.000,16300.000),(98,4287,'186120013','CHARM BD FIT EXTRA MX WG 20PAD','PCS',24.000,11475.000,11800.000),(98,4290,'186120031','MAMYPOKO PANTS S 11','PCS',12.000,17062.000,16900.000),(98,4291,'186120032','MAMY POKO PANTS STANDAR XL7','PCS',12.000,17062.000,16300.000),(98,18703,'186120045','MAMYPOKO PANTS STNDRD L20','PCS',8.000,38850.000,37300.000),(98,18704,'186120047','MAMYPOKO PANTS STNDR S22','PCS',8.000,30450.000,32800.000),(98,4351,'187110036','MILKUAT STRWBRY SPLASH 140ML','PCS',32.000,2153.000,1950.000),(98,18706,'187110038','MILKUAT FRESHY JRK MANDARIN140','PCS',32.000,2153.000,1990.000),(98,16302,'803105015','POP MIE RASA AYAM BAWANG 75G','PCS',48.000,3447.000,3900.000),(98,17015,'803105017','BIHUN ROSE BRAND A.BWANG 55G','PCS',200.000,1196.000,1300.000),(98,17016,'803105018','BIHUN ROSE BRAND KLDU AYM 55G','PCS',200.000,1196.000,1300.000),(98,17017,'803105019','BIHUN ROSE BRAND STO AYAM 55G','PCS',200.000,1196.000,1300.000),(98,17018,'803105020','BIHUN ROSE BRAND ASM PEDAS 55G','PCS',200.000,1196.000,1300.000),(98,17019,'803105021','GULA ROSE BRAND 1 KG','PCS',20.000,12568.000,13900.000),(99,297,'110105099','POCKY STRAWBWRRY F 45GR','pcs',72.000,0.000,6600.000),(99,298,'110105100','POCKY CHOCOLATE F 47GR','pcs',60.000,0.000,6600.000),(99,299,'110105101','POCKY MATCHA R.TEH HIJAU 33GR','pcs',28.000,0.000,6900.000),(99,18297,'111115829','CLEAR SHMP ICE MNTHL NTRM 170','pcs',6.000,18115.000,21000.000),(99,2828,'146115058','SIXSENCE CRYSTAL BLUE 100ML','pcs',12.000,0.000,13700.000),(99,2829,'146115059','SIXSENCE DAZZLING PURPLE 100ML','pcs',12.000,0.000,13000.000),(99,2830,'146115060','SIXSENCE FLAMING RED 100ML','pcs',12.000,0.000,13700.000),(99,2831,'146115061','SIXSENCE GLAMOROUS ORANGE 100M','pcs',12.000,0.000,13000.000),(99,2832,'146115062','SIXSENCE ROMANTIE PINK 100ML','pcs',12.000,0.000,13700.000),(99,2834,'146115064','VICTORIA BDY SCNT FABOLOUS 120M','pcs',6.000,0.000,18700.000),(99,2836,'146115067','VICTORIA BDY SCNT GREEN 120ML','pcs',6.000,0.000,16400.000),(99,14963,'146115068','VICTORIA BDY SCNT SOULMATE 120ML','pcs',6.000,0.000,19300.000),(99,18718,'167115007','NIVEA BODY LOTION NIGHT-W 100ML','pcs',3.000,10025.000,11400.000),(99,18717,'167115009','NIVEA LOTION INTENSIVE 100ML','pcs',2.000,7384.000,8400.000),(99,18719,'167115011','NIVEA LOTION WHITENING 100ML','pcs',3.000,9190.000,10400.000),(99,18721,'167115130','NIVEA INSTANT WHITE 200ML','pcs',3.000,0.000,30900.000),(99,18720,'167115151','NIVEA B.LOTION FIRMA&SMOOTH 100ML','pcs',3.000,0.000,11700.000),(100,18726,'801009185','SMOK OB PISANG (L)','pcs',6.000,0.000,32500.000),(100,18728,'801032185','PANDA STL R-BALL PDK','pcs',6.000,0.000,29950.000),(100,18729,'801032186','PANDA STL R-BALL PDK','pcs',6.000,0.000,32500.000),(100,18730,'803006066','GIARU BLUS WRN PDK','pcs',36.000,0.000,34950.000),(100,17888,'803006112','OPTION BLUS KIMONO PJG','pcs',6.000,30000.000,39950.000),(100,18723,'803036048','SAM SWT OBL TAYO','pcs',6.000,0.000,22500.000),(101,18716,'147110002','INACO NATA DE COCO VANILA 360GR','pcs',8.000,5408.000,6190.000),(102,18731,'106105268','SALP 88 8GR','PCS',4.000,0.000,7500.000),(102,17635,'111115002','LUX SOFT PINK SOAP 85G','PCS',24.000,2800.000,3100.000),(102,18733,'111115063','LUX MAGIC SPELL SOAP 85GR','PCS',24.000,2800.000,3100.000),(102,333,'111115066','LUX FRESH SPLASH SOAP 85G','PCS',24.000,2800.000,2850.000),(102,531,'112115002','MASTER COLOGNE PASSION 75 ML','PCS',6.000,0.000,7550.000),(102,532,'112115003','MASTER COLOGNE SPIRIT 75 ML','PCS',6.000,7136.000,8500.000),(102,548,'112115035','ESKULIN COLOGNE GEL ROMANTIC','PCS',6.000,10458.000,13000.000),(102,576,'112115083','ESKULIN COLOGNE GEL BEACH DAY','PCS',6.000,10455.000,13000.000),(102,577,'112115084','ESKULIN SATURDAY 100 ML','PCS',6.000,0.000,13000.000),(102,578,'112115085','ESKULIN COLOGNE GEL SERIOUSDAY','PCS',6.000,10455.000,13000.000),(102,594,'112115114','MASTER SPLASH COL.DYNAMIC','PCS',6.000,0.000,14600.000),(102,614,'112115151','MASTER SPLASH COL.POWER 150ML','PCS',6.000,12136.000,14400.000),(102,16303,'112115154','MASTER SPLASH COL.COOL 150ML','PCS',6.000,12136.000,12650.000),(102,618,'112115156','MASTER SPLASH COL.SPIRIT 150ML','PCS',6.000,12136.000,14600.000),(102,621,'112115162','ESKULIN CHEER THE WRLD SPRY 65','PCS',12.000,8182.000,10200.000),(102,18746,'112115163','ESKULIN WAKE UP GIRLS SPRAY 65','PCS',8.000,8182.000,9600.000),(102,622,'112115164','ESKLIN GOOD NIGHT KISS SPRY 65','PCS',8.000,8182.000,10200.000),(102,623,'112115169','ESKULIN B.SPRAY SHAKE YOUR 65M','PCS',12.000,8182.000,10200.000),(102,15279,'112115201','MASTER SPRAY COL.GRN FUOG 100M','PCS',6.000,11955.000,14200.000),(102,15280,'112115202','MASTER SPRAY COL.ELC AMBER 100','PCS',6.000,11955.000,14200.000),(102,18751,'112115204','MASTER GREEN FOUGERE 50ML','PCS',3.000,0.000,8000.000),(102,635,'112115205','MASTER RED WOOD 50ML','PCS',3.000,0.000,8000.000),(102,642,'112115221','ESKULIN SPRAY SHAKE UNGU 105ML','PCS',5.000,11818.000,14800.000),(102,649,'112115236','ESKULIN SPRY WAKE UP GIRLS105','PCS',4.000,11818.000,13800.000),(102,651,'112115239','ESKULIN SPR CHEER THE WORLD105','PCS',6.000,11818.000,13250.000),(102,18756,'112115269','ESKLN BM SPARKLING YELLOW 125M','PCS',4.000,0.000,17800.000),(102,18757,'112115270','ESKLN BM DAZZLING PURPLE 125ML','PCS',10.000,14273.000,18000.000),(102,18758,'112115271','ESKULIN BM PINK BLOSSOM 125ML','PCS',10.000,14273.000,17800.000),(102,15148,'112115273','ESKULIN BM BLUE TEMPTATION 125','PCS',10.000,14273.000,18000.000),(102,18760,'112115304','ESKULIN S.COL FIRST LOVE 125ML','PCS',6.000,12318.000,14900.000),(102,664,'112115305','ESKULIN S.COL FIRST SIGHT 125M','PCS',6.000,0.000,14490.000),(102,18762,'112115307','ESKULIN S.COL FIRST DATE 70ML','PCS',6.000,6909.000,8600.000),(102,667,'112115309','ESKULIN S.COL FIRST LOVE 70ML','PCS',4.000,6909.000,8600.000),(102,18764,'112115413','EKS. MIST COL.LOVELY FRUIT 125','PCS',6.000,13318.000,16800.000),(102,16315,'112115417','ESK.SPLASH COL.BLOSOM ICE 60ML','PCS',4.000,5727.000,7200.000),(102,713,'112115433','ESKULIN SPLAS COL.BLOSOM ICE','PCS',4.000,12409.000,15700.000),(102,18767,'112115478','ESKULIN COLOGNE RAPUNZEL 60ML','PCS',8.000,5727.000,7200.000),(102,1023,'120115061','VICKS VAPORUB 50G','PCS',3.000,0.000,19800.000),(102,18769,'120115106','VICKS VAPORUB 25G','PCS',3.000,0.000,15900.000),(102,1171,'122115047','DRAGON MNYK URUT LINIMENT 60G','PCS',4.000,0.000,12000.000),(102,1313,'125115002','GATSBY URBAN ENERGY 60ML','PCS',3.000,9473.000,10800.000),(102,1322,'125115057','GATSBY CLGNE SPRAY GAME100M','PCS',4.000,0.000,15600.000),(102,18773,'125115058','GATSBY CLGNE SPRAY SPORT100M','PCS',4.000,0.000,15600.000),(102,18774,'125115098','PUCCELE SUN 150ML','PCS',6.000,14128.000,16200.000),(102,1339,'125115101','PUCCELLE MIST C.ECCENT.BRZ 150','PCS',4.000,0.000,16600.000),(102,1340,'125115104','PUCELLE MIS SPARKING LOVE 75ML','PCS',12.000,9882.000,11300.000),(102,17375,'125115107','PUCELLE MIST CLG JOLLY RHYT 75','PCS',6.000,9882.000,11300.000),(102,16326,'125115108','PUCELLE MIST CLG WAVY OCEAN 75','PCS',12.000,9882.000,11300.000),(102,1356,'125115193','GATSBY S.COLOGNE FOUGERE 175ML','PCS',3.000,13312.000,15000.000),(102,1359,'125115196','GATSBY S.COLOGNE CITRUS 175ML','PCS',4.000,13311.000,15200.000),(102,1382,'125115387','GB URBAN COLGNE INFINITY 125ML','PCS',3.000,15353.000,17500.000),(102,1383,'125115388','GB URBAN COLOGNE FREEDOM 125ML','PCS',3.000,15353.000,17500.000),(102,16811,'125115494','GATSBY URBAN ATTRACTIVE 125','PCS',3.000,15353.000,17500.000),(102,18784,'147115003','CAP LANG MINYAK GANDAPURA 60ML','PCS',4.000,10444.000,10350.000),(102,16321,'147115004','CAP LANG MINYAK GANDAPURA 30ML','PCS',4.000,6132.000,5990.000),(102,2897,'147115006','MAMO MINYAK ANGIN MENTHOL 3 ML','PCS',6.000,3369.000,2450.000),(102,18787,'147115010','BALSEM LANG GOSOK 10GR','PCS',6.000,0.000,3900.000),(102,18788,'147115015','GPU CREAM 250 G','PCS',2.000,0.000,19150.000),(102,18789,'147115017','GELIGA BALSEM OTOT 10 GR','PCS',6.000,3436.000,3720.000),(102,2907,'147115043','KOOLFEVER 1SHT','PCS',6.000,4245.000,6000.000),(102,2908,'147115056','KOOLFEVER BAYI 1 SHEET','PCS',12.000,5795.000,5000.000),(102,2911,'147115065','GELIGA MINYAK OTOT 60ML','PCS',3.000,0.000,22500.000),(102,18793,'178115048','HOT IN CREAM A.THERAPY 120G','PCS',2.000,0.000,20000.000),(102,18794,'178115049','HOT IN CREAM A.THERAPY 60G','PCS',3.000,0.000,13500.000),(102,18795,'178115050','HOT IN CREAM A.TERAPI 60ML','PCS',2.000,0.000,12520.000),(102,18796,'178115051','HOT IN CREAM 60ML','PCS',2.000,0.000,11100.000),(102,18797,'178115052','HOT IN CREAM TUBE 60GR','PCS',3.000,0.000,13275.000),(102,18798,'178115054','HOTIN CREAM TUBE 120GR','PCS',3.000,0.000,22000.000),(102,18799,'178115060','HOT IN CREAM STRONG 120 ML','PCS',2.000,0.000,20000.000),(102,18800,'178115061','HOT IN CREAM STRONG 60GR','PCS',3.000,0.000,13600.000),(102,18801,'178115062','HOT IN CREAM AROMA THERAPY 120','PCS',3.000,0.000,21000.000),(102,4640,'211115107','LIFEBUOY TS COOL FRESH 85GR','PCS',60.000,2500.000,2900.000),(102,4641,'211115109','LIFEBUOY TS MILD CARE 85GR','PCS',60.000,2500.000,2900.000),(102,4642,'211115110','LIFEBUOY TS NATURE PURE 85GRG','PCS',60.000,2500.000,2900.000),(102,4643,'211115111','LIFEBUOY TS VITA PROTECCT 85GR','PCS',60.000,2500.000,2900.000),(102,18806,'211115232','LIFEBUOY TS LEMON FRESH 110 GR','PCS',24.000,3650.000,4000.000),(102,18807,'803035195','NISHIKAWA F/S BABY (T)','pcs',24.000,19584.000,26500.000),(102,18808,'803035196','NISHIKAWA F/S BABY (K)','pcs',36.000,15000.000,19950.000),(102,18809,'803035197','NISHIKAWA F/S BABY (B)','pcs',12.000,28750.000,38500.000),(102,18810,'803115120','LUX SAKURA DREAM TS 60G','PCS',36.000,1800.000,2000.000),(103,2562,'143115001','MITU B S/MND LVNG CR REF 200ML','PCS',6.000,11657.000,10850.000),(103,2563,'143115002','MUTI B S/MND LVNG CR BTL 200ML','PCS',6.000,12971.000,14400.000),(103,2564,'143115003','MITU BABY POWDER BTL PINK 200G','PCS',6.000,9488.000,10500.000),(103,16312,'143115012','MITU POWDER PINK 200G','PCS',4.000,5529.000,6100.000),(103,2570,'143115018','MITU BB HAIR LTN NATURAL 100ML','PCS',6.000,13713.000,15500.000),(103,2571,'143115020','MITU BEBY BTL POWDER BLUE 50GR','PCS',6.000,3053.000,3600.000),(103,2572,'143115021','MITU BABY POWDER PINK 50GR','PCS',4.000,3053.000,3500.000),(103,2574,'143115023','MITU BABY SABN MNDI 2IN1 400ML','PCS',4.000,19454.000,18150.000),(103,2577,'143115026','MITU BABY FRESH&CLEAN BLUE 40S','PCS',4.000,6528.000,7600.000),(103,2584,'143120004','FOGO LACI FRESH 15GR','PCS',4.000,3480.000,3800.000),(103,2587,'143120007','HIT LISTRIK ANTI NYAMUK','PCS',3.000,7947.000,8600.000),(103,2589,'143120009','HIT MAT CLASSIC 18+6MAT','PCS',6.000,4908.000,5300.000),(103,17504,'143120011','FOGO LACI FLORAL 15 GR','PCS',12.000,3480.000,3800.000),(103,2590,'143120013','FOGO PENGHRM LMR FLORAL 30','PCS',12.000,5280.000,5800.000),(103,2591,'143120014','FOGO PENGHRM LMR FRESH 30','PCS',12.000,5280.000,5700.000),(103,2592,'143120015','FOGO PENGHRM LMR PRINCESS 30','PCS',12.000,5280.000,5700.000),(103,2598,'143120022','STELLA  A.THERAPY 250ML ROSE','PCS',3.000,12429.000,13500.000),(103,2599,'143120023','STELLA A.THERAPY 250 ML APPLE','PCS',3.000,12429.000,13500.000),(103,2600,'143120024','STELLA A.THERAPY 250ML LEMON','PCS',3.000,12429.000,13500.000),(103,2601,'143120025','STELLA A.THERAPY 250ML ORANGE','PCS',3.000,12429.000,13500.000),(103,2603,'143120027','STELLA A.THERAPY 250ML JASMINE','PCS',3.000,12429.000,13500.000),(103,17506,'143120030','FOGO PENGHRM LMR BREEZE 30','PCS',12.000,5280.000,5600.000),(103,2607,'143120033','HIT AEROSOL ALLVARIANT 275MNEW','PCS',3.000,12992.000,14200.000),(103,2613,'143120040','HIT LISTRIK ISI 48 TANPA ASAP','PCS',4.000,10530.000,10650.000),(103,2617,'143120048','MITU B.CLEAN WIPES REF PINK24S','PCS',6.000,4320.000,4600.000),(103,2618,'143120049','MITU B.CLEAN WIPES REF BLUE24S','PCS',6.000,4320.000,4600.000),(103,2640,'143120081','CAP GAJAH LEM TUBE 100ML','PCS',6.000,13280.000,13000.000),(103,2642,'143120083','HIT AEROSOL REGULER 275ML','PCS',3.000,12992.000,14200.000),(103,2661,'143120115','MITU EXTRA THICK PINK 50S','PCS',8.000,18180.000,19800.000),(103,2662,'143120116','MITU EXTRA THICK BLUE 50S','PCS',8.000,18180.000,19800.000),(103,2663,'143120117','MITU WIPES SENSITIVE 50S','PCS',4.000,14090.000,15800.000),(103,2664,'143120118','MITU WIPES ANTISEPTIC 50S','PCS',4.000,14090.000,15300.000),(103,2673,'143120135','HIT MAGIC FRESH 12L','PCS',24.000,1592.000,1950.000),(103,2674,'143120136','CARRERA SHMP MOBIL REF 800ML','PCS',2.000,6824.000,7450.000),(103,2687,'143120164','HIT ONE PUSH ORANGE 10ML','PCS',3.000,20262.000,22900.000),(103,2690,'143120171','MITU ANTISEPTIC GREEN BTL 60S','PCS',6.000,15048.000,16500.000),(103,2696,'143120180','HIT LILY BLOSSOM 275ML','PCS',3.000,12992.000,14200.000),(103,2720,'143120218','MITU BABY G.POPOK WHITE 50BIGI','PCS',4.000,18180.000,18400.000),(103,2731,'143120235','HIT MAT GREEN TEA 48+6MAT','PCS',6.000,10530.000,11500.000),(103,2733,'143120237','HIT MAT GREEN TEA 18+6MAT','PCS',6.000,4908.000,5300.000),(103,2735,'143120243','HIT EXPERT S.FLOWER 415+85ML','PCS',3.000,25184.000,27400.000),(103,18852,'159105002','DANCOW 1+ MADU 800G','PCS',2.000,80000.000,96000.000),(103,3285,'159105003','DANCOW 1+ RASA MADU 200G','PCS',6.000,20106.000,23100.000),(103,3286,'159105004','DANCOW 1+ SS BBK MADU 400 GR','PCS',3.000,41647.000,47500.000),(103,18855,'159105006','DANCOW 3+ COKLAT 800+80GR','PCS',1.000,78817.000,95000.000),(103,18856,'159105007','DANCOW 3+ MADU 800G','PCS',1.000,78817.000,95000.000),(103,18857,'159105008','DANCOW 3+ RASA MADU 200G','PCS',6.000,19683.000,23600.000),(103,3288,'159105009','DANCOW 3+ RASA MADU 400 GR','PCS',3.000,40380.000,47500.000),(103,15499,'159105016','DANCOW BALITA MADU 1-3 TH 150G','PCS',6.000,11235.000,13500.000),(103,3292,'159105021','DANCOW BATITA RASA MADU 500GR','PCS',6.000,36663.000,40950.000),(103,3293,'159105022','DANCOW BATITA VANILA 150G','PCS',6.000,11066.000,14000.000),(103,3294,'159105023','DANCOW BATITA VANILA 500GR','PCS',3.000,36663.000,43900.000),(103,3295,'159105025','DANCOW BUBUK COKLAT 400 G','PCS',6.000,33453.000,41000.000),(103,18864,'159105029','DANCOW COKLAT 1+ 400GR','PCS',6.000,41647.000,50000.000),(103,14920,'159105030','DANCOW COKLAT 3+ 400 G','PCS',6.000,40380.000,48600.000),(103,18866,'159105031','DANCOW CREAM 200G','PCS',6.000,18501.000,22700.000),(103,3297,'159105037','DANCOW DATITA VANILA 500G','PCS',3.000,36832.000,41500.000),(103,3298,'159105039','DANCOW FULL CREAM 200 GR','PCS',6.000,19092.000,23500.000),(103,18869,'159105040','DANCOW FULL CREAM 400 GR','PCS',3.000,37677.000,43800.000),(103,14921,'159105045','DANCOW INSTANT SS BBK 400 G','PCS',3.000,36748.000,45000.000),(103,3299,'159105046','DANCOW VANILA 3+ 400G','PCS',3.000,40380.000,47500.000),(103,3305,'159105067','LACTOGEN 1 0-6BLN 180GR','PCS',2.000,22479.000,27500.000),(103,18873,'159105068','LACTOGEN 1 UTK  0-6 BLN 350G','PCS',2.000,42892.000,52400.000),(103,14922,'159105072','KOKO KRUNCH SEREAL CKLT 32G','PCS',6.000,5645.000,6600.000),(103,3307,'159105083','NESTLE BBR APEL,JRK,PSNG 120GR','PCS',6.000,7532.000,9200.000),(103,14923,'159105084','NESTLE BERAS MERAH 120G','PCS',6.000,7532.000,9300.000),(103,3308,'159105085','NESTLE CERELAC AYM&BWNG 120GR','PCS',6.000,7532.000,8990.000),(103,18878,'159105091','NESTLE CERELAC TIM AYAM SYR120','PCS',3.000,13641.000,16700.000),(103,3313,'159105095','NESTLE KACANG HIJAU 120G','PCS',6.000,7532.000,9300.000),(103,3314,'159105108','NESTLE CARNATION 370GR','PCS',6.000,7683.000,9500.000),(103,14924,'159105115','DANCOW INSTAN COKLAT 200G','PCS',6.000,16811.000,20600.000),(103,3315,'159105117','LACTOGEN ACTIVGRO 3 MADU 350GR','PCS',2.000,41517.000,51000.000),(103,18883,'159105123','DANCOW 1+ VANILLA 800G','PCS',1.000,80000.000,93000.000),(103,18884,'159105126','DANCOW FULL CREAM FORTIGO 800G','PCS',1.000,71383.000,73800.000),(103,18885,'159105127','DANCOW 1+ MADU 1000G','PCS',2.000,96219.000,108100.000),(103,14925,'159105130','NESTLE MILO COMBO PACK 32G','PCS',6.000,5645.000,6600.000),(103,3317,'159105131','NESTLE HONEY STARS 32G','PCS',6.000,5645.000,6600.000),(103,18888,'159105140','LACTOGEN 1 USIA 0-6 BLN 135GR','PCS',2.000,11901.000,14500.000),(103,18889,'159105141','MILO ACTIVE 3IN1 CKLT SS 300GR','PCS',2.000,26947.000,33000.000),(103,3323,'159105144','NESCAFE GREEN COFFE ISI 5X20GR','PCS',6.000,7765.000,9000.000),(103,18891,'159105146','NESTLE CERELAC BANNA STRBR 50G','PCS',3.000,13839.000,17000.000),(103,3331,'160105005','HEXOS PERMEN RS MINT 5X2.5G','PCS',99.000,1205.000,1500.000),(103,18893,'160105011','JESSCOOL PENYEGAR 6TABLET EFF','PCS',12.000,8672.000,10700.000),(103,18894,'160105064','PROTECAL DEFENSE EFFERVESCENT','PCS',2.000,24221.000,25600.000),(103,18895,'160105065','PROTECAL SOLID EFFERVESCENT','PCS',2.000,24221.000,25600.000),(103,18896,'160105066','PROTECAL OSTEO EFFERVESCENT','PCS',2.000,25947.000,29700.000),(103,3365,'160115001','KONICARE MINYAK KAYU PUTIH 60M','PCS',16.000,15109.000,20150.000),(103,3366,'160115002','KONICARE MINYAK KAYU PUTIH 30M','PCS',16.000,8938.000,11890.000),(103,14979,'185115012','MISSMAY H&B PEMOGRANATE 600ML','PCS',6.000,16500.000,16000.000),(103,4212,'185115020','MISSMAY HBL RICE MILK 600ML','PCS',6.000,22000.000,17450.000),(103,4213,'185115021','MISSMAY HBL COCONUT MILK 600ML','PCS',6.000,22000.000,17450.000),(103,4214,'185115022','MISSMAY HBL GOATS MILK 600ML','PCS',6.000,22000.000,21300.000),(103,4215,'185115023','MISSMAY HBL MILK HONEY 600ML','PCS',6.000,22000.000,19800.000),(103,4219,'185115030','MISSMAY H&B GREEN TEA 600ML','PCS',6.000,16500.000,14500.000),(103,4220,'185115032','MISSMAY H&B LAVENDER 600ML','PCS',6.000,16500.000,16000.000),(103,4221,'185115033','MISSMAY H&B ORANGE 600ML','PCS',6.000,16500.000,14500.000),(103,4222,'185115034','MISSMAY H&B ROSE 600ML','PCS',6.000,16500.000,14600.000),(103,4223,'185115035','MISSMAY H&B STRWBRY MILK 600ML','PCS',6.000,16500.000,14500.000),(103,4224,'185115036','MISSMAY HAND&BODY BENGKOANG600','PCS',6.000,16500.000,16000.000),(103,4225,'185115041','MISSMAY HBL GOATSMILK BENGKOAN','PCS',6.000,22000.000,21300.000),(103,4226,'185115042','MISSMAY GOATS MILK ROSE BODY','PCS',6.000,22000.000,19800.000),(103,18912,'185115054','CULTUSIA FOR NORMAL HAIR 120ML','PCS',12.000,40000.000,34900.000),(103,18913,'185115079','CULTUSIA FOR COLOURED HAIR 110','PCS',12.000,40000.000,36100.000),(103,18916,'185115129','CUL HAIR VITAMIN NORMAL 10ML','PCS',6.000,7000.000,7800.000),(103,18917,'185115130','CULTUSIA HAIR VITAMIN COLOUR 10ML','PCS',18.000,7000.000,6800.000),(103,4713,'221110001','MILKO SEREAL R.COKLAT 200ML','PCS',40.000,4000.000,4500.000),(103,4714,'221110002','MILKO SEREAL KACANG HIJAU 200M','PCS',40.000,4000.000,4500.000),(104,18963,'803038267','TRUCK CNTNR KGP-127 MIKA,HT','pcs',3.000,22500.000,33990.000),(104,18964,'803038268','BLENDER B/O DUZ,HT','pcs',8.000,9000.000,13990.000),(104,18965,'803038270','PANAHAN ARCHER WJS-133,HT','pcs',3.000,13000.000,19990.000),(104,18966,'803038271','BUS TAYO MB-32 KTG,DM','pcs',12.000,17625.000,27490.000),(104,18967,'803038272','TAMAN SAFARI TS-01 KTG,DM','pcs',12.000,21000.000,31490.000),(104,18968,'803038273','MBL POLISI MB-103 KTG,DM','pcs',18.000,12750.000,19990.000),(104,18969,'803038274','BEKO MB-44 KTG,DM','pcs',8.000,23625.000,35490.000),(104,18970,'803038275','TRUCK TRAILER 2 MBL MB-91 KTG,DM','pcs',4.000,44209.000,63490.000),(104,18971,'803038276','FISHING GAME PC-14,DM','pcs',12.000,11750.000,18490.000),(104,18972,'803038277','TRUCK TANGKI GDG MB-28 KTG,DM','pcs',12.000,16584.000,25990.000),(104,18975,'803038278','BONEKA PISANG (S),MAN','pcs',2.000,17500.000,26490.000),(104,18976,'803038279','BONEKA PISANG (M),MAN','pcs',3.000,24500.000,36990.000),(104,18977,'803038280','BONEKA BEAR LOVE (M),MAN','pcs',3.000,21000.000,31490.000),(104,18978,'803038281','BONEKA BEAR LASPO (L),MAN','pcs',3.000,26000.000,38990.000),(104,18979,'803038282','BONEKA BEAR LASPO (XL),MAN','pcs',3.000,35000.000,52490.000),(104,18980,'803038283','BONEKA BABI PITA (S),MAN','pcs',2.000,14500.000,21990.000),(104,18981,'803038284','BONEKA SAPI PITA (M),MAN','pcs',2.000,21500.000,32490.000),(104,18982,'803038285','BONEKA DOLPHIN (S),MAN','pcs',2.000,16000.000,23990.000),(104,18983,'803038286','BOLA KERINCINGAN,MAN','pcs',2.000,10500.000,15990.000),(104,18984,'803038287','BONEKA CINDY ROMPI (S),MAN','pcs',3.000,22000.000,32990.000),(104,18985,'803038288','BONEKA CINDY PRINT,MAN','pcs',2.000,32500.000,48990.000),(104,18986,'803038289','BONEKA BEAR LASPO (M),MAN','pcs',3.000,20000.000,29990.000),(104,18987,'803038291','BONEKA MARIO (S),MAN','pcs',2.000,16000.000,23990.000),(104,18988,'803038292','BONEKA MELODI (L),MAN','pcs',2.000,30000.000,44990.000),(104,18989,'803038295','BONEKA DORAEMON (S),MAN','pcs',3.000,15500.000,23490.000),(104,18990,'803038296','BONEKA DORAEMON (L),MAN','pcs',3.000,25500.000,38490.000),(104,18991,'803038297','BONEKA DORAEMON LOVE (L),MAN','pcs',3.000,27500.000,41490.000),(104,18992,'803038298','BONEKA MARSHA (K),MAN','pcs',2.000,26000.000,38990.000),(104,18993,'803038299','BONEKA DOLL GIRL VISTA,MAN','pcs',1.000,32000.000,47990.000),(104,18994,'803038300','BONEKA UPIN IPIN,MAN','pcs',2.000,15000.000,22490.000),(104,18995,'803038301','BONEKA SPONGE BOB (L),MAN','pcs',2.000,29500.000,44490.000),(104,18996,'803038302','BNTL GULING PALA KRKTR,MAN','pcs',3.000,21000.000,31490.000),(104,18997,'803038303','BONEKA HK LOVE ARI (M),MAN','pcs',2.000,20500.000,30990.000),(104,18998,'803038304','BONEKA HK LOVE ARI (L),MAN','pcs',2.000,30500.000,45990.000),(104,18999,'803038305','BONEKA HK ARI (M),MAN','pcs',2.000,22500.000,33990.000),(104,19000,'803038306','BNTL SEGI CATUR KRKTR,MAN','pcs',2.000,36000.000,53990.000),(104,19001,'803038307','BNTL SEGI PALA KRKTR,MAN','pcs',3.000,34500.000,51490.000),(104,19002,'803038308','BNTL LOVE PELANGI (M),MAN','pcs',1.000,28500.000,42990.000),(104,19003,'803038309','EXCAVATOR MK700,168','pcs',2.000,24000.000,35968.000),(104,19004,'803038310','BEBEK PNCT 6 PCS KTG,168','pcs',6.000,10000.000,15468.000),(104,19005,'803038311','BONEKA LOVELY BABY B/O DUZ,168','pcs',1.000,100000.000,142968.000),(104,19006,'803038312','BONEKA BABY SINGER B/O DUZ,168','pcs',1.000,130000.000,185968.000),(104,19007,'803038313','4 SEHAT 5 SEMPURNA,168','pcs',3.000,12500.000,19468.000),(104,19008,'803038314','RESTO SET PINK 2329,168','pcs',6.000,7500.000,11968.000),(104,19009,'803038315','BLENDER B/O DUZ,168','pcs',6.000,9000.000,13968.000),(104,19010,'803038316','CONGKAK WRN (B),SM','pcs',6.000,8000.000,12950.000),(104,19011,'803038317','DRUM BANDS ST-1658 KTG,SM','pcs',3.000,19000.000,29950.000),(104,19012,'803038318','KERINCINGAN BOLA 1 PC JRG,SM','pcs',6.000,4500.000,7450.000),(104,19013,'803038319','KERINCINGAN 2 GAJAH KTG,SM','pcs',6.000,10000.000,15950.000),(104,19014,'803038320','RING DONAT KELINCI (B) JRG,SM','pcs',3.000,20000.000,29950.000),(104,19015,'803038321','SENAPAN RIFLE HTM 518,SM','pcs',6.000,14000.000,22450.000),(104,19016,'803038322','MBL AVANZA 02061 KTG,CT','pcs',6.000,9000.000,13990.000),(104,19017,'803038323','BONEKA FROZEN DUZ,CT','pcs',6.000,13500.000,20990.000),(104,19018,'803038324','MY LOVELY KITCHEN KTG,CT','pcs',6.000,7000.000,10990.000),(104,19019,'803038326','SENAPAN SPARKING 5301,LM','pcs',6.000,8000.000,12490.000),(104,19020,'803038327','GUITAR DING DONG (B),LM','pcs',12.000,13000.000,19990.000),(104,19021,'803038328','FANCY KIT SALON TAS,LM','pcs',12.000,27500.000,41490.000),(104,19022,'803038330','RKT DUNG2 POOH JRG,LM','pcs',6.000,7500.000,11990.000),(104,19023,'803038331','RKT TENNIS PDK JRG,LM','pcs',6.000,8500.000,13490.000),(104,19024,'803038332','GUITAR DING DONG (K),LM','pcs',6.000,7500.000,11990.000),(104,19025,'803038333','MBL JEEP VALOR KTG,LM','pcs',12.000,6000.000,9490.000),(104,19026,'803038334','RBT ALMIGHTY WARRIOR,LM','pcs',3.000,13750.000,21490.000),(104,19027,'803038335','TANK ARMY TUMBLING DUZ,LM','pcs',12.000,11000.000,16990.000),(104,19028,'803038336','GUITAR LITTLE BANDS GT-06,LM','pcs',6.000,10500.000,16490.000),(104,19029,'803038337','RAJA KOKI JUNIOR MP-105,LM','pcs',2.000,20000.000,29990.000),(104,19030,'803038338','MBL RACING K/B,LM','pcs',12.000,9500.000,14990.000),(104,19031,'803038339','RBT SPR CHANGE 3888 MIKA,LM','pcs',6.000,17500.000,26990.000),(104,19032,'803038340','IRON SET 2041,LM','pcs',6.000,13500.000,20990.000),(104,19033,'803038341','TRUCK BOX 1001 KTG,LM','pcs',2.000,20000.000,29990.000),(104,19034,'803038342','TRUCK MOLEN 8034 KTG,LM','pcs',6.000,22500.000,33990.000),(104,19035,'803038343','LOCO THOMAS TRK KTG,LM','pcs',6.000,12000.000,18490.000),(104,19036,'803038344','MBL GOKART + ORG KTG,LM','pcs',14.000,8500.000,13490.000),(104,19037,'803038345','TRUCK PEMADAM TR-68A MIKA,LM','pcs',6.000,20000.000,29990.000),(104,19038,'803038346','TRACK RCNG 2299,LM','pcs',24.000,11500.000,17990.000),(104,19064,'803038347','TRACK ATTACK 2461,MT','pcs',12.000,10500.000,16490.000),(104,19065,'803038348','BONEKA BARBIE BEAUTI DUZ,MT','pcs',18.000,12000.000,18490.000),(104,19066,'803038349','DOCTOR PLAY SET 164 KTG,MT','pcs',12.000,12500.000,19490.000),(104,19068,'803038350','POWER RANGER WJS-144,MT','pcs',6.000,10500.000,16490.000),(104,19069,'803038351','MBL CARTOON 4 PCS 2282 KTG,MT','pcs',12.000,14500.000,22490.000),(104,19071,'803038352','BONEKA FAD VANGUARD DUZ,MT','pcs',12.000,13000.000,19990.000),(104,19072,'803038353','SENAPAN PLANET WRN RKC,MT','pcs',6.000,13000.000,19990.000),(104,19074,'803038354','MBL SPR POLICE 12 PCS,MT','pcs',6.000,21250.000,31990.000),(104,19076,'803038355','MBL SPR CAR RKC KTG,MT','pcs',6.000,13500.000,20990.000),(104,19077,'803038356','MAGIC CUBE 2 PCS MIKA,MT','pcs',6.000,15500.000,23990.000),(104,19079,'803038358','MBL POLICE R/C DUZ (K),MT','pcs',4.000,60000.000,85990.000),(104,19080,'803038359','FISHING GAME 2034,MT','pcs',12.000,5750.000,8990.000),(104,19081,'803038360','GUITAR PARTY MUSIC 027,MT','pcs',6.000,7000.000,10990.000),(104,19082,'803038361','GUITAR XTRA GX-907,MT','pcs',6.000,13000.000,19990.000),(104,19083,'803038362','MERRY GO ROUND,MT','pcs',12.000,12500.000,19490.000),(104,19086,'803038363','MBL POLISI 855 KTG,MT','pcs',6.000,21250.000,31990.000),(104,19087,'803038364','MBL POLISI 821 KTG,MT','pcs',6.000,21250.000,31990.000),(104,19089,'803038365','RBT ATTACT FIGHTER,MT','pcs',12.000,18334.000,28490.000),(104,19090,'803038366','RKT BADMINTON AOSHI KTG,MT','pcs',12.000,22500.000,33990.000),(104,19092,'803038367','PISTOL SUPER ST-2418,MT','pcs',6.000,5750.000,8990.000),(104,19094,'803038368','RKT BADMINTON ALVARRO KTG,MT','pcs',12.000,5750.000,8990.000),(104,19095,'803038369','BEBEK PNCT 4 PCS JRG,MT','pcs',6.000,11000.000,16990.000),(104,19096,'803038370','HELI POLICE ZOOM (B),MT','pcs',6.000,17500.000,26990.000),(104,19098,'803038371','PIANO 5 LAMPU B/O KTG,MT','pcs',6.000,16000.000,24990.000),(104,19100,'803038372','RBT TRANS MUTATION 2477,MT','pcs',12.000,17000.000,26990.000),(104,19101,'803038373','TRUCK BOX 8027 KTG,MT','pcs',3.000,18000.000,27990.000),(104,19102,'803038374','PISTOL SUPER 2 PCS 2424,MT','pcs',6.000,11250.000,17490.000),(104,19110,'803038375','STICK GOLF SET PDK,JRG,WT','pcs',6.000,45000.000,67490.000),(104,19112,'803038376','SWIM GOGGLES KRKTR,WT','pcs',6.000,4500.000,6990.000),(104,19114,'803038377','CATUR SET (M),WT','pcs',3.000,16000.000,24990.000),(104,19117,'803038378','TRUCK CNTNR MB-74 KTG,DM','pcs',12.000,17667.000,27990.000),(104,19118,'803038379','TRUCK CNTNR MB-29 KTG,DM','pcs',12.000,15000.000,23490.000),(104,19119,'803038380','TRUCK CNTNR TAYO MB-119 KTG,DM','pcs',18.000,11084.000,17490.000),(104,19120,'803038381','MBL TELEPHONE MB-15 KTG,DM','pcs',8.000,17625.000,27490.000),(104,19121,'803038382','LOCO TAYO TR-03 KTG,DM','pcs',12.000,12125.000,18990.000),(104,19122,'803038383','TRUCK KERUK MB-152 KTG,DM','pcs',12.000,18750.000,28990.000),(104,19123,'803038384','TRUCK KERUK MB-154 KTG,DM','pcs',8.000,20000.000,29990.000),(104,19124,'803038385','BEKO MB-44 KTG,DM','pcs',6.000,23625.000,35990.000),(104,19125,'803038386','DOCTOR SET KOPER DR-15 KTG,DM','pcs',8.000,16500.000,25490.000),(104,19126,'803038387','DOCTOR SET DR-06,DM','pcs',12.000,11500.000,17990.000),(104,19127,'803038388','MBL THUNDER MB-09 KTG,DM','pcs',4.000,20542.000,30990.000),(104,19128,'803038389','MBL POLISI MB-166 KTG,DM','pcs',4.000,20542.000,30990.000),(104,19129,'803038390','MBL JEEP POLICE MB-63 MIKA,DM','pcs',6.000,11855.000,18490.000),(104,19152,'803038392','MEJA BLJR LPT PDK,CM','pcs',24.000,14167.000,19990.000),(104,19153,'803038393','MEJA BLJR (B),CM','pcs',12.000,15000.000,19990.000),(104,19158,'803038394','RBT WARRIOR L-608,YY','pcs',3.000,17500.000,26975.000),(104,19159,'803038395','ULTRAMAN + TPG 104,YY','pcs',6.000,15000.000,23475.000),(104,19160,'803038396','RBT TRANSFORMER + CD 2060,YY','pcs',2.000,15000.000,23475.000),(104,19161,'803038397','RBT COSMIC 2828,YY','pcs',6.000,18500.000,28475.000),(104,19162,'803038398','RBT NOISY BOY 023,YY','pcs',6.000,13500.000,20975.000),(104,19163,'803038399','MTR VESPA CLASSIC VC-162,YY','pcs',2.000,45000.000,64475.000),(104,19164,'803038400','TRUCK MOLEN TR-68 KTG,YY','pcs',6.000,16500.000,25475.000),(104,19165,'803038401','HARUM MANIS KERANJANG,YY','pcs',12.000,12500.000,19475.000),(104,19166,'803038402','DAPUR MAMA DM-966 KTG,YY','pcs',2.000,52000.000,74475.000),(104,19130,'803050129','LAP LEMBARAN WRN,FJY','pcs',54.000,5500.000,7950.000),(104,19131,'803050130','YARIS LAP PLS,FJY','pcs',6.000,9000.000,13450.000),(104,19132,'803050131','INNOVA LAP PLS,FJY','pcs',6.000,10000.000,14950.000),(104,19133,'803050132','OKAWA LAP PLS,FJY','pcs',6.000,11000.000,16450.000),(104,19134,'803050134','ROSE LAP PLS,FJY','pcs',6.000,7000.000,9950.000),(104,19135,'803050137','SANSON LAP PLS,FJY','pcs',3.000,14000.000,19950.000),(104,19136,'803050138','FIT 3D LAP PLS,FJY','pcs',3.000,10000.000,13450.000),(104,19137,'803050139','HAIDI CTK HD-768,FJY','pcs',6.000,18000.000,26950.000),(104,19138,'803050140','PROFESSIONAL ROL ZF-2002,FJY','pcs',8.000,18000.000,26950.000),(104,19139,'803050141','ONYX ROL OX-2002,FJY','pcs',3.000,20000.000,26950.000),(104,19140,'803050142','GEMBOK SEPEDA KUNCI,FJY','pcs',3.000,9000.000,13450.000),(104,19141,'803050143','GEMBOK AUTO 30MM PDK,FJY','pcs',8.000,8500.000,12950.000),(104,19142,'803050144','GEMBOK AUTO 30MM PJG,FJY','pcs',4.000,9000.000,13450.000),(104,19144,'803050145','KUNCI L SET 10 PCS,FJY','pcs',3.000,9000.000,13950.000),(104,19145,'803050146','OBENG SET 4 PCS,FJY','pcs',3.000,10000.000,14950.000),(104,19146,'803050147','LAMPU EMG TRK SX-5700,FJY','pcs',3.000,35000.000,46950.000),(104,19147,'803050148','LAMPU EMG PATROMAX HY-108,FJY','pcs',2.000,35000.000,46950.000),(104,19148,'803050149','LAMPU EMG 9789,FJY','pcs',2.000,25000.000,33450.000),(104,19149,'803050150','SLOT PINTU,FJY','pcs',8.000,4000.000,5950.000),(104,19150,'803050151','SENTER KEPALA 7L AODENG,FJY','pcs',4.000,12500.000,18950.000),(104,19151,'803050152','PIJITAN KURA2,FJY','pcs',6.000,9500.000,13950.000),(104,19039,'803061129','FRAME ROYAL GOLD 20X25,SP','pcs',8.000,15000.000,24950.000),(104,19040,'803061130','FRAME ROYAL GOLD 25X35 FULL,SP','pcs',8.000,16667.000,25950.000),(104,19041,'803061131','FRAME COUNTRY GOLD 20X25,SP','pcs',3.000,10000.000,15950.000),(104,19042,'803061132','FRAME COUNTRY HTM 20X25,SP','pcs',3.000,10000.000,15950.000),(104,19043,'803061133','FRAME COUNTRY HTM 21X30,SP','pcs',8.000,12500.000,19450.000),(104,19044,'803061134','FRAME ROYAL GOLD 21X30,SP','pcs',3.000,12500.000,19450.000),(104,19045,'803061135','FRAME COUNTRY GOLD 21X30,SP','pcs',3.000,12500.000,19450.000),(104,19046,'803061136','FRAME ROYAL HTM 25X35,SP','pcs',6.000,16667.000,25950.000),(104,19047,'803061138','CERMIN PENNY 705,SP','pcs',24.000,3667.000,5450.000),(104,19048,'803061140','FRAME COUNTRY HTM 30X40,SP','pcs',8.000,18334.000,28450.000),(104,19049,'803061141','FRAME ROYAL GOLD 30X40,SP','pcs',8.000,20834.000,32950.000),(104,19050,'803061142','FRAME SUSUN 3 GOLD PDK,SP','pcs',12.000,10834.000,18950.000),(104,19051,'803061143','FRAME 10R PALMA,SP','pcs',3.000,7750.000,13950.000),(104,19052,'803061144','FRAME 10R MINIMALIS,SP','pcs',3.000,9167.000,15950.000),(104,19053,'803061145','FRAME 10R TOP ONE,SP','pcs',3.000,9334.000,15950.000),(104,19054,'803061146','FRAME 10R CASANOVA,SP','pcs',6.000,9334.000,15950.000),(104,19055,'803061148','FRAME 10R NIBARU,SP','pcs',3.000,9167.000,15950.000),(104,19056,'803061149','FRAME 10R ROYAL,SP','pcs',3.000,10000.000,16950.000),(104,19057,'803061150','FRAME 10R CHERRY,SP','pcs',3.000,10000.000,16950.000),(104,19058,'803061151','FRAME 10R JUMBO,SP','pcs',3.000,9167.000,15950.000),(104,19059,'803061152','FRAME 10R COLOUR,SP','pcs',3.000,11000.000,17950.000),(104,19060,'803061153','FRAME 10R SAFARI,SP','pcs',3.000,9334.000,15950.000),(104,19061,'803061154','FRAME 10R MAESTRO,SP','pcs',3.000,9334.000,15950.000),(104,19062,'803061155','FRAME 10R MELODY,SP','pcs',3.000,9334.000,15950.000),(104,19063,'803061156','FRAME 10R RAINBOW,SP','pcs',6.000,10000.000,17950.000),(104,19167,'803061157','FRAME 10R KUSUKA,SP','pcs',6.000,10834.000,18950.000),(104,19067,'803061158','PHOTO ALBUM PINK DLK,SP','pcs',3.000,23334.000,34950.000),(104,19070,'803061159','FRAME 10R DAVINA,SP','pcs',6.000,7750.000,13950.000),(104,19073,'803061160','CERMIN GOLD 20X25,SP','pcs',4.000,16000.000,23950.000),(104,19075,'803061161','CERMIN GOLD 20X30,SP','pcs',3.000,18000.000,26950.000),(104,19078,'803061162','FRAME 5R STAR,SP','pcs',6.000,5167.000,8950.000),(104,19084,'803061163','FRAME 10R DELTA,SP','pcs',6.000,10000.000,16950.000),(104,19085,'803061165','FRAME 10R NAPOLI,SP','pcs',6.000,8500.000,14450.000),(104,19088,'803061166','FRAME 5R FAMILY,SP','pcs',6.000,5500.000,8950.000),(104,19091,'803061168','FRAME 5R NAPOLI,SP','pcs',6.000,5500.000,8950.000),(104,19093,'803061169','FRAME 10R BATAVIA,SP','pcs',6.000,9167.000,15950.000),(104,19097,'803061170','FRAME 10R JELITA,SP','pcs',3.000,7750.000,13950.000),(104,19099,'803061171','FRAME 12R DELTA,SP','pcs',3.000,14167.000,23950.000),(104,19103,'803061172','FRAME 12R STANDAR,SP','pcs',3.000,13000.000,21950.000),(104,19104,'803061173','FRAME DELTA IJASAH,SP','pcs',3.000,15834.000,26950.000),(104,19105,'803061174','FRAME STANDAR IJAZAH,SP','pcs',3.000,15167.000,25450.000),(104,19106,'803061175','J/DD STANDARD 450,SP','pcs',3.000,33000.000,49950.000),(104,19107,'803061176','J/DD STANDARD 500,SP','pcs',3.000,33000.000,49450.000),(104,19108,'803061177','FRAME 3R NAPOLI,SP','pcs',4.000,4500.000,7450.000),(104,19109,'803061178','FRAME 4R DELTA,SP','pcs',4.000,5334.000,8950.000),(104,19111,'803061179','FRAME 3R CHAMPION,SP','pcs',4.000,4834.000,7950.000),(104,19113,'803061180','PHOTO ALBUM PINK MINI,SP','pcs',3.000,16667.000,24950.000),(104,19115,'803061181','PHOTO ALBUM POCKET 3R,SP','pcs',3.000,7000.000,12450.000),(104,19116,'803061182','PHOTO ALBUM 3R/3 96,SP','pcs',3.000,14167.000,21950.000),(104,19154,'803062037','PNSL JOYKO 12 CLR PJG,NS','pcs',12.000,8667.000,12980.000),(104,19155,'803062038','PNSL 2B SET 4 PCS,NS','pcs',60.000,1800.000,2970.000),(104,19156,'803062039','CRAYON POTATO 12 CLR MIKA,NS','pcs',24.000,6500.000,9990.000),(104,19157,'803062040','PNSL JOYKO 24 CLR PJG,NS','pcs',24.000,16334.000,23490.000),(104,19143,'803068780','TP,BAJU JRG LPT,FJY','pcs',6.000,9500.000,13950.000),(104,18973,'803070036','AMOR COTTON BUD 100','pcs',108.000,1500.000,2900.000),(104,18974,'803070037','AMOR COTTON BUD BABY','pcs',72.000,917.000,1500.000),(106,1174,'123105003','SARIMI ISI 2 RASA SOTO 113GR','pcs',24.000,0.000,2700.000),(106,18852,'159105002','DANCOW 1+ MADU 800G','PCS',1.000,80000.000,96000.000),(106,18913,'185115079','CULTUSIA FOR COLOURED HAIR 110','PCS',1.000,40000.000,36100.000),(106,18916,'185115129','CUL HAIR VITAMIN NORMAL 10ML','PCS',6.000,7000.000,7800.000),(105,395,'111115657','CITRA H&B JAPANESE RICE 250ML','pcs',6.000,0.000,19250.000),(105,19171,'111115950','ZWITSAL PWDR EXTRA CARE 300GR','pcs',4.000,12671.000,15850.000),(105,442,'111115963','VASELINE H&B NIGHT REPAIR 100ML','pcs',5.000,0.000,18000.000),(105,2586,'143120006','HIT AEROSOL ORANGE 400ML','pcs',1.000,0.000,23450.000),(105,2593,'143120016','STELLA ALL IN 1 APPLE 70GR','pcs',6.000,0.000,9500.000),(105,2594,'143120017','STELLA ALL IN 1 ORANGE 70G','pcs',6.000,0.000,9500.000),(105,15428,'143120018','STELLA AIR FRESNR BOUGEN. 70G','PCS',6.000,8760.000,9100.000),(105,2595,'143120019','STELLA ALL IN 1 LEMON 70G','pcs',6.000,0.000,9500.000),(105,2596,'143120020','STELLA ALL IN 1 JERUK 70G','pcs',6.000,0.000,9500.000),(105,2597,'143120021','STELLA ALL IN 1 SENSATION 70ML','pcs',6.000,0.000,9100.000),(105,2604,'143120028','STELLA AC FRESH LEMON 80GR','pcs',6.000,0.000,10400.000),(105,2605,'143120029','STELLA AC TROPICAL ORANGE 80G','pcs',6.000,0.000,10400.000),(105,2624,'143120060','STELLA BATH ROOM COOL BLUE 70G','pcs',6.000,0.000,7900.000),(105,2628,'143120064','STELLA BATH ROOM PASSIONRED 70','pcs',6.000,0.000,7900.000),(105,2630,'143120066','STELLA BATH ROOM FRESH GREEN 70','pcs',11.000,0.000,7900.000),(105,2675,'143120137','STELLA CAR FRESHENER POWER 70G','pcs',6.000,0.000,9500.000),(105,2676,'143120138','STELLA CAR FRESHNER SPIRIT 70G','pcs',6.000,0.000,9500.000),(105,2677,'143120139','STELLA CAR FRSHENER ENERGYC 70','pcs',6.000,0.000,9500.000),(105,2827,'146115057','NUFACE FACIAL COTTON 50GR','pcs',2.000,0.000,8200.000),(105,18556,'171115130','GARNIER LIGHT COMLETE SPF 19','PCS',2.000,0.000,18690.000),(105,19170,'180105074','OISHI SUKY SUKY SWEET&SPICY 70GR','pcs',24.000,0.000,4000.000),(105,4130,'180105075','OISHI SUKY SUKY SEAWEED 70G','pcs',24.000,0.000,4000.000),(105,4131,'180105078','OISHI R.UDANG PEDAS 70 GR','pcs',24.000,0.000,4000.000),(105,4141,'180105107','OISHI RS IKAN BALADO','pcs',24.000,0.000,5000.000),(105,4144,'180105112','OISHI LULA R.CUMI PANGGANG 70G','pcs',24.000,0.000,4900.000),(105,19169,'181120107','SWEETY BRONZE PANTS L22','pcs',12.000,35000.000,41100.000),(105,18703,'186120045','MAMYPOKO PANTS STNDRD L20','PCS',6.000,38850.000,37300.000),(105,19168,'209120004','MAMAMIA TIPE CELANA L18','pcs',10.000,31305.000,38300.000),(105,4638,'211115101','PONDS PURE WHITE FF 50GR','pcs',3.000,0.000,15400.000),(105,15411,'211115128','PONDS WB SUN DULLNESS 50GR','PCS',1.000,14700.000,16400.000),(107,19377,'116115208','NATUR MELEMBUTKAN RAMBUT 140ML','pcs',2.000,0.000,19500.000),(107,19386,'122115035','DRAGON MNYK TELON 60ML','pcs',3.000,9504.000,12900.000),(107,19378,'125115487','PUCCELE PINK ME L.QUEEN 120 ML','pcs',1.000,0.000,15900.000),(107,19383,'128105025','L-MEN GAINMASS RS BANANA 225GR','pcs',1.000,0.000,65900.000),(107,19381,'130105002','TEH CAP BOTOL','pcs',3.000,1650.000,1890.000),(107,19382,'130105160','TEH CAP BOTOL BLUE 40GR','pcs',5.000,1600.000,2100.000),(107,18715,'132115067','KODOMO SKR&PASTA GIGI SOFT','pcs',5.000,5341.000,6150.000),(107,19380,'132120246','SOKLIN SOFTNR TWLIGHT GLMR RF 300','pcs',3.000,7252.000,8350.000),(107,19379,'707068176','SARINGAN NLSN 24CM,OSC','pcs',3.000,0.000,3990.000),(107,19385,'709043053','MASKER PLS BATIK','pcs',3.000,0.000,4490.000),(107,19384,'712015053','HANDK SHALY B','pcs',1.000,0.000,49950.000);
/*!40000 ALTER TABLE `terimagudangdet` ENABLE KEYS */;
UNLOCK TABLES;

--
-- Table structure for table `terimagudangdetform`
--

DROP TABLE IF EXISTS `terimagudangdetform`;
/*!40101 SET @saved_cs_client     = @@character_set_client */;
/*!40101 SET character_set_client = utf8 */;
CREATE TABLE `terimagudangdetform` (
  `ipv` varchar(50) NOT NULL DEFAULT '',
  `IDproduct` int(11) NOT NULL,
  `kode` varchar(20) NOT NULL DEFAULT '',
  `nama` varchar(100) NOT NULL DEFAULT '',
  `satuan` varchar(20) NOT NULL DEFAULT '',
  `qty` double(15,3) NOT NULL DEFAULT '0.000',
  `hargabeli` double(15,3) NOT NULL DEFAULT '0.000',
  `hargajual` double(15,3) NOT NULL DEFAULT '0.000'
) ENGINE=InnoDB DEFAULT CHARSET=latin1;
/*!40101 SET character_set_client = @saved_cs_client */;

--
-- Dumping data for table `terimagudangdetform`
--

LOCK TABLES `terimagudangdetform` WRITE;
/*!40000 ALTER TABLE `terimagudangdetform` DISABLE KEYS */;
/*!40000 ALTER TABLE `terimagudangdetform` ENABLE KEYS */;
UNLOCK TABLES;

--
-- Table structure for table `terimapurchase`
--

DROP TABLE IF EXISTS `terimapurchase`;
/*!40101 SET @saved_cs_client     = @@character_set_client */;
/*!40101 SET character_set_client = utf8 */;
CREATE TABLE `terimapurchase` (
  `IDterimapurchase` int(11) NOT NULL AUTO_INCREMENT,
  `docno` varchar(30) NOT NULL DEFAULT '',
  `doctgl` date NOT NULL,
  `pono` varchar(50) DEFAULT NULL,
  `invoiceno` varchar(50) DEFAULT NULL,
  `IDgudang` int(11) NOT NULL,
  `totalprice` double(15,3) NOT NULL DEFAULT '0.000',
  `notes` varchar(500) DEFAULT NULL,
  `IDuserposted` int(11) DEFAULT NULL,
  `usernameposted` varchar(50) DEFAULT '',
  `posted` datetime DEFAULT NULL,
  PRIMARY KEY (`IDterimapurchase`),
  UNIQUE KEY `docno` (`docno`),
  KEY `pono` (`pono`),
  CONSTRAINT `terimapurchase_fk` FOREIGN KEY (`pono`) REFERENCES `purchaseorder` (`pono`)
) ENGINE=InnoDB DEFAULT CHARSET=latin1;
/*!40101 SET character_set_client = @saved_cs_client */;

--
-- Dumping data for table `terimapurchase`
--

LOCK TABLES `terimapurchase` WRITE;
/*!40000 ALTER TABLE `terimapurchase` DISABLE KEYS */;
/*!40000 ALTER TABLE `terimapurchase` ENABLE KEYS */;
UNLOCK TABLES;
/*!50003 SET @saved_cs_client      = @@character_set_client */ ;
/*!50003 SET @saved_cs_results     = @@character_set_results */ ;
/*!50003 SET @saved_col_connection = @@collation_connection */ ;
/*!50003 SET character_set_client  = latin1 */ ;
/*!50003 SET character_set_results = latin1 */ ;
/*!50003 SET collation_connection  = latin1_swedish_ci */ ;
/*!50003 SET @saved_sql_mode       = @@sql_mode */ ;
/*!50003 SET sql_mode              = 'STRICT_TRANS_TABLES,NO_AUTO_CREATE_USER,NO_ENGINE_SUBSTITUTION' */ ;
DELIMITER ;;
/*!50003 CREATE*/ /*!50017 DEFINER=`metabrain`@`%`*/ /*!50003 TRIGGER `terimapurchase_before_upd_tr` BEFORE UPDATE ON `terimapurchase`
  FOR EACH ROW
BEGIN
 declare vkodegudang VARCHAR(10);

 select kodegudang into vkodegudang from gudang where IDgudang=new.IDgudang;

 if (old.posted is null) and (new.posted is not null) THEN
 begin
  insert into inventory (tgltrans,kodebrg,kodegudang,qty,satuan,hargabeli,hargajual,typetrans,faktur,IDtrans,IDuser,username,waktu,keterangan) 
  select new.doctgl,b.kode,vkodegudang,b.qty,b.satuan,b.hargabeli,b.hargajual,'terima purchase',new.docno,new.IDterimapurchase,new.IDuserposted,new.usernameposted,time(now()),new.notes from terimapurchasedet b where b.IDterimapurchase=new.IDterimapurchase;

 end;
 elseif (old.posted is not null) and (new.posted is null) THEN
 begin
  delete from inventory where IDtrans=old.IDterimapurchase and typetrans='terima purchase';
 end;
 end if;

END */;;
DELIMITER ;
/*!50003 SET sql_mode              = @saved_sql_mode */ ;
/*!50003 SET character_set_client  = @saved_cs_client */ ;
/*!50003 SET character_set_results = @saved_cs_results */ ;
/*!50003 SET collation_connection  = @saved_col_connection */ ;
/*!50003 SET @saved_cs_client      = @@character_set_client */ ;
/*!50003 SET @saved_cs_results     = @@character_set_results */ ;
/*!50003 SET @saved_col_connection = @@collation_connection */ ;
/*!50003 SET character_set_client  = latin1 */ ;
/*!50003 SET character_set_results = latin1 */ ;
/*!50003 SET collation_connection  = latin1_swedish_ci */ ;
/*!50003 SET @saved_sql_mode       = @@sql_mode */ ;
/*!50003 SET sql_mode              = 'STRICT_TRANS_TABLES,NO_AUTO_CREATE_USER,NO_ENGINE_SUBSTITUTION' */ ;
DELIMITER ;;
/*!50003 CREATE*/ /*!50017 DEFINER=`metabrain`@`%`*/ /*!50003 TRIGGER `terimapurchase_before_del_tr` BEFORE DELETE ON `terimapurchase`
  FOR EACH ROW
BEGIN
 delete from inventory where IDtrans=old.IDterimapurchase and typetrans='terima purchase';
END */;;
DELIMITER ;
/*!50003 SET sql_mode              = @saved_sql_mode */ ;
/*!50003 SET character_set_client  = @saved_cs_client */ ;
/*!50003 SET character_set_results = @saved_cs_results */ ;
/*!50003 SET collation_connection  = @saved_col_connection */ ;

--
-- Table structure for table `terimapurchasedet`
--

DROP TABLE IF EXISTS `terimapurchasedet`;
/*!40101 SET @saved_cs_client     = @@character_set_client */;
/*!40101 SET character_set_client = utf8 */;
CREATE TABLE `terimapurchasedet` (
  `IDterimapurchase` int(11) NOT NULL,
  `IDproduct` int(11) NOT NULL,
  `kode` varchar(20) NOT NULL DEFAULT '',
  `nama` varchar(100) NOT NULL DEFAULT '',
  `satuan` varchar(20) NOT NULL DEFAULT '',
  `qty` double(15,3) NOT NULL DEFAULT '0.000',
  `hargabeli` double(15,3) NOT NULL DEFAULT '0.000',
  `hargajual` double(15,3) NOT NULL DEFAULT '0.000',
  KEY `IDterimapurchase` (`IDterimapurchase`),
  CONSTRAINT `terimapurchasedet_fk` FOREIGN KEY (`IDterimapurchase`) REFERENCES `terimapurchase` (`IDterimapurchase`) ON DELETE CASCADE
) ENGINE=InnoDB DEFAULT CHARSET=latin1;
/*!40101 SET character_set_client = @saved_cs_client */;

--
-- Dumping data for table `terimapurchasedet`
--

LOCK TABLES `terimapurchasedet` WRITE;
/*!40000 ALTER TABLE `terimapurchasedet` DISABLE KEYS */;
/*!40000 ALTER TABLE `terimapurchasedet` ENABLE KEYS */;
UNLOCK TABLES;

--
-- Table structure for table `terimapurchasedetform`
--

DROP TABLE IF EXISTS `terimapurchasedetform`;
/*!40101 SET @saved_cs_client     = @@character_set_client */;
/*!40101 SET character_set_client = utf8 */;
CREATE TABLE `terimapurchasedetform` (
  `ipv` varchar(50) NOT NULL DEFAULT '',
  `IDproduct` int(11) NOT NULL,
  `kode` varchar(20) NOT NULL DEFAULT '',
  `nama` varchar(100) NOT NULL DEFAULT '',
  `satuan` varchar(20) NOT NULL DEFAULT '',
  `qty` double(15,3) NOT NULL DEFAULT '0.000',
  `hargabeli` double(15,3) NOT NULL DEFAULT '0.000',
  `hargajual` double(15,3) NOT NULL DEFAULT '0.000'
) ENGINE=InnoDB DEFAULT CHARSET=latin1;
/*!40101 SET character_set_client = @saved_cs_client */;

--
-- Dumping data for table `terimapurchasedetform`
--

LOCK TABLES `terimapurchasedetform` WRITE;
/*!40000 ALTER TABLE `terimapurchasedetform` DISABLE KEYS */;
/*!40000 ALTER TABLE `terimapurchasedetform` ENABLE KEYS */;
UNLOCK TABLES;

--
-- Table structure for table `ubahharga`
--

DROP TABLE IF EXISTS `ubahharga`;
/*!40101 SET @saved_cs_client     = @@character_set_client */;
/*!40101 SET character_set_client = utf8 */;
CREATE TABLE `ubahharga` (
  `IDubahharga` int(11) NOT NULL AUTO_INCREMENT,
  `docno` varchar(30) NOT NULL DEFAULT '',
  `doctgl` date NOT NULL,
  `notes` varchar(500) DEFAULT NULL,
  `IDuserposted` int(11) DEFAULT NULL,
  `usernameposted` varchar(50) DEFAULT NULL,
  `posted` datetime DEFAULT NULL,
  PRIMARY KEY (`IDubahharga`),
  UNIQUE KEY `docno` (`docno`),
  UNIQUE KEY `docno_2` (`docno`)
) ENGINE=InnoDB DEFAULT CHARSET=latin1;
/*!40101 SET character_set_client = @saved_cs_client */;

--
-- Dumping data for table `ubahharga`
--

LOCK TABLES `ubahharga` WRITE;
/*!40000 ALTER TABLE `ubahharga` DISABLE KEYS */;
/*!40000 ALTER TABLE `ubahharga` ENABLE KEYS */;
UNLOCK TABLES;

--
-- Table structure for table `ubahhargadet`
--

DROP TABLE IF EXISTS `ubahhargadet`;
/*!40101 SET @saved_cs_client     = @@character_set_client */;
/*!40101 SET character_set_client = utf8 */;
CREATE TABLE `ubahhargadet` (
  `IDubahharga` int(11) NOT NULL,
  `IDproduct` int(11) NOT NULL,
  `kode` varchar(20) NOT NULL DEFAULT '',
  `nama` varchar(100) NOT NULL DEFAULT '',
  `satuan` varchar(20) NOT NULL DEFAULT '',
  `hargabeli` double(15,3) NOT NULL DEFAULT '0.000',
  `hargajual` double(15,3) NOT NULL DEFAULT '0.000',
  `hargajualbaru` double(15,3) NOT NULL DEFAULT '0.000',
  `tglberlaku` date NOT NULL,
  KEY `IDubahharga` (`IDubahharga`),
  CONSTRAINT `ubahhargadet_fk` FOREIGN KEY (`IDubahharga`) REFERENCES `ubahharga` (`IDubahharga`) ON DELETE CASCADE
) ENGINE=InnoDB DEFAULT CHARSET=latin1;
/*!40101 SET character_set_client = @saved_cs_client */;

--
-- Dumping data for table `ubahhargadet`
--

LOCK TABLES `ubahhargadet` WRITE;
/*!40000 ALTER TABLE `ubahhargadet` DISABLE KEYS */;
/*!40000 ALTER TABLE `ubahhargadet` ENABLE KEYS */;
UNLOCK TABLES;

--
-- Table structure for table `ubahhargadetform`
--

DROP TABLE IF EXISTS `ubahhargadetform`;
/*!40101 SET @saved_cs_client     = @@character_set_client */;
/*!40101 SET character_set_client = utf8 */;
CREATE TABLE `ubahhargadetform` (
  `ipv` varchar(50) NOT NULL DEFAULT '',
  `IDproduct` int(11) unsigned NOT NULL,
  `kode` varchar(20) NOT NULL DEFAULT '',
  `nama` varchar(100) NOT NULL DEFAULT '',
  `satuan` varchar(20) NOT NULL DEFAULT '',
  `hargabeli` double(15,3) NOT NULL DEFAULT '0.000',
  `hargajual` double(15,3) NOT NULL DEFAULT '0.000',
  `hargajualbaru` double(15,3) DEFAULT '0.000',
  `tglberlaku` date DEFAULT NULL,
  KEY `IDproduct` (`IDproduct`),
  CONSTRAINT `ubahhargadetform_fk` FOREIGN KEY (`IDproduct`) REFERENCES `product` (`IDproduct`) ON DELETE CASCADE
) ENGINE=InnoDB DEFAULT CHARSET=latin1;
/*!40101 SET character_set_client = @saved_cs_client */;

--
-- Dumping data for table `ubahhargadetform`
--

LOCK TABLES `ubahhargadetform` WRITE;
/*!40000 ALTER TABLE `ubahhargadetform` DISABLE KEYS */;
/*!40000 ALTER TABLE `ubahhargadetform` ENABLE KEYS */;
UNLOCK TABLES;

--
-- Table structure for table `user`
--

DROP TABLE IF EXISTS `user`;
/*!40101 SET @saved_cs_client     = @@character_set_client */;
/*!40101 SET character_set_client = utf8 */;
CREATE TABLE `user` (
  `IDuser` int(11) NOT NULL AUTO_INCREMENT,
  `username` varchar(50) NOT NULL DEFAULT '',
  `password` varchar(20) DEFAULT NULL,
  `IDusergroup` int(11) NOT NULL,
  `usergroup` varchar(80) NOT NULL DEFAULT '',
  `tglnoneffective` date DEFAULT NULL,
  UNIQUE KEY `IDuser` (`IDuser`),
  UNIQUE KEY `username` (`username`)
) ENGINE=InnoDB AUTO_INCREMENT=3 DEFAULT CHARSET=latin1 COMMENT='InnoDB free: 731136 kB';
/*!40101 SET character_set_client = @saved_cs_client */;

--
-- Dumping data for table `user`
--

LOCK TABLES `user` WRITE;
/*!40000 ALTER TABLE `user` DISABLE KEYS */;
INSERT INTO `user` VALUES (1,'OWNER','aa',1,'OWNER',NULL),(2,'ksr','ksr',4,'KASIR',NULL);
/*!40000 ALTER TABLE `user` ENABLE KEYS */;
UNLOCK TABLES;

--
-- Table structure for table `usergroup`
--

DROP TABLE IF EXISTS `usergroup`;
/*!40101 SET @saved_cs_client     = @@character_set_client */;
/*!40101 SET character_set_client = utf8 */;
CREATE TABLE `usergroup` (
  `IDusergroup` int(11) NOT NULL AUTO_INCREMENT,
  `usergroup` varchar(80) NOT NULL DEFAULT '',
  `isedit` tinyint(1) DEFAULT '0',
  `isdel` tinyint(1) DEFAULT '0',
  PRIMARY KEY (`IDusergroup`),
  UNIQUE KEY `usergroup` (`usergroup`)
) ENGINE=InnoDB AUTO_INCREMENT=5 DEFAULT CHARSET=latin1;
/*!40101 SET character_set_client = @saved_cs_client */;

--
-- Dumping data for table `usergroup`
--

LOCK TABLES `usergroup` WRITE;
/*!40000 ALTER TABLE `usergroup` DISABLE KEYS */;
INSERT INTO `usergroup` VALUES (1,'OWNER',1,1),(2,'MANAGER',1,1),(3,'ADMIN',1,0),(4,'KASIR',0,0);
/*!40000 ALTER TABLE `usergroup` ENABLE KEYS */;
UNLOCK TABLES;

--
-- Table structure for table `usergroupmenu`
--

DROP TABLE IF EXISTS `usergroupmenu`;
/*!40101 SET @saved_cs_client     = @@character_set_client */;
/*!40101 SET character_set_client = utf8 */;
CREATE TABLE `usergroupmenu` (
  `IDusergroup` int(11) NOT NULL,
  `IDmenu` int(11) NOT NULL,
  KEY `IDusergroup` (`IDusergroup`),
  KEY `IDmenu` (`IDmenu`),
  CONSTRAINT `usergroupmenu_fk` FOREIGN KEY (`IDusergroup`) REFERENCES `usergroup` (`IDusergroup`) ON DELETE CASCADE ON UPDATE CASCADE,
  CONSTRAINT `usergroupmenu_fk1` FOREIGN KEY (`IDmenu`) REFERENCES `menu` (`IDmenu`) ON DELETE CASCADE ON UPDATE CASCADE
) ENGINE=InnoDB DEFAULT CHARSET=latin1;
/*!40101 SET character_set_client = @saved_cs_client */;

--
-- Dumping data for table `usergroupmenu`
--

LOCK TABLES `usergroupmenu` WRITE;
/*!40000 ALTER TABLE `usergroupmenu` DISABLE KEYS */;
INSERT INTO `usergroupmenu` VALUES (1,1),(1,2),(1,3),(1,4),(1,5),(1,6),(1,7),(1,8),(1,9),(1,10),(1,11),(1,12),(1,13),(1,14),(1,16),(1,17),(1,18),(1,19),(1,20),(1,21),(1,22),(1,23),(1,24),(1,26),(1,27),(1,28),(1,29),(1,30),(1,31),(1,32),(1,33),(4,7),(4,8),(4,9),(4,19);
/*!40000 ALTER TABLE `usergroupmenu` ENABLE KEYS */;
UNLOCK TABLES;

--
-- Temporary table structure for view `v_buy`
--

DROP TABLE IF EXISTS `v_buy`;
/*!50001 DROP VIEW IF EXISTS `v_buy`*/;
SET @saved_cs_client     = @@character_set_client;
SET character_set_client = utf8;
/*!50001 CREATE TABLE `v_buy` (
  `tanggal` date,
  `faktur` varchar(50),
  `kode` varchar(20),
  `nama` varchar(100),
  `kategori` varchar(50),
  `merk` varchar(50),
  `seri` varchar(50),
  `harganondiskon` double(15,3),
  `diskon` float(9,3),
  `hargabeli` double(15,3),
  `quantity` double(15,3),
  `satuan` varchar(20)
) ENGINE=MyISAM */;
SET character_set_client = @saved_cs_client;

--
-- Table structure for table `wilayah`
--

DROP TABLE IF EXISTS `wilayah`;
/*!40101 SET @saved_cs_client     = @@character_set_client */;
/*!40101 SET character_set_client = utf8 */;
CREATE TABLE `wilayah` (
  `kodewilayah` varchar(2) NOT NULL DEFAULT '',
  `namawilayah` varchar(50) DEFAULT NULL,
  PRIMARY KEY (`kodewilayah`)
) ENGINE=InnoDB DEFAULT CHARSET=latin1 COMMENT='InnoDB free: 731136 kB';
/*!40101 SET character_set_client = @saved_cs_client */;

--
-- Dumping data for table `wilayah`
--

LOCK TABLES `wilayah` WRITE;
/*!40000 ALTER TABLE `wilayah` DISABLE KEYS */;
/*!40000 ALTER TABLE `wilayah` ENABLE KEYS */;
UNLOCK TABLES;

--
-- Dumping routines for database 'sparepart'
--
/*!50003 DROP FUNCTION IF EXISTS `f_happy_birthday` */;
/*!50003 SET @saved_cs_client      = @@character_set_client */ ;
/*!50003 SET @saved_cs_results     = @@character_set_results */ ;
/*!50003 SET @saved_col_connection = @@collation_connection */ ;
/*!50003 SET character_set_client  = latin1 */ ;
/*!50003 SET character_set_results = latin1 */ ;
/*!50003 SET collation_connection  = latin1_swedish_ci */ ;
/*!50003 SET @saved_sql_mode       = @@sql_mode */ ;
/*!50003 SET sql_mode              = 'STRICT_TRANS_TABLES,NO_AUTO_CREATE_USER,NO_ENGINE_SUBSTITUTION' */ ;
DELIMITER ;;
/*!50003 CREATE*/ /*!50020 DEFINER=`metabrain`@`%`*/ /*!50003 FUNCTION `f_happy_birthday`() RETURNS varchar(500) CHARSET latin1
BEGIN
  declare vnama VARCHAR(200);  
  declare vhasil VARCHAR(500);  
  
  begin
  declare c_emp cursor for (select nama from customer where month(tgllahir)=month(CURRENT_DATE) and dayofmonth(tgllahir)=dayofmonth(CURRENT_DATE)) union 
                           (select nama from sales where month(tgllahir)=month(CURRENT_DATE) and dayofmonth(tgllahir)=dayofmonth(CURRENT_DATE)) order by nama;
  declare exit handler for not found begin end;
  set vhasil = 'HAPPY BIRTHDAY TO ';
  open c_emp;
  loop
     fetch c_emp into vnama;
     set vhasil = concat(vhasil,' : ',vnama);
  end loop;
  close c_emp;
  end;
   
  if vhasil = 'HAPPY BIRTHDAY TO ' then set vhasil=''; end if;
  
  RETURN vhasil;
END */;;
DELIMITER ;
/*!50003 SET sql_mode              = @saved_sql_mode */ ;
/*!50003 SET character_set_client  = @saved_cs_client */ ;
/*!50003 SET character_set_results = @saved_cs_results */ ;
/*!50003 SET collation_connection  = @saved_col_connection */ ;
/*!50003 DROP FUNCTION IF EXISTS `getpembelianstock` */;
/*!50003 SET @saved_cs_client      = @@character_set_client */ ;
/*!50003 SET @saved_cs_results     = @@character_set_results */ ;
/*!50003 SET @saved_col_connection = @@collation_connection */ ;
/*!50003 SET character_set_client  = latin1 */ ;
/*!50003 SET character_set_results = latin1 */ ;
/*!50003 SET collation_connection  = latin1_swedish_ci */ ;
/*!50003 SET @saved_sql_mode       = @@sql_mode */ ;
/*!50003 SET sql_mode              = 'STRICT_TRANS_TABLES,NO_AUTO_CREATE_USER,NO_ENGINE_SUBSTITUTION' */ ;
DELIMITER ;;
/*!50003 CREATE*/ /*!50020 DEFINER=`metabrain`@`%`*/ /*!50003 FUNCTION `getpembelianstock`(vkodebrg VARCHAR(50), vkodegudang VARCHAR(10), vtglstart DATE, vtglend DATE) RETURNS double(15,3)
BEGIN
  declare qtytot DOUBLE(15,3);
  set qtytot = 0;
  select sum(qty) into qtytot from inventory where kodebrg = vkodebrg and kodegudang = vkodegudang and qty>0 and tgltrans between vtglstart and vtglend;
  if (qtytot is null) then set qtytot = 0; end if;
  RETURN qtytot;
END */;;
DELIMITER ;
/*!50003 SET sql_mode              = @saved_sql_mode */ ;
/*!50003 SET character_set_client  = @saved_cs_client */ ;
/*!50003 SET character_set_results = @saved_cs_results */ ;
/*!50003 SET collation_connection  = @saved_col_connection */ ;
/*!50003 DROP FUNCTION IF EXISTS `getpenjualanstock` */;
/*!50003 SET @saved_cs_client      = @@character_set_client */ ;
/*!50003 SET @saved_cs_results     = @@character_set_results */ ;
/*!50003 SET @saved_col_connection = @@collation_connection */ ;
/*!50003 SET character_set_client  = latin1 */ ;
/*!50003 SET character_set_results = latin1 */ ;
/*!50003 SET collation_connection  = latin1_swedish_ci */ ;
/*!50003 SET @saved_sql_mode       = @@sql_mode */ ;
/*!50003 SET sql_mode              = 'STRICT_TRANS_TABLES,NO_AUTO_CREATE_USER,NO_ENGINE_SUBSTITUTION' */ ;
DELIMITER ;;
/*!50003 CREATE*/ /*!50020 DEFINER=`metabrain`@`%`*/ /*!50003 FUNCTION `getpenjualanstock`(
        vkodebrg VARCHAR(50),
        vkodegudang VARCHAR(10),
        vtglstart DATE,
        vtglend DATE
    ) RETURNS double(15,3)
BEGIN
  declare qtytot DOUBLE(15,3);
  set qtytot = 0;

  select coalesce(sum(-1*qty),0) into qtytot from inventory where kodebrg = vkodebrg and kodegudang = vkodegudang and qty<0 and tgltrans between vtglstart and vtglend;
  if (qtytot is null) then set qtytot = 0; end if;

  RETURN qtytot;
END */;;
DELIMITER ;
/*!50003 SET sql_mode              = @saved_sql_mode */ ;
/*!50003 SET character_set_client  = @saved_cs_client */ ;
/*!50003 SET character_set_results = @saved_cs_results */ ;
/*!50003 SET collation_connection  = @saved_col_connection */ ;
/*!50003 DROP FUNCTION IF EXISTS `getQtysisaReturBeli` */;
/*!50003 SET @saved_cs_client      = @@character_set_client */ ;
/*!50003 SET @saved_cs_results     = @@character_set_results */ ;
/*!50003 SET @saved_col_connection = @@collation_connection */ ;
/*!50003 SET character_set_client  = latin1 */ ;
/*!50003 SET character_set_results = latin1 */ ;
/*!50003 SET collation_connection  = latin1_swedish_ci */ ;
/*!50003 SET @saved_sql_mode       = @@sql_mode */ ;
/*!50003 SET sql_mode              = 'STRICT_TRANS_TABLES,NO_AUTO_CREATE_USER,NO_ENGINE_SUBSTITUTION' */ ;
DELIMITER ;;
/*!50003 CREATE*/ /*!50020 DEFINER=`metabrain`@`%`*/ /*!50003 FUNCTION `getQtysisaReturBeli`(
        fakturno VARCHAR(50),
        kodebrg VARCHAR(20)
    ) RETURNS double(15,3)
BEGIN
 declare qtypcsbelitot,qtypcsreturtot,qtyresult double(15,3);
 
 select SUM(quantity) into qtypcsbelitot from buydetail where faktur=fakturno and kode=kodebrg;
 select SUM(d.qtyretur) into qtypcsreturtot from returbelidetail d 
 left join returbelimaster m on d.faktur=m.faktur  
 where m.fakturbeli=fakturno and d.kode=kodebrg and m.isposted=1;
 
 if (qtypcsbelitot is null) then set qtypcsbelitot=0; end if; 
 if (qtypcsreturtot is null) then set qtypcsreturtot=0; end if; 
 
 set qtyresult = qtypcsbelitot - qtypcsreturtot;
  
 return qtyresult;
END */;;
DELIMITER ;
/*!50003 SET sql_mode              = @saved_sql_mode */ ;
/*!50003 SET character_set_client  = @saved_cs_client */ ;
/*!50003 SET character_set_results = @saved_cs_results */ ;
/*!50003 SET collation_connection  = @saved_col_connection */ ;
/*!50003 DROP FUNCTION IF EXISTS `getQtysisaReturJual` */;
/*!50003 SET @saved_cs_client      = @@character_set_client */ ;
/*!50003 SET @saved_cs_results     = @@character_set_results */ ;
/*!50003 SET @saved_col_connection = @@collation_connection */ ;
/*!50003 SET character_set_client  = latin1 */ ;
/*!50003 SET character_set_results = latin1 */ ;
/*!50003 SET collation_connection  = latin1_swedish_ci */ ;
/*!50003 SET @saved_sql_mode       = @@sql_mode */ ;
/*!50003 SET sql_mode              = 'STRICT_TRANS_TABLES,NO_AUTO_CREATE_USER,NO_ENGINE_SUBSTITUTION' */ ;
DELIMITER ;;
/*!50003 CREATE*/ /*!50020 DEFINER=`metabrain`@`%`*/ /*!50003 FUNCTION `getQtysisaReturJual`(
        fakturno VARCHAR(50),
        kodebrg VARCHAR(20)
    ) RETURNS double(15,3)
BEGIN
 declare qtypcsjualtot,qtypcsreturtot,qtyresult double(15,3);
 
 select SUM(quantity) into qtypcsjualtot from selldetail where faktur=fakturno and kode=kodebrg;
 select SUM(d.qtyretur) into qtypcsreturtot from returjualdetail d 
 left join returjualmaster m on d.faktur=m.faktur  
 where m.fakturjual=fakturno and d.kode=kodebrg and m.isposted=1;
 
 if (qtypcsjualtot is null) then set qtypcsjualtot=0; end if; 
 if (qtypcsreturtot is null) then set qtypcsreturtot=0; end if; 
 
 set qtyresult = qtypcsjualtot - qtypcsreturtot;
  
 return qtyresult;
END */;;
DELIMITER ;
/*!50003 SET sql_mode              = @saved_sql_mode */ ;
/*!50003 SET character_set_client  = @saved_cs_client */ ;
/*!50003 SET character_set_results = @saved_cs_results */ ;
/*!50003 SET collation_connection  = @saved_col_connection */ ;
/*!50003 DROP FUNCTION IF EXISTS `getQtyStock` */;
/*!50003 SET @saved_cs_client      = @@character_set_client */ ;
/*!50003 SET @saved_cs_results     = @@character_set_results */ ;
/*!50003 SET @saved_col_connection = @@collation_connection */ ;
/*!50003 SET character_set_client  = latin1 */ ;
/*!50003 SET character_set_results = latin1 */ ;
/*!50003 SET collation_connection  = latin1_swedish_ci */ ;
/*!50003 SET @saved_sql_mode       = @@sql_mode */ ;
/*!50003 SET sql_mode              = 'STRICT_TRANS_TABLES,NO_AUTO_CREATE_USER,NO_ENGINE_SUBSTITUTION' */ ;
DELIMITER ;;
/*!50003 CREATE*/ /*!50020 DEFINER=`metabrain`@`%`*/ /*!50003 FUNCTION `getQtyStock`(vkodebrg VARCHAR(50), vkodegudang VARCHAR(10)) RETURNS double(15,3)
BEGIN
  declare qtytot double(15,3);
  set qtytot = 0;
  select sum(qty) into qtytot from inventory where kodebrg = vkodebrg and kodegudang = vkodegudang;
  if (qtytot is null) then set qtytot = 0; end if;
  RETURN qtytot;
END */;;
DELIMITER ;
/*!50003 SET sql_mode              = @saved_sql_mode */ ;
/*!50003 SET character_set_client  = @saved_cs_client */ ;
/*!50003 SET character_set_results = @saved_cs_results */ ;
/*!50003 SET collation_connection  = @saved_col_connection */ ;
/*!50003 DROP FUNCTION IF EXISTS `getsaldostock` */;
/*!50003 SET @saved_cs_client      = @@character_set_client */ ;
/*!50003 SET @saved_cs_results     = @@character_set_results */ ;
/*!50003 SET @saved_col_connection = @@collation_connection */ ;
/*!50003 SET character_set_client  = latin1 */ ;
/*!50003 SET character_set_results = latin1 */ ;
/*!50003 SET collation_connection  = latin1_swedish_ci */ ;
/*!50003 SET @saved_sql_mode       = @@sql_mode */ ;
/*!50003 SET sql_mode              = 'STRICT_TRANS_TABLES,NO_AUTO_CREATE_USER,NO_ENGINE_SUBSTITUTION' */ ;
DELIMITER ;;
/*!50003 CREATE*/ /*!50020 DEFINER=`metabrain`@`%`*/ /*!50003 FUNCTION `getsaldostock`(vkodebrg VARCHAR(50), vkodegudang VARCHAR(10), vtgl DATE) RETURNS double(15,3)
BEGIN
  declare qtytot DOUBLE(15,3);
  set qtytot = 0;
  select sum(qty) into qtytot from inventory where kodebrg = vkodebrg and kodegudang = vkodegudang and tgltrans<=vtgl;
  if (qtytot is null) then set qtytot = 0; end if;
  RETURN qtytot;
END */;;
DELIMITER ;
/*!50003 SET sql_mode              = @saved_sql_mode */ ;
/*!50003 SET character_set_client  = @saved_cs_client */ ;
/*!50003 SET character_set_results = @saved_cs_results */ ;
/*!50003 SET collation_connection  = @saved_col_connection */ ;
/*!50003 DROP PROCEDURE IF EXISTS `cleardata` */;
/*!50003 SET @saved_cs_client      = @@character_set_client */ ;
/*!50003 SET @saved_cs_results     = @@character_set_results */ ;
/*!50003 SET @saved_col_connection = @@collation_connection */ ;
/*!50003 SET character_set_client  = latin1 */ ;
/*!50003 SET character_set_results = latin1 */ ;
/*!50003 SET collation_connection  = latin1_swedish_ci */ ;
/*!50003 SET @saved_sql_mode       = @@sql_mode */ ;
/*!50003 SET sql_mode              = 'STRICT_TRANS_TABLES,NO_AUTO_CREATE_USER,NO_ENGINE_SUBSTITUTION' */ ;
DELIMITER ;;
/*!50003 CREATE*/ /*!50020 DEFINER=`metabrain`@`%`*/ /*!50003 PROCEDURE `cleardata`()
BEGIN
SET FOREIGN_KEY_CHECKS=0;

 truncate adjustdetail;
 truncate adjustmaster;
 truncate buydetail;
 truncate buymaster;

 truncate buypayment;
 truncate buypaymentbg;

 truncate inventory;
 truncate inventoryimp;
 truncate productgudang;
 truncate product;
 
 truncate jasa;
 truncate loginfo;
 truncate operasional;
 
 truncate  returbelidetail;
 truncate  returbelimaster;
 truncate  returjualdetail;
 truncate  returjualmaster;
 truncate  rusakdetail;
 truncate rusakmaster;
 truncate selldetail;
 truncate sellmaster;
 truncate sellpaymentbg; 
 truncate sellpayment;

END */;;
DELIMITER ;
/*!50003 SET sql_mode              = @saved_sql_mode */ ;
/*!50003 SET character_set_client  = @saved_cs_client */ ;
/*!50003 SET character_set_results = @saved_cs_results */ ;
/*!50003 SET collation_connection  = @saved_col_connection */ ;
/*!50003 DROP PROCEDURE IF EXISTS `p_canceladjust` */;
/*!50003 SET @saved_cs_client      = @@character_set_client */ ;
/*!50003 SET @saved_cs_results     = @@character_set_results */ ;
/*!50003 SET @saved_col_connection = @@collation_connection */ ;
/*!50003 SET character_set_client  = latin1 */ ;
/*!50003 SET character_set_results = latin1 */ ;
/*!50003 SET collation_connection  = latin1_swedish_ci */ ;
/*!50003 SET @saved_sql_mode       = @@sql_mode */ ;
/*!50003 SET sql_mode              = 'STRICT_TRANS_TABLES,NO_AUTO_CREATE_USER,NO_ENGINE_SUBSTITUTION' */ ;
DELIMITER ;;
/*!50003 CREATE*/ /*!50020 DEFINER=`metabrain`@`%`*/ /*!50003 PROCEDURE `p_canceladjust`(IN vfaktur VARCHAR(50))
BEGIN
 delete from sparepart.operasional where faktur=vfaktur and upper(kategori)='ADJUSTMENT';
 delete from sparepart.inventory where faktur=vfaktur and upper(typetrans)='ADJUSTMENT';
 delete from sparepart.adjustdetail where faktur=vfaktur;
 delete from sparepart.adjustmaster where faktur=vfaktur;
END */;;
DELIMITER ;
/*!50003 SET sql_mode              = @saved_sql_mode */ ;
/*!50003 SET character_set_client  = @saved_cs_client */ ;
/*!50003 SET character_set_results = @saved_cs_results */ ;
/*!50003 SET collation_connection  = @saved_col_connection */ ;
/*!50003 DROP PROCEDURE IF EXISTS `p_cancelbuy` */;
/*!50003 SET @saved_cs_client      = @@character_set_client */ ;
/*!50003 SET @saved_cs_results     = @@character_set_results */ ;
/*!50003 SET @saved_col_connection = @@collation_connection */ ;
/*!50003 SET character_set_client  = latin1 */ ;
/*!50003 SET character_set_results = latin1 */ ;
/*!50003 SET collation_connection  = latin1_swedish_ci */ ;
/*!50003 SET @saved_sql_mode       = @@sql_mode */ ;
/*!50003 SET sql_mode              = 'STRICT_TRANS_TABLES,NO_AUTO_CREATE_USER,NO_ENGINE_SUBSTITUTION' */ ;
DELIMITER ;;
/*!50003 CREATE*/ /*!50020 DEFINER=`metabrain`@`%`*/ /*!50003 PROCEDURE `p_cancelbuy`(IN vfaktur VARCHAR(50))
BEGIN
 delete from sparepart.operasional where faktur=vfaktur and upper(kategori)='PEMBELIAN';
 delete from sparepart.inventory where faktur=vfaktur and upper(typetrans)='PEMBELIAN';
 delete from sparepart.buydetail where faktur=vfaktur;
 delete from sparepart.buymaster where faktur=vfaktur;
END */;;
DELIMITER ;
/*!50003 SET sql_mode              = @saved_sql_mode */ ;
/*!50003 SET character_set_client  = @saved_cs_client */ ;
/*!50003 SET character_set_results = @saved_cs_results */ ;
/*!50003 SET collation_connection  = @saved_col_connection */ ;
/*!50003 DROP PROCEDURE IF EXISTS `p_cancelfaktur` */;
/*!50003 SET @saved_cs_client      = @@character_set_client */ ;
/*!50003 SET @saved_cs_results     = @@character_set_results */ ;
/*!50003 SET @saved_col_connection = @@collation_connection */ ;
/*!50003 SET character_set_client  = latin1 */ ;
/*!50003 SET character_set_results = latin1 */ ;
/*!50003 SET collation_connection  = latin1_swedish_ci */ ;
/*!50003 SET @saved_sql_mode       = @@sql_mode */ ;
/*!50003 SET sql_mode              = 'STRICT_TRANS_TABLES,NO_AUTO_CREATE_USER,NO_ENGINE_SUBSTITUTION' */ ;
DELIMITER ;;
/*!50003 CREATE*/ /*!50020 DEFINER=`metabrain`@`%`*/ /*!50003 PROCEDURE `p_cancelfaktur`(IN vfaktur VARCHAR(50))
BEGIN
 delete from sparepart.operasional where faktur=vfaktur and upper(kategori)='PENJUALAN';
 delete from sparepart.inventory where faktur=vfaktur and upper(typetrans)='PENJUALAN';
 delete from sparepart.selldetail where faktur=vfaktur;
 delete from sparepart.sellmaster where faktur=vfaktur;
END */;;
DELIMITER ;
/*!50003 SET sql_mode              = @saved_sql_mode */ ;
/*!50003 SET character_set_client  = @saved_cs_client */ ;
/*!50003 SET character_set_results = @saved_cs_results */ ;
/*!50003 SET collation_connection  = @saved_col_connection */ ;
/*!50003 DROP PROCEDURE IF EXISTS `p_cancelpindahgudang` */;
/*!50003 SET @saved_cs_client      = @@character_set_client */ ;
/*!50003 SET @saved_cs_results     = @@character_set_results */ ;
/*!50003 SET @saved_col_connection = @@collation_connection */ ;
/*!50003 SET character_set_client  = latin1 */ ;
/*!50003 SET character_set_results = latin1 */ ;
/*!50003 SET collation_connection  = latin1_swedish_ci */ ;
/*!50003 SET @saved_sql_mode       = @@sql_mode */ ;
/*!50003 SET sql_mode              = 'STRICT_TRANS_TABLES,NO_AUTO_CREATE_USER,NO_ENGINE_SUBSTITUTION' */ ;
DELIMITER ;;
/*!50003 CREATE*/ /*!50020 DEFINER=`metabrain`@`%`*/ /*!50003 PROCEDURE `p_cancelpindahgudang`(IN vfaktur VARCHAR(50))
BEGIN
 delete from sparepart.inventory where faktur=vfaktur and upper(typetrans)='PINDAH GUDANG';
 delete from sparepart.pindahgudangdet where IDpindahgudang=(select IDpindahgudang from pindahgudang where docno = vfaktur);
 delete from sparepart.pindahgudang where docno=vfaktur;
END */;;
DELIMITER ;
/*!50003 SET sql_mode              = @saved_sql_mode */ ;
/*!50003 SET character_set_client  = @saved_cs_client */ ;
/*!50003 SET character_set_results = @saved_cs_results */ ;
/*!50003 SET collation_connection  = @saved_col_connection */ ;
/*!50003 DROP PROCEDURE IF EXISTS `p_cancelpo` */;
/*!50003 SET @saved_cs_client      = @@character_set_client */ ;
/*!50003 SET @saved_cs_results     = @@character_set_results */ ;
/*!50003 SET @saved_col_connection = @@collation_connection */ ;
/*!50003 SET character_set_client  = latin1 */ ;
/*!50003 SET character_set_results = latin1 */ ;
/*!50003 SET collation_connection  = latin1_swedish_ci */ ;
/*!50003 SET @saved_sql_mode       = @@sql_mode */ ;
/*!50003 SET sql_mode              = 'STRICT_TRANS_TABLES,NO_AUTO_CREATE_USER,NO_ENGINE_SUBSTITUTION' */ ;
DELIMITER ;;
/*!50003 CREATE*/ /*!50020 DEFINER=`metabrain`@`%`*/ /*!50003 PROCEDURE `p_cancelpo`(IN vfaktur VARCHAR(50))
BEGIN
 delete from sparepart.purchaseorderdet where IDpurchaseorder=(select IDpurchaseorder from purchaseorder where pono = vfaktur);
 delete from sparepart.purchaseorder where pono=vfaktur;
END */;;
DELIMITER ;
/*!50003 SET sql_mode              = @saved_sql_mode */ ;
/*!50003 SET character_set_client  = @saved_cs_client */ ;
/*!50003 SET character_set_results = @saved_cs_results */ ;
/*!50003 SET collation_connection  = @saved_col_connection */ ;
/*!50003 DROP PROCEDURE IF EXISTS `p_cancelpromodiskon` */;
/*!50003 SET @saved_cs_client      = @@character_set_client */ ;
/*!50003 SET @saved_cs_results     = @@character_set_results */ ;
/*!50003 SET @saved_col_connection = @@collation_connection */ ;
/*!50003 SET character_set_client  = latin1 */ ;
/*!50003 SET character_set_results = latin1 */ ;
/*!50003 SET collation_connection  = latin1_swedish_ci */ ;
/*!50003 SET @saved_sql_mode       = @@sql_mode */ ;
/*!50003 SET sql_mode              = 'STRICT_TRANS_TABLES,NO_AUTO_CREATE_USER,NO_ENGINE_SUBSTITUTION' */ ;
DELIMITER ;;
/*!50003 CREATE*/ /*!50020 DEFINER=`metabrain`@`%`*/ /*!50003 PROCEDURE `p_cancelpromodiskon`(IN vfaktur VARCHAR(50))
BEGIN
 delete from sparepart.diskondet where IDdiskon=(select IDdiskon from diskon where docno = vfaktur);
 delete from sparepart.diskon where docno=vfaktur;
END */;;
DELIMITER ;
/*!50003 SET sql_mode              = @saved_sql_mode */ ;
/*!50003 SET character_set_client  = @saved_cs_client */ ;
/*!50003 SET character_set_results = @saved_cs_results */ ;
/*!50003 SET collation_connection  = @saved_col_connection */ ;
/*!50003 DROP PROCEDURE IF EXISTS `p_cancelretur` */;
/*!50003 SET @saved_cs_client      = @@character_set_client */ ;
/*!50003 SET @saved_cs_results     = @@character_set_results */ ;
/*!50003 SET @saved_col_connection = @@collation_connection */ ;
/*!50003 SET character_set_client  = latin1 */ ;
/*!50003 SET character_set_results = latin1 */ ;
/*!50003 SET collation_connection  = latin1_swedish_ci */ ;
/*!50003 SET @saved_sql_mode       = @@sql_mode */ ;
/*!50003 SET sql_mode              = 'STRICT_TRANS_TABLES,NO_AUTO_CREATE_USER,NO_ENGINE_SUBSTITUTION' */ ;
DELIMITER ;;
/*!50003 CREATE*/ /*!50020 DEFINER=`metabrain`@`%`*/ /*!50003 PROCEDURE `p_cancelretur`(IN vfaktur VARCHAR(50))
BEGIN
 delete from sparepart.operasional where faktur=vfaktur and upper(kategori)='RETUR PENJUALAN TUNAI';
 delete from sparepart.inventory where faktur=vfaktur and trim(typetrans)='retur penjualan';
 delete from sparepart.returjualdetail where faktur=vfaktur;
 delete from sparepart.returjualmaster where faktur=vfaktur;
END */;;
DELIMITER ;
/*!50003 SET sql_mode              = @saved_sql_mode */ ;
/*!50003 SET character_set_client  = @saved_cs_client */ ;
/*!50003 SET character_set_results = @saved_cs_results */ ;
/*!50003 SET collation_connection  = @saved_col_connection */ ;
/*!50003 DROP PROCEDURE IF EXISTS `p_cancelreturbeli` */;
/*!50003 SET @saved_cs_client      = @@character_set_client */ ;
/*!50003 SET @saved_cs_results     = @@character_set_results */ ;
/*!50003 SET @saved_col_connection = @@collation_connection */ ;
/*!50003 SET character_set_client  = latin1 */ ;
/*!50003 SET character_set_results = latin1 */ ;
/*!50003 SET collation_connection  = latin1_swedish_ci */ ;
/*!50003 SET @saved_sql_mode       = @@sql_mode */ ;
/*!50003 SET sql_mode              = 'STRICT_TRANS_TABLES,NO_AUTO_CREATE_USER,NO_ENGINE_SUBSTITUTION' */ ;
DELIMITER ;;
/*!50003 CREATE*/ /*!50020 DEFINER=`metabrain`@`%`*/ /*!50003 PROCEDURE `p_cancelreturbeli`(IN vfaktur VARCHAR(50))
BEGIN
 delete from sparepart.operasional where faktur=vfaktur and upper(kategori)='RETUR PEMBELIAN TUNAI';
 delete from sparepart.inventory where faktur=vfaktur and trim(typetrans)='retur pembelian';
 delete from sparepart.returbelidetail where faktur=vfaktur;
 delete from sparepart.returbelimaster where faktur=vfaktur;
END */;;
DELIMITER ;
/*!50003 SET sql_mode              = @saved_sql_mode */ ;
/*!50003 SET character_set_client  = @saved_cs_client */ ;
/*!50003 SET character_set_results = @saved_cs_results */ ;
/*!50003 SET collation_connection  = @saved_col_connection */ ;
/*!50003 DROP PROCEDURE IF EXISTS `p_cancelterimagudang` */;
/*!50003 SET @saved_cs_client      = @@character_set_client */ ;
/*!50003 SET @saved_cs_results     = @@character_set_results */ ;
/*!50003 SET @saved_col_connection = @@collation_connection */ ;
/*!50003 SET character_set_client  = latin1 */ ;
/*!50003 SET character_set_results = latin1 */ ;
/*!50003 SET collation_connection  = latin1_swedish_ci */ ;
/*!50003 SET @saved_sql_mode       = @@sql_mode */ ;
/*!50003 SET sql_mode              = 'STRICT_TRANS_TABLES,NO_AUTO_CREATE_USER,NO_ENGINE_SUBSTITUTION' */ ;
DELIMITER ;;
/*!50003 CREATE*/ /*!50020 DEFINER=`metabrain`@`%`*/ /*!50003 PROCEDURE `p_cancelterimagudang`(IN vfaktur VARCHAR(50))
BEGIN
 delete from sparepart.inventory where faktur=vfaktur and upper(typetrans)='TERIMA GUDANG';
 delete from sparepart.terimagudangdet where IDterimagudang=(select IDterimagudang from terimagudang where docno = vfaktur);
 delete from sparepart.terimagudang where docno=vfaktur;
END */;;
DELIMITER ;
/*!50003 SET sql_mode              = @saved_sql_mode */ ;
/*!50003 SET character_set_client  = @saved_cs_client */ ;
/*!50003 SET character_set_results = @saved_cs_results */ ;
/*!50003 SET collation_connection  = @saved_col_connection */ ;
/*!50003 DROP PROCEDURE IF EXISTS `p_cancelubahharga` */;
/*!50003 SET @saved_cs_client      = @@character_set_client */ ;
/*!50003 SET @saved_cs_results     = @@character_set_results */ ;
/*!50003 SET @saved_col_connection = @@collation_connection */ ;
/*!50003 SET character_set_client  = latin1 */ ;
/*!50003 SET character_set_results = latin1 */ ;
/*!50003 SET collation_connection  = latin1_swedish_ci */ ;
/*!50003 SET @saved_sql_mode       = @@sql_mode */ ;
/*!50003 SET sql_mode              = 'STRICT_TRANS_TABLES,NO_AUTO_CREATE_USER,NO_ENGINE_SUBSTITUTION' */ ;
DELIMITER ;;
/*!50003 CREATE*/ /*!50020 DEFINER=`metabrain`@`%`*/ /*!50003 PROCEDURE `p_cancelubahharga`(IN vfaktur VARCHAR(50))
BEGIN
 delete from sparepart.ubahhargadet where IDubahharga=(select IDubahharga from ubahharga where docno = vfaktur);
 delete from sparepart.ubahharga where docno=vfaktur;
END */;;
DELIMITER ;
/*!50003 SET sql_mode              = @saved_sql_mode */ ;
/*!50003 SET character_set_client  = @saved_cs_client */ ;
/*!50003 SET character_set_results = @saved_cs_results */ ;
/*!50003 SET collation_connection  = @saved_col_connection */ ;

--
-- Final view structure for view `v_buy`
--

/*!50001 DROP TABLE IF EXISTS `v_buy`*/;
/*!50001 DROP VIEW IF EXISTS `v_buy`*/;
/*!50001 SET @saved_cs_client          = @@character_set_client */;
/*!50001 SET @saved_cs_results         = @@character_set_results */;
/*!50001 SET @saved_col_connection     = @@collation_connection */;
/*!50001 SET character_set_client      = latin1 */;
/*!50001 SET character_set_results     = latin1 */;
/*!50001 SET collation_connection      = latin1_swedish_ci */;
/*!50001 CREATE ALGORITHM=UNDEFINED */
/*!50013 DEFINER=`metabrain`@`%` SQL SECURITY DEFINER */
/*!50001 VIEW `v_buy` AS select `a`.`tanggal` AS `tanggal`,`b`.`faktur` AS `faktur`,`b`.`kode` AS `kode`,`b`.`nama` AS `nama`,`b`.`kategori` AS `kategori`,`b`.`merk` AS `merk`,`b`.`seri` AS `seri`,`b`.`harganondiskon` AS `harganondiskon`,`b`.`diskon` AS `diskon`,`b`.`hargabeli` AS `hargabeli`,`b`.`quantity` AS `quantity`,`b`.`satuan` AS `satuan` from (`buydetail` `b` left join `buymaster` `a` on((`b`.`faktur` = `a`.`faktur`))) */;
/*!50001 SET character_set_client      = @saved_cs_client */;
/*!50001 SET character_set_results     = @saved_cs_results */;
/*!50001 SET collation_connection      = @saved_col_connection */;
/*!40103 SET TIME_ZONE=@OLD_TIME_ZONE */;

/*!40101 SET SQL_MODE=@OLD_SQL_MODE */;
/*!40014 SET FOREIGN_KEY_CHECKS=@OLD_FOREIGN_KEY_CHECKS */;
/*!40014 SET UNIQUE_CHECKS=@OLD_UNIQUE_CHECKS */;
/*!40101 SET CHARACTER_SET_CLIENT=@OLD_CHARACTER_SET_CLIENT */;
/*!40101 SET CHARACTER_SET_RESULTS=@OLD_CHARACTER_SET_RESULTS */;
/*!40101 SET COLLATION_CONNECTION=@OLD_COLLATION_CONNECTION */;
/*!40111 SET SQL_NOTES=@OLD_SQL_NOTES */;

-- Dump completed on 2018-09-03 12:54:27
